数据月份,订单日期,年份,月份,日,经销商,店铺,商品编码,商品名称,产品名称,产品大类,数量,GMV,含税进货价,省,市,区县
2月,2026-02-01,2026,2,1,家凯拼多多,太太乐旗舰店,9126682,A01三鲜鸡精40x180克(二维码),太太乐三鲜鸡精调味料40×180g（二维码）,三鲜鸡精,2.0,13.531,7.8,上海,上海市,宝山区
2月,2026-02-01,2026,2,1,家凯拼多多,太太乐TOTOLE调味旗舰店,9126682,A01三鲜鸡精40x180克(二维码),太太乐三鲜鸡精调味料40×180g（二维码）,三鲜鸡精,1.0,10.9,7.8,上海,上海市,宝山区
2月,2026-02-01,2026,2,1,家凯拼多多,太太乐TOTOLE调味旗舰店,9126682,A01三鲜鸡精40x180克(二维码),太太乐三鲜鸡精调味料40×180g（二维码）,三鲜鸡精,1.0,10.9,7.8,上海,上海市,浦东新区
2月,2026-02-01,2026,2,1,家凯拼多多,太太乐TOTOLE调味旗舰店,9126682,A01三鲜鸡精40x180克(二维码),太太乐三鲜鸡精调味料40×180g（二维码）,三鲜鸡精,2.0,15.12,7.8,上海,上海市,闵行区
2月,2026-02-01,2026,2,1,家凯拼多多,太太乐TOTOLE调味旗舰店,9126682,A01三鲜鸡精40x180克(二维码),太太乐三鲜鸡精调味料40×180g（二维码）,三鲜鸡精,3.0,26.9001,7.8,北京,北京市,丰台区
2月,2026-02-01,2026,2,1,家凯拼多多,太太乐TOTOLE调味旗舰店,9126682,A01三鲜鸡精40x180克(二维码),太太乐三鲜鸡精调味料40×180g（二维码）,三鲜鸡精,5.0,38.86,7.8,四川省,南充市,阆中市
2月,2026-02-01,2026,2,1,家凯拼多多,太太乐家凯专卖店,9126682,A01三鲜鸡精40x180克(二维码),太太乐三鲜鸡精调味料40×180g（二维码）,三鲜鸡精,40.0,286.0,7.8,安徽省,芜湖市,鸠江区
2月,2026-02-01,2026,2,1,家凯拼多多,太太乐旗舰店,9126682,A01三鲜鸡精40x180克(二维码),太太乐三鲜鸡精调味料40×180g（二维码）,三鲜鸡精,1.0,3.27,7.8,安徽省,阜阳市,太和县
2月,2026-02-01,2026,2,1,家凯拼多多,太太乐旗舰店,9126682,A01三鲜鸡精40x180克(二维码),太太乐三鲜鸡精调味料40×180g（二维码）,三鲜鸡精,2.0,16.2676,7.8,广东省,中山市,西区街道
2月,2026-02-01,2026,2,1,家凯拼多多,太太乐家凯调味品专卖店,9126682,A01三鲜鸡精40x180克(二维码),太太乐三鲜鸡精调味料40×180g（二维码）,三鲜鸡精,40.0,256.0,7.8,广东省,汕头市,潮阳区
2月,2026-02-01,2026,2,1,家凯拼多多,太太乐旗舰店,9126682,A01三鲜鸡精40x180克(二维码),太太乐三鲜鸡精调味料40×180g（二维码）,三鲜鸡精,3.0,22.02,7.8,广东省,深圳市,罗湖区
2月,2026-02-01,2026,2,1,家凯拼多多,太太乐TOTOLE调味旗舰店,9126682,A01三鲜鸡精40x180克(二维码),太太乐三鲜鸡精调味料40×180g（二维码）,三鲜鸡精,1.0,10.9,7.8,广东省,深圳市,龙岗区
2月,2026-02-01,2026,2,1,家凯拼多多,太太乐旗舰店,9126682,A01三鲜鸡精40x180克(二维码),太太乐三鲜鸡精调味料40×180g（二维码）,三鲜鸡精,3.0,23.7306,7.8,广西壮族自治区,贵港市,港北区
2月,2026-02-01,2026,2,1,家凯拼多多,太太乐TOTOLE调味旗舰店,9126682,A01三鲜鸡精40x180克(二维码),太太乐三鲜鸡精调味料40×180g（二维码）,三鲜鸡精,2.0,18.9,7.8,江苏省,南京市,鼓楼区
2月,2026-02-01,2026,2,1,家凯拼多多,太太乐旗舰店,9126682,A01三鲜鸡精40x180克(二维码),太太乐三鲜鸡精调味料40×180g（二维码）,三鲜鸡精,3.0,17.8011,7.8,江苏省,宿迁市,沭阳县
2月,2026-02-01,2026,2,1,家凯拼多多,太太乐旗舰店,9126682,A01三鲜鸡精40x180克(二维码),太太乐三鲜鸡精调味料40×180g（二维码）,三鲜鸡精,6.0,32.8986,7.8,江苏省,盐城市,东台市
2月,2026-02-01,2026,2,1,家凯拼多多,太太乐TOTOLE调味旗舰店,9126682,A01三鲜鸡精40x180克(二维码),太太乐三鲜鸡精调味料40×180g（二维码）,三鲜鸡精,3.0,26.9001,7.8,江苏省,苏州市,昆山市
2月,2026-02-01,2026,2,1,家凯拼多多,太太乐家凯专卖店,9126682,A01三鲜鸡精40x180克(二维码),太太乐三鲜鸡精调味料40×180g（二维码）,三鲜鸡精,15.0,109.9995,7.8,江西省,九江市,濂溪区
2月,2026-02-01,2026,2,1,家凯拼多多,太太乐家凯专卖店,9126682,A01三鲜鸡精40x180克(二维码),太太乐三鲜鸡精调味料40×180g（二维码）,三鲜鸡精,15.0,103.0005,7.8,江西省,九江市,都昌县
2月,2026-02-01,2026,2,1,家凯拼多多,太太乐旗舰店,9126682,A01三鲜鸡精40x180克(二维码),太太乐三鲜鸡精调味料40×180g（二维码）,三鲜鸡精,2.0,12.8436,7.8,江西省,抚州市,临川区
2月,2026-02-01,2026,2,1,家凯拼多多,太太乐家凯调味品专卖店,9126682,A01三鲜鸡精40x180克(二维码),太太乐三鲜鸡精调味料40×180g（二维码）,三鲜鸡精,15.0,109.9995,7.8,江西省,景德镇市,浮梁县
2月,2026-02-01,2026,2,1,家凯拼多多,太太乐家凯专卖店,9126682,A01三鲜鸡精40x180克(二维码),太太乐三鲜鸡精调味料40×180g（二维码）,三鲜鸡精,15.0,109.9995,7.8,江西省,赣州市,定南县
2月,2026-02-01,2026,2,1,家凯拼多多,太太乐家凯调味品专卖店,9126682,A01三鲜鸡精40x180克(二维码),太太乐三鲜鸡精调味料40×180g（二维码）,三鲜鸡精,40.0,286.0,7.8,江西省,赣州市,瑞金市
2月,2026-02-01,2026,2,1,家凯拼多多,太太乐旗舰店,9126682,A01三鲜鸡精40x180克(二维码),太太乐三鲜鸡精调味料40×180g（二维码）,三鲜鸡精,3.0,23.7306,7.8,河北省,沧州市,沧县
2月,2026-02-01,2026,2,1,家凯拼多多,太太乐家凯专卖店,9126682,A01三鲜鸡精40x180克(二维码),太太乐三鲜鸡精调味料40×180g（二维码）,三鲜鸡精,40.0,286.0,7.8,河南省,南阳市,淅川县
2月,2026-02-01,2026,2,1,家凯拼多多,太太乐旗舰店,9126682,A01三鲜鸡精40x180克(二维码),太太乐三鲜鸡精调味料40×180g（二维码）,三鲜鸡精,2.0,13.531,7.8,河南省,周口市,郸城县
2月,2026-02-01,2026,2,1,家凯拼多多,太太乐家凯调味品专卖店,9126682,A01三鲜鸡精40x180克(二维码),太太乐三鲜鸡精调味料40×180g（二维码）,三鲜鸡精,40.0,286.0,7.8,河南省,商丘市,永城市
2月,2026-02-01,2026,2,1,家凯拼多多,太太乐旗舰店,9126682,A01三鲜鸡精40x180克(二维码),太太乐三鲜鸡精调味料40×180g（二维码）,三鲜鸡精,4.0,33.9036,7.8,浙江省,台州市,温岭市
2月,2026-02-01,2026,2,1,家凯拼多多,太太乐旗舰店,9126682,A01三鲜鸡精40x180克(二维码),太太乐三鲜鸡精调味料40×180g（二维码）,三鲜鸡精,3.0,25.6401,7.8,浙江省,嘉兴市,秀洲区
2月,2026-02-01,2026,2,1,家凯拼多多,太太乐TOTOLE调味旗舰店,9126682,A01三鲜鸡精40x180克(二维码),太太乐三鲜鸡精调味料40×180g（二维码）,三鲜鸡精,1.0,10.9,7.8,浙江省,宁波市,余姚市
2月,2026-02-01,2026,2,1,家凯拼多多,太太乐旗舰店,9126682,A01三鲜鸡精40x180克(二维码),太太乐三鲜鸡精调味料40×180g（二维码）,三鲜鸡精,2.0,14.3838,7.8,浙江省,宁波市,慈溪市
2月,2026-02-01,2026,2,1,家凯拼多多,太太乐家凯调味品专卖店,9126682,A01三鲜鸡精40x180克(二维码),太太乐三鲜鸡精调味料40×180g（二维码）,三鲜鸡精,40.0,286.0,7.8,浙江省,宁波市,鄞州区
2月,2026-02-01,2026,2,1,家凯拼多多,太太乐TOTOLE调味旗舰店,9126682,A01三鲜鸡精40x180克(二维码),太太乐三鲜鸡精调味料40×180g（二维码）,三鲜鸡精,2.0,18.9,7.8,浙江省,杭州市,萧山区
2月,2026-02-01,2026,2,1,家凯拼多多,太太乐家凯调味品专卖店,9126682,A01三鲜鸡精40x180克(二维码),太太乐三鲜鸡精调味料40×180g（二维码）,三鲜鸡精,15.0,85.8,7.8,浙江省,温州市,瑞安市
2月,2026-02-01,2026,2,1,家凯拼多多,太太乐旗舰店,9126682,A01三鲜鸡精40x180克(二维码),太太乐三鲜鸡精调味料40×180g（二维码）,三鲜鸡精,2.0,13.531,7.8,浙江省,温州市,瓯海区
2月,2026-02-01,2026,2,1,家凯拼多多,太太乐家凯专卖店,9126682,A01三鲜鸡精40x180克(二维码),太太乐三鲜鸡精调味料40×180g（二维码）,三鲜鸡精,15.0,109.9995,7.8,浙江省,湖州市,吴兴区
2月,2026-02-01,2026,2,1,家凯拼多多,太太乐TOTOLE调味旗舰店,9126682,A01三鲜鸡精40x180克(二维码),太太乐三鲜鸡精调味料40×180g（二维码）,三鲜鸡精,1.0,10.9,7.8,海南省,儋州市,白马井镇
2月,2026-02-01,2026,2,1,家凯拼多多,太太乐家凯调味品专卖店,9126682,A01三鲜鸡精40x180克(二维码),太太乐三鲜鸡精调味料40×180g（二维码）,三鲜鸡精,40.0,286.0,7.8,海南省,海口市,美兰区
2月,2026-02-01,2026,2,1,家凯拼多多,太太乐家凯专卖店,9126682,A01三鲜鸡精40x180克(二维码),太太乐三鲜鸡精调味料40×180g（二维码）,三鲜鸡精,40.0,272.0,7.8,海南省,省直辖县级行政区划,保亭黎族苗族自治县
2月,2026-02-01,2026,2,1,家凯拼多多,太太乐家凯调味品专卖店,9126682,A01三鲜鸡精40x180克(二维码),太太乐三鲜鸡精调味料40×180g（二维码）,三鲜鸡精,40.0,286.0,7.8,湖北省,咸宁市,通山县
2月,2026-02-01,2026,2,1,家凯拼多多,太太乐旗舰店,9126682,A01三鲜鸡精40x180克(二维码),太太乐三鲜鸡精调味料40×180g（二维码）,三鲜鸡精,1.0,9.27,7.8,湖北省,宜昌市,西陵区
2月,2026-02-01,2026,2,1,家凯拼多多,太太乐家凯调味品专卖店,9126682,A01三鲜鸡精40x180克(二维码),太太乐三鲜鸡精调味料40×180g（二维码）,三鲜鸡精,40.0,286.0,7.8,湖北省,武汉市,汉阳区
2月,2026-02-01,2026,2,1,家凯拼多多,太太乐旗舰店,9126682,A01三鲜鸡精40x180克(二维码),太太乐三鲜鸡精调味料40×180g（二维码）,三鲜鸡精,2.0,11.9842,7.8,湖南省,娄底市,娄星区
2月,2026-02-01,2026,2,1,家凯拼多多,太太乐旗舰店,9126682,A01三鲜鸡精40x180克(二维码),太太乐三鲜鸡精调味料40×180g（二维码）,三鲜鸡精,3.0,23.7306,7.8,湖南省,岳阳市,汨罗市
2月,2026-02-01,2026,2,1,家凯拼多多,太太乐家凯专卖店,9126682,A01三鲜鸡精40x180克(二维码),太太乐三鲜鸡精调味料40×180g（二维码）,三鲜鸡精,15.0,94.9995,7.8,湖南省,常德市,桃源县
2月,2026-02-01,2026,2,1,家凯拼多多,太太乐TOTOLE调味旗舰店,9126682,A01三鲜鸡精40x180克(二维码),太太乐三鲜鸡精调味料40×180g（二维码）,三鲜鸡精,1.0,10.9,7.8,湖南省,常德市,武陵区
2月,2026-02-01,2026,2,1,家凯拼多多,太太乐旗舰店,9126682,A01三鲜鸡精40x180克(二维码),太太乐三鲜鸡精调味料40×180g（二维码）,三鲜鸡精,2.0,13.3592,7.8,湖南省,衡阳市,耒阳市
2月,2026-02-01,2026,2,1,家凯拼多多,太太乐旗舰店,9126682,A01三鲜鸡精40x180克(二维码),太太乐三鲜鸡精调味料40×180g（二维码）,三鲜鸡精,1.0,7.63,7.8,福建省,三明市,清流县
2月,2026-02-01,2026,2,1,家凯拼多多,太太乐旗舰店,9126682,A01三鲜鸡精40x180克(二维码),太太乐三鲜鸡精调味料40×180g（二维码）,三鲜鸡精,3.0,19.4604,7.8,福建省,泉州市,丰泽区
2月,2026-02-01,2026,2,1,家凯拼多多,太太乐旗舰店,9126682,A01三鲜鸡精40x180克(二维码),太太乐三鲜鸡精调味料40×180g（二维码）,三鲜鸡精,3.0,23.7306,7.8,福建省,龙岩市,长汀县
2月,2026-02-01,2026,2,1,家凯拼多多,太太乐家凯调味品专卖店,9126682,A01三鲜鸡精40x180克(二维码),太太乐三鲜鸡精调味料40×180g（二维码）,三鲜鸡精,40.0,271.7,7.8,贵州省,遵义市,仁怀市
2月,2026-02-01,2026,2,1,家凯拼多多,太太乐TOTOLE调味旗舰店,9126682,A01三鲜鸡精40x180克(二维码),太太乐三鲜鸡精调味料40×180g（二维码）,三鲜鸡精,1.0,8.51,7.8,辽宁省,大连市,金州区
2月,2026-02-01,2026,2,1,家凯拼多多,太太乐旗舰店,9126682,A01三鲜鸡精40x180克(二维码),太太乐三鲜鸡精调味料40×180g（二维码）,三鲜鸡精,2.0,13.531,7.8,辽宁省,沈阳市,于洪区
2月,2026-02-01,2026,2,1,家凯拼多多,太太乐家凯专卖店,9126682,A01三鲜鸡精40x180克(二维码),太太乐三鲜鸡精调味料40×180g（二维码）,三鲜鸡精,40.0,275.412,7.8,陕西省,安康市,紫阳县
2月,2026-02-01,2026,2,1,家凯拼多多,太太乐旗舰店,9126682,A01三鲜鸡精40x180克(二维码),太太乐三鲜鸡精调味料40×180g（二维码）,三鲜鸡精,1.0,10.9,7.8,陕西省,宝鸡市,凤翔区
2月,2026-02-01,2026,2,1,家凯拼多多,太太乐旗舰店,9126682,A01三鲜鸡精40x180克(二维码),太太乐三鲜鸡精调味料40×180g（二维码）,三鲜鸡精,2.0,12.8436,7.8,陕西省,延安市,宝塔区
2月,2026-02-01,2026,2,1,家凯拼多多,太太乐TOTOLE调味旗舰店,9126682,A01三鲜鸡精40x180克(二维码),太太乐三鲜鸡精调味料40×180g（二维码）,三鲜鸡精,2.0,18.9,7.8,黑龙江省,哈尔滨市,五常市
2月,2026-02-01,2026,2,1,家凯拼多多,太太乐TOTOLE调味旗舰店,9126682,A01三鲜鸡精40x180克(二维码),太太乐三鲜鸡精调味料40×180g（二维码）,三鲜鸡精,2.0,18.9,7.8,黑龙江省,鸡西市,虎林市
2月,2026-02-02,2026,2,2,家凯拼多多,太太乐TOTOLE调味旗舰店,9126682,A01三鲜鸡精40x180克(二维码),太太乐三鲜鸡精调味料40×180g（二维码）,三鲜鸡精,1.0,10.9,7.8,上海,上海市,浦东新区
2月,2026-02-02,2026,2,2,家凯拼多多,太太乐TOTOLE调味旗舰店,9126682,A01三鲜鸡精40x180克(二维码),太太乐三鲜鸡精调味料40×180g（二维码）,三鲜鸡精,2.0,17.01,7.8,上海,上海市,金山区
2月,2026-02-02,2026,2,2,家凯拼多多,太太乐旗舰店,9126682,A01三鲜鸡精40x180克(二维码),太太乐三鲜鸡精调味料40×180g（二维码）,三鲜鸡精,2.0,17.1204,7.8,内蒙古自治区,赤峰市,翁牛特旗
2月,2026-02-02,2026,2,2,家凯拼多多,太太乐TOTOLE调味旗舰店,9126682,A01三鲜鸡精40x180克(二维码),太太乐三鲜鸡精调味料40×180g（二维码）,三鲜鸡精,2.0,15.12,7.8,吉林省,长春市,南关区
2月,2026-02-02,2026,2,2,家凯拼多多,太太乐旗舰店,9126682,A01三鲜鸡精40x180克(二维码),太太乐三鲜鸡精调味料40×180g（二维码）,三鲜鸡精,2.0,17.1204,7.8,四川省,成都市,青羊区
2月,2026-02-02,2026,2,2,家凯拼多多,太太乐TOTOLE调味旗舰店,9126682,A01三鲜鸡精40x180克(二维码),太太乐三鲜鸡精调味料40×180g（二维码）,三鲜鸡精,1.0,8.72,7.8,天津,天津市,东丽区
2月,2026-02-02,2026,2,2,家凯拼多多,太太乐旗舰店,9126682,A01三鲜鸡精40x180克(二维码),太太乐三鲜鸡精调味料40×180g（二维码）,三鲜鸡精,2.0,17.1204,7.8,天津,天津市,红桥区
2月,2026-02-02,2026,2,2,家凯拼多多,太太乐旗舰店,9126682,A01三鲜鸡精40x180克(二维码),太太乐三鲜鸡精调味料40×180g（二维码）,三鲜鸡精,3.0,12.6651,7.8,安徽省,六安市,金寨县
2月,2026-02-02,2026,2,2,家凯拼多多,太太乐旗舰店,9126682,A01三鲜鸡精40x180克(二维码),太太乐三鲜鸡精调味料40×180g（二维码）,三鲜鸡精,2.0,13.1872,7.8,安徽省,淮北市,濉溪县
2月,2026-02-02,2026,2,2,家凯拼多多,太太乐家凯调味品专卖店,9126682,A01三鲜鸡精40x180克(二维码),太太乐三鲜鸡精调味料40×180g（二维码）,三鲜鸡精,40.0,256.0,7.8,安徽省,黄山市,歙县
2月,2026-02-02,2026,2,2,家凯拼多多,太太乐旗舰店,9126682,A01三鲜鸡精40x180克(二维码),太太乐三鲜鸡精调味料40×180g（二维码）,三鲜鸡精,2.0,13.531,7.8,山东省,临沂市,兰陵县
2月,2026-02-02,2026,2,2,家凯拼多多,太太乐家凯专卖店,9126682,A01三鲜鸡精40x180克(二维码),太太乐三鲜鸡精调味料40×180g（二维码）,三鲜鸡精,40.0,274.0,7.8,山东省,日照市,五莲县
2月,2026-02-02,2026,2,2,家凯拼多多,太太乐家凯专卖店,9126682,A01三鲜鸡精40x180克(二维码),太太乐三鲜鸡精调味料40×180g（二维码）,三鲜鸡精,40.0,272.0,7.8,山东省,日照市,五莲县
2月,2026-02-02,2026,2,2,家凯拼多多,太太乐TOTOLE调味旗舰店,9126682,A01三鲜鸡精40x180克(二维码),太太乐三鲜鸡精调味料40×180g（二维码）,三鲜鸡精,1.0,8.72,7.8,山东省,泰安市,岱岳区
2月,2026-02-02,2026,2,2,家凯拼多多,太太乐家凯调味品专卖店,9126682,A01三鲜鸡精40x180克(二维码),太太乐三鲜鸡精调味料40×180g（二维码）,三鲜鸡精,40.0,236.0,7.8,山东省,济南市,长清区
2月,2026-02-02,2026,2,2,家凯拼多多,太太乐家凯调味品专卖店,9126682,A01三鲜鸡精40x180克(二维码),太太乐三鲜鸡精调味料40×180g（二维码）,三鲜鸡精,15.0,88.0005,7.8,山东省,济宁市,任城区
2月,2026-02-02,2026,2,2,家凯拼多多,太太乐旗舰店,9126682,A01三鲜鸡精40x180克(二维码),太太乐三鲜鸡精调味料40×180g（二维码）,三鲜鸡精,2.0,15.1506,7.8,山东省,烟台市,福山区
2月,2026-02-02,2026,2,2,家凯拼多多,太太乐旗舰店,9126682,A01三鲜鸡精40x180克(二维码),太太乐三鲜鸡精调味料40×180g（二维码）,三鲜鸡精,2.0,17.0014,7.8,广东省,佛山市,三水区
2月,2026-02-02,2026,2,2,家凯拼多多,太太乐旗舰店,9126682,A01三鲜鸡精40x180克(二维码),太太乐三鲜鸡精调味料40×180g（二维码）,三鲜鸡精,1.0,3.27,7.8,广东省,汕头市,潮南区
2月,2026-02-02,2026,2,2,家凯拼多多,太太乐旗舰店,9126682,A01三鲜鸡精40x180克(二维码),太太乐三鲜鸡精调味料40×180g（二维码）,三鲜鸡精,2.0,17.1204,7.8,广东省,汕头市,澄海区
2月,2026-02-02,2026,2,2,家凯拼多多,太太乐旗舰店,9126682,A01三鲜鸡精40x180克(二维码),太太乐三鲜鸡精调味料40×180g（二维码）,三鲜鸡精,3.0,18.1299,7.8,广东省,潮州市,潮安区
2月,2026-02-02,2026,2,2,家凯拼多多,太太乐旗舰店,9126682,A01三鲜鸡精40x180克(二维码),太太乐三鲜鸡精调味料40×180g（二维码）,三鲜鸡精,2.0,17.1204,7.8,广东省,珠海市,香洲区
2月,2026-02-02,2026,2,2,家凯拼多多,太太乐旗舰店,9126682,A01三鲜鸡精40x180克(二维码),太太乐三鲜鸡精调味料40×180g（二维码）,三鲜鸡精,2.0,12.8436,7.8,广东省,肇庆市,德庆县
2月,2026-02-02,2026,2,2,家凯拼多多,太太乐旗舰店,9126682,A01三鲜鸡精40x180克(二维码),太太乐三鲜鸡精调味料40×180g（二维码）,三鲜鸡精,3.0,20.1741,7.8,广西壮族自治区,南宁市,江南区
2月,2026-02-02,2026,2,2,家凯拼多多,太太乐旗舰店,9126682,A01三鲜鸡精40x180克(二维码),太太乐三鲜鸡精调味料40×180g（二维码）,三鲜鸡精,2.0,17.1204,7.8,广西壮族自治区,贺州市,钟山县
2月,2026-02-02,2026,2,2,家凯拼多多,太太乐旗舰店,9126682,A01三鲜鸡精40x180克(二维码),太太乐三鲜鸡精调味料40×180g（二维码）,三鲜鸡精,3.0,17.8011,7.8,江苏省,宿迁市,宿城区
2月,2026-02-02,2026,2,2,家凯拼多多,太太乐家凯调味品专卖店,9126682,A01三鲜鸡精40x180克(二维码),太太乐三鲜鸡精调味料40×180g（二维码）,三鲜鸡精,80.0,509.664,7.8,江苏省,泰州市,泰兴市
2月,2026-02-02,2026,2,2,家凯拼多多,太太乐家凯专卖店,9126682,A01三鲜鸡精40x180克(二维码),太太乐三鲜鸡精调味料40×180g（二维码）,三鲜鸡精,80.0,509.664,7.8,江苏省,泰州市,泰兴市
2月,2026-02-02,2026,2,2,家凯拼多多,太太乐旗舰店,9126682,A01三鲜鸡精40x180克(二维码),太太乐三鲜鸡精调味料40×180g（二维码）,三鲜鸡精,3.0,20.4255,7.8,江苏省,苏州市,常熟市
2月,2026-02-02,2026,2,2,家凯拼多多,太太乐家凯调味品专卖店,9126682,A01三鲜鸡精40x180克(二维码),太太乐三鲜鸡精调味料40×180g（二维码）,三鲜鸡精,40.0,286.0,7.8,江西省,宜春市,袁州区
2月,2026-02-02,2026,2,2,家凯拼多多,太太乐家凯专卖店,9126682,A01三鲜鸡精40x180克(二维码),太太乐三鲜鸡精调味料40×180g（二维码）,三鲜鸡精,40.0,286.0,7.8,河北省,保定市,唐县
2月,2026-02-02,2026,2,2,家凯拼多多,太太乐TOTOLE调味旗舰店,9126682,A01三鲜鸡精40x180克(二维码),太太乐三鲜鸡精调味料40×180g（二维码）,三鲜鸡精,2.0,18.9,7.8,河南省,南阳市,南召县
2月,2026-02-02,2026,2,2,家凯拼多多,太太乐旗舰店,9126682,A01三鲜鸡精40x180克(二维码),太太乐三鲜鸡精调味料40×180g（二维码）,三鲜鸡精,2.0,17.1204,7.8,河南省,洛阳市,洛龙区
2月,2026-02-02,2026,2,2,家凯拼多多,太太乐旗舰店,9126682,A01三鲜鸡精40x180克(二维码),太太乐三鲜鸡精调味料40×180g（二维码）,三鲜鸡精,3.0,12.9501,7.8,浙江省,台州市,温岭市
2月,2026-02-02,2026,2,2,家凯拼多多,太太乐旗舰店,9126682,A01三鲜鸡精40x180克(二维码),太太乐三鲜鸡精调味料40×180g（二维码）,三鲜鸡精,3.0,18.753,7.8,浙江省,台州市,黄岩区
2月,2026-02-02,2026,2,2,家凯拼多多,太太乐家凯调味品专卖店,9126682,A01三鲜鸡精40x180克(二维码),太太乐三鲜鸡精调味料40×180g（二维码）,三鲜鸡精,40.0,286.0,7.8,浙江省,宁波市,慈溪市
2月,2026-02-02,2026,2,2,家凯拼多多,太太乐TOTOLE调味旗舰店,9126682,A01三鲜鸡精40x180克(二维码),太太乐三鲜鸡精调味料40×180g（二维码）,三鲜鸡精,1.0,10.9,7.8,浙江省,湖州市,吴兴区
2月,2026-02-02,2026,2,2,家凯拼多多,太太乐家凯专卖店,9126682,A01三鲜鸡精40x180克(二维码),太太乐三鲜鸡精调味料40×180g（二维码）,三鲜鸡精,40.0,286.0,7.8,浙江省,金华市,义乌市
2月,2026-02-02,2026,2,2,家凯拼多多,太太乐家凯调味品专卖店,9126682,A01三鲜鸡精40x180克(二维码),太太乐三鲜鸡精调味料40×180g（二维码）,三鲜鸡精,40.0,286.0,7.8,浙江省,金华市,武义县
2月,2026-02-02,2026,2,2,家凯拼多多,太太乐旗舰店,9126682,A01三鲜鸡精40x180克(二维码),太太乐三鲜鸡精调味料40×180g（二维码）,三鲜鸡精,1.0,0.9,7.8,海南省,三亚市,天涯区
2月,2026-02-02,2026,2,2,家凯拼多多,太太乐家凯调味品专卖店,9126682,A01三鲜鸡精40x180克(二维码),太太乐三鲜鸡精调味料40×180g（二维码）,三鲜鸡精,15.0,109.9995,7.8,海南省,海口市,龙华区
2月,2026-02-02,2026,2,2,家凯拼多多,太太乐家凯专卖店,9126682,A01三鲜鸡精40x180克(二维码),太太乐三鲜鸡精调味料40×180g（二维码）,三鲜鸡精,15.0,109.9995,7.8,海南省,省直辖县级行政区划,东方市
2月,2026-02-02,2026,2,2,家凯拼多多,太太乐家凯专卖店,9126682,A01三鲜鸡精40x180克(二维码),太太乐三鲜鸡精调味料40×180g（二维码）,三鲜鸡精,40.0,286.0,7.8,海南省,省直辖县级行政区划,乐东黎族自治县
2月,2026-02-02,2026,2,2,家凯拼多多,太太乐家凯专卖店,9126682,A01三鲜鸡精40x180克(二维码),太太乐三鲜鸡精调味料40×180g（二维码）,三鲜鸡精,40.0,286.0,7.8,湖北省,省直辖县级行政区划,天门市
2月,2026-02-02,2026,2,2,家凯拼多多,太太乐旗舰店,9126682,A01三鲜鸡精40x180克(二维码),太太乐三鲜鸡精调味料40×180g（二维码）,三鲜鸡精,3.0,18.753,7.8,湖北省,荆州市,荆州区
2月,2026-02-02,2026,2,2,家凯拼多多,太太乐旗舰店,9126682,A01三鲜鸡精40x180克(二维码),太太乐三鲜鸡精调味料40×180g（二维码）,三鲜鸡精,3.0,18.753,7.8,湖北省,随州市,广水市
2月,2026-02-02,2026,2,2,家凯拼多多,太太乐家凯专卖店,9126682,A01三鲜鸡精40x180克(二维码),太太乐三鲜鸡精调味料40×180g（二维码）,三鲜鸡精,40.0,263.12,7.8,湖南省,永州市,祁阳市
2月,2026-02-02,2026,2,2,家凯拼多多,太太乐家凯调味品专卖店,9126682,A01三鲜鸡精40x180克(二维码),太太乐三鲜鸡精调味料40×180g（二维码）,三鲜鸡精,15.0,109.9995,7.8,湖南省,永州市,零陵区
2月,2026-02-02,2026,2,2,家凯拼多多,太太乐家凯调味品专卖店,9126682,A01三鲜鸡精40x180克(二维码),太太乐三鲜鸡精调味料40×180g（二维码）,三鲜鸡精,40.0,236.0,7.8,湖南省,湘潭市,湘潭县
2月,2026-02-02,2026,2,2,家凯拼多多,太太乐旗舰店,9126682,A01三鲜鸡精40x180克(二维码),太太乐三鲜鸡精调味料40×180g（二维码）,三鲜鸡精,3.0,18.753,7.8,湖南省,衡阳市,祁东县
2月,2026-02-02,2026,2,2,家凯拼多多,太太乐旗舰店,9126682,A01三鲜鸡精40x180克(二维码),太太乐三鲜鸡精调味料40×180g（二维码）,三鲜鸡精,3.0,23.7306,7.8,福建省,漳州市,龙海区
2月,2026-02-02,2026,2,2,家凯拼多多,太太乐旗舰店,9126682,A01三鲜鸡精40x180克(二维码),太太乐三鲜鸡精调味料40×180g（二维码）,三鲜鸡精,3.0,18.753,7.8,福建省,福州市,仓山区
2月,2026-02-02,2026,2,2,家凯拼多多,太太乐旗舰店,9126682,A01三鲜鸡精40x180克(二维码),太太乐三鲜鸡精调味料40×180g（二维码）,三鲜鸡精,2.0,17.1204,7.8,贵州省,黔东南苗族侗族自治州,岑巩县
2月,2026-02-02,2026,2,2,家凯拼多多,太太乐家凯专卖店,9126682,A01三鲜鸡精40x180克(二维码),太太乐三鲜鸡精调味料40×180g（二维码）,三鲜鸡精,40.0,286.0,7.8,辽宁省,大连市,甘井子区
2月,2026-02-02,2026,2,2,家凯拼多多,太太乐家凯专卖店,9126682,A01三鲜鸡精40x180克(二维码),太太乐三鲜鸡精调味料40×180g（二维码）,三鲜鸡精,15.0,109.9995,7.8,辽宁省,阜新市,阜新蒙古族自治县
2月,2026-02-03,2026,2,3,家凯拼多多,太太乐TOTOLE调味旗舰店,9126682,A01三鲜鸡精40x180克(二维码),太太乐三鲜鸡精调味料40×180g（二维码）,三鲜鸡精,2.0,18.9,7.8,上海,上海市,嘉定区
2月,2026-02-03,2026,2,3,家凯拼多多,太太乐旗舰店,9126682,A01三鲜鸡精40x180克(二维码),太太乐三鲜鸡精调味料40×180g（二维码）,三鲜鸡精,2.0,18.0656,7.8,上海,上海市,宝山区
2月,2026-02-03,2026,2,3,家凯拼多多,太太乐旗舰店,9126682,A01三鲜鸡精40x180克(二维码),太太乐三鲜鸡精调味料40×180g（二维码）,三鲜鸡精,1.0,7.2117,7.8,吉林省,吉林市,丰满区
2月,2026-02-03,2026,2,3,家凯拼多多,太太乐旗舰店,9126682,A01三鲜鸡精40x180克(二维码),太太乐三鲜鸡精调味料40×180g（二维码）,三鲜鸡精,1.0,7.0266,7.8,吉林省,四平市,梨树县
2月,2026-02-03,2026,2,3,家凯拼多多,太太乐家凯调味品专卖店,9126682,A01三鲜鸡精40x180克(二维码),太太乐三鲜鸡精调味料40×180g（二维码）,三鲜鸡精,15.0,106.9995,7.8,吉林省,四平市,铁东区
2月,2026-02-03,2026,2,3,家凯拼多多,太太乐家凯专卖店,9126682,A01三鲜鸡精40x180克(二维码),太太乐三鲜鸡精调味料40×180g（二维码）,三鲜鸡精,40.0,266.0,7.8,四川省,广元市,苍溪县
2月,2026-02-03,2026,2,3,家凯拼多多,太太乐旗舰店,9126682,A01三鲜鸡精40x180克(二维码),太太乐三鲜鸡精调味料40×180g（二维码）,三鲜鸡精,1.0,7.7537,7.8,天津,天津市,津南区
2月,2026-02-03,2026,2,3,家凯拼多多,太太乐旗舰店,9126682,A01三鲜鸡精40x180克(二维码),太太乐三鲜鸡精调味料40×180g（二维码）,三鲜鸡精,1.0,7.7537,7.8,宁夏回族自治区,银川市,金凤区
2月,2026-02-03,2026,2,3,家凯拼多多,太太乐旗舰店,9126682,A01三鲜鸡精40x180克(二维码),太太乐三鲜鸡精调味料40×180g（二维码）,三鲜鸡精,1.0,6.8415,7.8,安徽省,安庆市,望江县
2月,2026-02-03,2026,2,3,家凯拼多多,太太乐旗舰店,9126682,A01三鲜鸡精40x180克(二维码),太太乐三鲜鸡精调味料40×180g（二维码）,三鲜鸡精,1.0,10.9,7.8,安徽省,宣城市,郎溪县
2月,2026-02-03,2026,2,3,家凯拼多多,太太乐TOTOLE调味旗舰店,9126682,A01三鲜鸡精40x180克(二维码),太太乐三鲜鸡精调味料40×180g（二维码）,三鲜鸡精,2.0,21.59,7.8,安徽省,宿州市,埇桥区
2月,2026-02-03,2026,2,3,家凯拼多多,太太乐旗舰店,9126682,A01三鲜鸡精40x180克(二维码),太太乐三鲜鸡精调味料40×180g（二维码）,三鲜鸡精,1.0,7.6083,7.8,安徽省,宿州市,萧县
2月,2026-02-03,2026,2,3,家凯拼多多,太太乐家凯调味品专卖店,9126682,A01三鲜鸡精40x180克(二维码),太太乐三鲜鸡精调味料40×180g（二维码）,三鲜鸡精,40.0,286.0,7.8,安徽省,滁州市,琅琊区
2月,2026-02-03,2026,2,3,家凯拼多多,太太乐TOTOLE调味旗舰店,9126682,A01三鲜鸡精40x180克(二维码),太太乐三鲜鸡精调味料40×180g（二维码）,三鲜鸡精,3.0,26.9001,7.8,安徽省,芜湖市,鸠江区
2月,2026-02-03,2026,2,3,家凯拼多多,太太乐旗舰店,9126682,A01三鲜鸡精40x180克(二维码),太太乐三鲜鸡精调味料40×180g（二维码）,三鲜鸡精,2.0,13.531,7.8,山东省,临沂市,兰山区
2月,2026-02-03,2026,2,3,家凯拼多多,太太乐旗舰店,9126682,A01三鲜鸡精40x180克(二维码),太太乐三鲜鸡精调味料40×180g（二维码）,三鲜鸡精,1.0,7.2117,7.8,山东省,临沂市,河东区
2月,2026-02-03,2026,2,3,家凯拼多多,太太乐旗舰店,9126682,A01三鲜鸡精40x180克(二维码),太太乐三鲜鸡精调味料40×180g（二维码）,三鲜鸡精,1.0,7.2117,7.8,山东省,临沂市,罗庄区
2月,2026-02-03,2026,2,3,家凯拼多多,太太乐家凯专卖店,9126682,A01三鲜鸡精40x180克(二维码),太太乐三鲜鸡精调味料40×180g（二维码）,三鲜鸡精,40.0,266.0,7.8,山东省,聊城市,莘县
2月,2026-02-03,2026,2,3,家凯拼多多,太太乐旗舰店,9126682,A01三鲜鸡精40x180克(二维码),太太乐三鲜鸡精调味料40×180g（二维码）,三鲜鸡精,1.0,9.122,7.8,山东省,青岛市,城阳区
2月,2026-02-03,2026,2,3,家凯拼多多,太太乐旗舰店,9126682,A01三鲜鸡精40x180克(二维码),太太乐三鲜鸡精调味料40×180g（二维码）,三鲜鸡精,1.0,7.7537,7.8,山东省,青岛市,黄岛区
2月,2026-02-03,2026,2,3,家凯拼多多,太太乐旗舰店,9126682,A01三鲜鸡精40x180克(二维码),太太乐三鲜鸡精调味料40×180g（二维码）,三鲜鸡精,3.0,16.6113,7.8,山西省,吕梁市,交口县
2月,2026-02-03,2026,2,3,家凯拼多多,太太乐旗舰店,9126682,A01三鲜鸡精40x180克(二维码),太太乐三鲜鸡精调味料40×180g（二维码）,三鲜鸡精,1.0,7.139,7.8,广东省,中山市,小榄镇
2月,2026-02-03,2026,2,3,家凯拼多多,太太乐旗舰店,9126682,A01三鲜鸡精40x180克(二维码),太太乐三鲜鸡精调味料40×180g（二维码）,三鲜鸡精,2.0,17.1204,7.8,广东省,汕头市,龙湖区
2月,2026-02-03,2026,2,3,家凯拼多多,太太乐旗舰店,9126682,A01三鲜鸡精40x180克(二维码),太太乐三鲜鸡精调味料40×180g（二维码）,三鲜鸡精,2.0,13.531,7.8,江苏省,宿迁市,泗洪县
2月,2026-02-03,2026,2,3,家凯拼多多,太太乐旗舰店,9126682,A01三鲜鸡精40x180克(二维码),太太乐三鲜鸡精调味料40×180g（二维码）,三鲜鸡精,1.0,7.0266,7.8,江苏省,扬州市,江都区
2月,2026-02-03,2026,2,3,家凯拼多多,太太乐旗舰店,9126682,A01三鲜鸡精40x180克(二维码),太太乐三鲜鸡精调味料40×180g（二维码）,三鲜鸡精,1.0,5.8169,7.8,江苏省,无锡市,江阴市
2月,2026-02-03,2026,2,3,家凯拼多多,太太乐旗舰店,9126682,A01三鲜鸡精40x180克(二维码),太太乐三鲜鸡精调味料40×180g（二维码）,三鲜鸡精,1.0,8.18,7.8,江苏省,盐城市,大丰区
2月,2026-02-03,2026,2,3,家凯拼多多,太太乐TOTOLE调味旗舰店,9126682,A01三鲜鸡精40x180克(二维码),太太乐三鲜鸡精调味料40×180g（二维码）,三鲜鸡精,5.0,40.9,7.8,江苏省,连云港市,灌云县
2月,2026-02-03,2026,2,3,家凯拼多多,太太乐家凯专卖店,9126682,A01三鲜鸡精40x180克(二维码),太太乐三鲜鸡精调味料40×180g（二维码）,三鲜鸡精,15.0,103.0005,7.8,江西省,九江市,修水县
2月,2026-02-03,2026,2,3,家凯拼多多,太太乐家凯调味品专卖店,9126682,A01三鲜鸡精40x180克(二维码),太太乐三鲜鸡精调味料40×180g（二维码）,三鲜鸡精,40.0,248.82,7.8,江西省,宜春市,高安市
2月,2026-02-03,2026,2,3,家凯拼多多,太太乐旗舰店,9126682,A01三鲜鸡精40x180克(二维码),太太乐三鲜鸡精调味料40×180g（二维码）,三鲜鸡精,9.0,59.9148,7.8,江西省,赣州市,全南县
2月,2026-02-03,2026,2,3,家凯拼多多,太太乐家凯调味品专卖店,9126682,A01三鲜鸡精40x180克(二维码),太太乐三鲜鸡精调味料40×180g（二维码）,三鲜鸡精,15.0,109.9995,7.8,江西省,赣州市,章贡区
2月,2026-02-03,2026,2,3,家凯拼多多,太太乐旗舰店,9126682,A01三鲜鸡精40x180克(二维码),太太乐三鲜鸡精调味料40×180g（二维码）,三鲜鸡精,1.0,6.8415,7.8,河北省,保定市,涿州市
2月,2026-02-03,2026,2,3,家凯拼多多,太太乐旗舰店,9126682,A01三鲜鸡精40x180克(二维码),太太乐三鲜鸡精调味料40×180g（二维码）,三鲜鸡精,3.0,21.3576,7.8,河南省,信阳市,潢川县
2月,2026-02-03,2026,2,3,家凯拼多多,太太乐家凯调味品专卖店,9126682,A01三鲜鸡精40x180克(二维码),太太乐三鲜鸡精调味料40×180g（二维码）,三鲜鸡精,15.0,104.5005,7.8,河南省,商丘市,夏邑县
2月,2026-02-03,2026,2,3,家凯拼多多,太太乐旗舰店,9126682,A01三鲜鸡精40x180克(二维码),太太乐三鲜鸡精调味料40×180g（二维码）,三鲜鸡精,1.0,6.8415,7.8,河南省,郑州市,金水区
2月,2026-02-03,2026,2,3,家凯拼多多,太太乐旗舰店,9126682,A01三鲜鸡精40x180克(二维码),太太乐三鲜鸡精调味料40×180g（二维码）,三鲜鸡精,1.0,7.2117,7.8,浙江省,丽水市,莲都区
2月,2026-02-03,2026,2,3,家凯拼多多,太太乐家凯专卖店,9126682,A01三鲜鸡精40x180克(二维码),太太乐三鲜鸡精调味料40×180g（二维码）,三鲜鸡精,40.0,286.0,7.8,浙江省,台州市,天台县
2月,2026-02-03,2026,2,3,家凯拼多多,太太乐家凯专卖店,9126682,A01三鲜鸡精40x180克(二维码),太太乐三鲜鸡精调味料40×180g（二维码）,三鲜鸡精,40.0,286.0,7.8,浙江省,嘉兴市,海盐县
2月,2026-02-03,2026,2,3,家凯拼多多,太太乐家凯专卖店,9126682,A01三鲜鸡精40x180克(二维码),太太乐三鲜鸡精调味料40×180g（二维码）,三鲜鸡精,40.0,271.7,7.8,浙江省,宁波市,慈溪市
2月,2026-02-03,2026,2,3,家凯拼多多,太太乐旗舰店,9126682,A01三鲜鸡精40x180克(二维码),太太乐三鲜鸡精调味料40×180g（二维码）,三鲜鸡精,2.0,14.5556,7.8,浙江省,杭州市,萧山区
2月,2026-02-03,2026,2,3,家凯拼多多,太太乐旗舰店,9126682,A01三鲜鸡精40x180克(二维码),太太乐三鲜鸡精调味料40×180g（二维码）,三鲜鸡精,1.0,7.2117,7.8,浙江省,杭州市,钱塘区
2月,2026-02-03,2026,2,3,家凯拼多多,太太乐旗舰店,9126682,A01三鲜鸡精40x180克(二维码),太太乐三鲜鸡精调味料40×180g（二维码）,三鲜鸡精,1.0,7.2117,7.8,浙江省,温州市,苍南县
2月,2026-02-03,2026,2,3,家凯拼多多,太太乐家凯调味品专卖店,9126682,A01三鲜鸡精40x180克(二维码),太太乐三鲜鸡精调味料40×180g（二维码）,三鲜鸡精,15.0,109.9995,7.8,浙江省,湖州市,安吉县
2月,2026-02-03,2026,2,3,家凯拼多多,太太乐旗舰店,9126682,A01三鲜鸡精40x180克(二维码),太太乐三鲜鸡精调味料40×180g（二维码）,三鲜鸡精,2.0,17.1204,7.8,浙江省,金华市,东阳市
2月,2026-02-03,2026,2,3,家凯拼多多,太太乐旗舰店,9126682,A01三鲜鸡精40x180克(二维码),太太乐三鲜鸡精调味料40×180g（二维码）,三鲜鸡精,1.0,7.2117,7.8,海南省,三亚市,吉阳区
2月,2026-02-03,2026,2,3,家凯拼多多,太太乐家凯专卖店,9126682,A01三鲜鸡精40x180克(二维码),太太乐三鲜鸡精调味料40×180g（二维码）,三鲜鸡精,15.0,109.9995,7.8,海南省,儋州市,那大镇
2月,2026-02-03,2026,2,3,家凯拼多多,太太乐旗舰店,9126682,A01三鲜鸡精40x180克(二维码),太太乐三鲜鸡精调味料40×180g（二维码）,三鲜鸡精,2.0,16.2676,7.8,海南省,海口市,美兰区
2月,2026-02-03,2026,2,3,家凯拼多多,太太乐旗舰店,9126682,A01三鲜鸡精40x180克(二维码),太太乐三鲜鸡精调味料40×180g（二维码）,三鲜鸡精,3.0,21.5955,7.8,海南省,海口市,龙华区
2月,2026-02-03,2026,2,3,家凯拼多多,太太乐家凯专卖店,9126682,A01三鲜鸡精40x180克(二维码),太太乐三鲜鸡精调味料40×180g（二维码）,三鲜鸡精,40.0,286.0,7.8,海南省,省直辖县级行政区划,临高县
2月,2026-02-03,2026,2,3,家凯拼多多,太太乐家凯调味品专卖店,9126682,A01三鲜鸡精40x180克(二维码),太太乐三鲜鸡精调味料40×180g（二维码）,三鲜鸡精,15.0,109.9995,7.8,海南省,省直辖县级行政区划,定安县
2月,2026-02-03,2026,2,3,家凯拼多多,太太乐旗舰店,9126682,A01三鲜鸡精40x180克(二维码),太太乐三鲜鸡精调味料40×180g（二维码）,三鲜鸡精,3.0,23.7306,7.8,湖北省,武汉市,东西湖区
2月,2026-02-03,2026,2,3,家凯拼多多,太太乐旗舰店,9126682,A01三鲜鸡精40x180克(二维码),太太乐三鲜鸡精调味料40×180g（二维码）,三鲜鸡精,1.0,8.0314,7.8,湖北省,武汉市,江夏区
2月,2026-02-03,2026,2,3,家凯拼多多,太太乐旗舰店,9126682,A01三鲜鸡精40x180克(二维码),太太乐三鲜鸡精调味料40×180g（二维码）,三鲜鸡精,2.0,17.1204,7.8,湖北省,武汉市,江岸区
2月,2026-02-03,2026,2,3,家凯拼多多,太太乐旗舰店,9126682,A01三鲜鸡精40x180克(二维码),太太乐三鲜鸡精调味料40×180g（二维码）,三鲜鸡精,1.0,9.122,7.8,湖北省,武汉市,青山区
2月,2026-02-03,2026,2,3,家凯拼多多,太太乐旗舰店,9126682,A01三鲜鸡精40x180克(二维码),太太乐三鲜鸡精调味料40×180g（二维码）,三鲜鸡精,2.0,17.1204,7.8,湖北省,省直辖县级行政区划,仙桃市
2月,2026-02-03,2026,2,3,家凯拼多多,太太乐家凯调味品专卖店,9126682,A01三鲜鸡精40x180克(二维码),太太乐三鲜鸡精调味料40×180g（二维码）,三鲜鸡精,15.0,94.9995,7.8,湖北省,荆门市,京山市
2月,2026-02-03,2026,2,3,家凯拼多多,太太乐旗舰店,9126682,A01三鲜鸡精40x180克(二维码),太太乐三鲜鸡精调味料40×180g（二维码）,三鲜鸡精,2.0,17.1204,7.8,湖北省,襄阳市,谷城县
2月,2026-02-03,2026,2,3,家凯拼多多,太太乐旗舰店,9126682,A01三鲜鸡精40x180克(二维码),太太乐三鲜鸡精调味料40×180g（二维码）,三鲜鸡精,2.0,12.8436,7.8,湖北省,襄阳市,谷城县
2月,2026-02-03,2026,2,3,家凯拼多多,太太乐家凯调味品专卖店,9126682,A01三鲜鸡精40x180克(二维码),太太乐三鲜鸡精调味料40×180g（二维码）,三鲜鸡精,40.0,286.0,7.8,湖北省,随州市,曾都区
2月,2026-02-03,2026,2,3,家凯拼多多,太太乐家凯调味品专卖店,9126682,A01三鲜鸡精40x180克(二维码),太太乐三鲜鸡精调味料40×180g（二维码）,三鲜鸡精,40.0,260.26,7.8,湖南省,湘潭市,岳塘区
2月,2026-02-03,2026,2,3,家凯拼多多,太太乐家凯调味品专卖店,9126682,A01三鲜鸡精40x180克(二维码),太太乐三鲜鸡精调味料40×180g（二维码）,三鲜鸡精,40.0,263.12,7.8,湖南省,邵阳市,邵东市
2月,2026-02-03,2026,2,3,家凯拼多多,太太乐TOTOLE调味旗舰店,9126682,A01三鲜鸡精40x180克(二维码),太太乐三鲜鸡精调味料40×180g（二维码）,三鲜鸡精,1.0,10.9,7.8,甘肃省,定西市,安定区
2月,2026-02-03,2026,2,3,家凯拼多多,太太乐旗舰店,9126682,A01三鲜鸡精40x180克(二维码),太太乐三鲜鸡精调味料40×180g（二维码）,三鲜鸡精,2.0,17.1204,7.8,甘肃省,平凉市,华亭市
2月,2026-02-03,2026,2,3,家凯拼多多,太太乐旗舰店,9126682,A01三鲜鸡精40x180克(二维码),太太乐三鲜鸡精调味料40×180g（二维码）,三鲜鸡精,1.0,9.122,7.8,福建省,泉州市,南安市
2月,2026-02-03,2026,2,3,家凯拼多多,太太乐旗舰店,9126682,A01三鲜鸡精40x180克(二维码),太太乐三鲜鸡精调味料40×180g（二维码）,三鲜鸡精,2.0,17.1204,7.8,福建省,泉州市,惠安县
2月,2026-02-03,2026,2,3,家凯拼多多,太太乐旗舰店,9126682,A01三鲜鸡精40x180克(二维码),太太乐三鲜鸡精调味料40×180g（二维码）,三鲜鸡精,1.0,8.2098,7.8,福建省,泉州市,石狮市
2月,2026-02-03,2026,2,3,家凯拼多多,太太乐旗舰店,9126682,A01三鲜鸡精40x180克(二维码),太太乐三鲜鸡精调味料40×180g（二维码）,三鲜鸡精,3.0,18.753,7.8,福建省,漳州市,芗城区
2月,2026-02-03,2026,2,3,家凯拼多多,太太乐家凯专卖店,9126682,A01三鲜鸡精40x180克(二维码),太太乐三鲜鸡精调味料40×180g（二维码）,三鲜鸡精,40.0,266.0,7.8,贵州省,六盘水市,钟山区
2月,2026-02-03,2026,2,3,家凯拼多多,太太乐家凯调味品专卖店,9126682,A01三鲜鸡精40x180克(二维码),太太乐三鲜鸡精调味料40×180g（二维码）,三鲜鸡精,40.0,286.0,7.8,贵州省,毕节市,七星关区
2月,2026-02-03,2026,2,3,家凯拼多多,太太乐旗舰店,9126682,A01三鲜鸡精40x180克(二维码),太太乐三鲜鸡精调味料40×180g（二维码）,三鲜鸡精,1.0,9.122,7.8,贵州省,遵义市,红花岗区
2月,2026-02-03,2026,2,3,家凯拼多多,太太乐旗舰店,9126682,A01三鲜鸡精40x180克(二维码),太太乐三鲜鸡精调味料40×180g（二维码）,三鲜鸡精,12.0,82.0596,7.8,辽宁省,丹东市,振兴区
2月,2026-02-03,2026,2,3,家凯拼多多,太太乐旗舰店,9126682,A01三鲜鸡精40x180克(二维码),太太乐三鲜鸡精调味料40×180g（二维码）,三鲜鸡精,2.0,13.6962,7.8,辽宁省,大连市,金州区
2月,2026-02-03,2026,2,3,家凯拼多多,太太乐旗舰店,9126682,A01三鲜鸡精40x180克(二维码),太太乐三鲜鸡精调味料40×180g（二维码）,三鲜鸡精,2.0,17.1204,7.8,辽宁省,沈阳市,皇姑区
2月,2026-02-03,2026,2,3,家凯拼多多,太太乐旗舰店,9126682,A01三鲜鸡精40x180克(二维码),太太乐三鲜鸡精调味料40×180g（二维码）,三鲜鸡精,1.0,10.9,7.8,陕西省,西安市,高陵区
2月,2026-02-04,2026,2,4,家凯拼多多,太太乐旗舰店,9126682,A01三鲜鸡精40x180克(二维码),太太乐三鲜鸡精调味料40×180g（二维码）,三鲜鸡精,3.0,23.7306,7.8,上海,上海市,浦东新区
2月,2026-02-04,2026,2,4,家凯拼多多,太太乐旗舰店,9126682,A01三鲜鸡精40x180克(二维码),太太乐三鲜鸡精调味料40×180g（二维码）,三鲜鸡精,2.0,17.1204,7.8,上海,上海市,浦东新区
2月,2026-02-04,2026,2,4,家凯拼多多,太太乐旗舰店,9126682,A01三鲜鸡精40x180克(二维码),太太乐三鲜鸡精调味料40×180g（二维码）,三鲜鸡精,1.0,9.122,7.8,云南省,大理白族自治州,云龙县
2月,2026-02-04,2026,2,4,家凯拼多多,太太乐旗舰店,9126682,A01三鲜鸡精40x180克(二维码),太太乐三鲜鸡精调味料40×180g（二维码）,三鲜鸡精,3.0,25.8999,7.8,云南省,玉溪市,红塔区
2月,2026-02-04,2026,2,4,家凯拼多多,太太乐旗舰店,9126682,A01三鲜鸡精40x180克(二维码),太太乐三鲜鸡精调味料40×180g（二维码）,三鲜鸡精,1.0,9.122,7.8,内蒙古自治区,呼和浩特市,玉泉区
2月,2026-02-04,2026,2,4,家凯拼多多,太太乐旗舰店,9126682,A01三鲜鸡精40x180克(二维码),太太乐三鲜鸡精调味料40×180g（二维码）,三鲜鸡精,1.0,8.6659,7.8,北京,北京市,海淀区
2月,2026-02-04,2026,2,4,家凯拼多多,太太乐旗舰店,9126682,A01三鲜鸡精40x180克(二维码),太太乐三鲜鸡精调味料40×180g（二维码）,三鲜鸡精,2.0,17.1204,7.8,北京,北京市,通州区
2月,2026-02-04,2026,2,4,家凯拼多多,太太乐旗舰店,9126682,A01三鲜鸡精40x180克(二维码),太太乐三鲜鸡精调味料40×180g（二维码）,三鲜鸡精,1.0,9.122,7.8,四川省,凉山彝族自治州,越西县
2月,2026-02-04,2026,2,4,家凯拼多多,太太乐旗舰店,9126682,A01三鲜鸡精40x180克(二维码),太太乐三鲜鸡精调味料40×180g（二维码）,三鲜鸡精,1.0,6.8415,7.8,四川省,成都市,温江区
2月,2026-02-04,2026,2,4,家凯拼多多,太太乐旗舰店,9126682,A01三鲜鸡精40x180克(二维码),太太乐三鲜鸡精调味料40×180g（二维码）,三鲜鸡精,2.0,17.1204,7.8,宁夏回族自治区,石嘴山市,大武口区
2月,2026-02-04,2026,2,4,家凯拼多多,太太乐旗舰店,9126682,A01三鲜鸡精40x180克(二维码),太太乐三鲜鸡精调味料40×180g（二维码）,三鲜鸡精,2.0,17.1204,7.8,安徽省,六安市,金安区
2月,2026-02-04,2026,2,4,家凯拼多多,太太乐家凯调味品专卖店,9126682,A01三鲜鸡精40x180克(二维码),太太乐三鲜鸡精调味料40×180g（二维码）,三鲜鸡精,40.0,286.0,7.8,安徽省,合肥市,肥东县
2月,2026-02-04,2026,2,4,家凯拼多多,太太乐旗舰店,9126682,A01三鲜鸡精40x180克(二维码),太太乐三鲜鸡精调味料40×180g（二维码）,三鲜鸡精,2.0,3.239,7.8,安徽省,芜湖市,弋江区
2月,2026-02-04,2026,2,4,家凯拼多多,太太乐旗舰店,9126682,A01三鲜鸡精40x180克(二维码),太太乐三鲜鸡精调味料40×180g（二维码）,三鲜鸡精,2.0,14.5556,7.8,山东省,临沂市,兰山区
2月,2026-02-04,2026,2,4,家凯拼多多,太太乐TOTOLE调味旗舰店,9126682,A01三鲜鸡精40x180克(二维码),太太乐三鲜鸡精调味料40×180g（二维码）,三鲜鸡精,3.0,26.9001,7.8,山东省,泰安市,泰山区
2月,2026-02-04,2026,2,4,家凯拼多多,太太乐TOTOLE调味旗舰店,9126682,A01三鲜鸡精40x180克(二维码),太太乐三鲜鸡精调味料40×180g（二维码）,三鲜鸡精,1.0,10.9,7.8,山东省,济宁市,任城区
2月,2026-02-04,2026,2,4,家凯拼多多,太太乐旗舰店,9126682,A01三鲜鸡精40x180克(二维码),太太乐三鲜鸡精调味料40×180g（二维码）,三鲜鸡精,1.0,5.8169,7.8,山东省,菏泽市,牡丹区
2月,2026-02-04,2026,2,4,家凯拼多多,太太乐旗舰店,9126682,A01三鲜鸡精40x180克(二维码),太太乐三鲜鸡精调味料40×180g（二维码）,三鲜鸡精,3.0,23.7306,7.8,广东省,东莞市,樟木头镇
2月,2026-02-04,2026,2,4,家凯拼多多,太太乐家凯专卖店,9126682,A01三鲜鸡精40x180克(二维码),太太乐三鲜鸡精调味料40×180g（二维码）,三鲜鸡精,15.0,109.9995,7.8,广东省,东莞市,道滘镇
2月,2026-02-04,2026,2,4,家凯拼多多,太太乐TOTOLE调味旗舰店,9126682,A01三鲜鸡精40x180克(二维码),太太乐三鲜鸡精调味料40×180g（二维码）,三鲜鸡精,1.0,10.36,7.8,广东省,广州市,白云区
2月,2026-02-04,2026,2,4,家凯拼多多,太太乐旗舰店,9126682,A01三鲜鸡精40x180克(二维码),太太乐三鲜鸡精调味料40×180g（二维码）,三鲜鸡精,2.0,12.8436,7.8,广东省,广州市,花都区
2月,2026-02-04,2026,2,4,家凯拼多多,太太乐TOTOLE调味旗舰店,9126682,A01三鲜鸡精40x180克(二维码),太太乐三鲜鸡精调味料40×180g（二维码）,三鲜鸡精,1.0,5.9,7.8,广东省,广州市,荔湾区
2月,2026-02-04,2026,2,4,家凯拼多多,太太乐旗舰店,9126682,A01三鲜鸡精40x180克(二维码),太太乐三鲜鸡精调味料40×180g（二维码）,三鲜鸡精,1.0,7.2117,7.8,广东省,揭阳市,东山区
2月,2026-02-04,2026,2,4,家凯拼多多,太太乐家凯专卖店,9126682,A01三鲜鸡精40x180克(二维码),太太乐三鲜鸡精调味料40×180g（二维码）,三鲜鸡精,40.0,276.0,7.8,广东省,揭阳市,惠来县
2月,2026-02-04,2026,2,4,家凯拼多多,太太乐旗舰店,9126682,A01三鲜鸡精40x180克(二维码),太太乐三鲜鸡精调味料40×180g（二维码）,三鲜鸡精,3.0,23.7306,7.8,广西壮族自治区,北海市,银海区
2月,2026-02-04,2026,2,4,家凯拼多多,太太乐旗舰店,9126682,A01三鲜鸡精40x180克(二维码),太太乐三鲜鸡精调味料40×180g（二维码）,三鲜鸡精,3.0,23.7306,7.8,江苏省,南通市,崇川区
2月,2026-02-04,2026,2,4,家凯拼多多,太太乐家凯调味品专卖店,9126682,A01三鲜鸡精40x180克(二维码),太太乐三鲜鸡精调味料40×180g（二维码）,三鲜鸡精,40.0,263.12,7.8,江苏省,南通市,港闸区
2月,2026-02-04,2026,2,4,家凯拼多多,太太乐家凯调味品专卖店,9126682,A01三鲜鸡精40x180克(二维码),太太乐三鲜鸡精调味料40×180g（二维码）,三鲜鸡精,15.0,109.9995,7.8,江苏省,南通市,通州区
2月,2026-02-04,2026,2,4,家凯拼多多,太太乐旗舰店,9126682,A01三鲜鸡精40x180克(二维码),太太乐三鲜鸡精调味料40×180g（二维码）,三鲜鸡精,2.0,13.6962,7.8,江苏省,徐州市,泉山区
2月,2026-02-04,2026,2,4,家凯拼多多,太太乐旗舰店,9126682,A01三鲜鸡精40x180克(二维码),太太乐三鲜鸡精调味料40×180g（二维码）,三鲜鸡精,1.0,8.72,7.8,江苏省,扬州市,宝应县
2月,2026-02-04,2026,2,4,家凯拼多多,太太乐旗舰店,9126682,A01三鲜鸡精40x180克(二维码),太太乐三鲜鸡精调味料40×180g（二维码）,三鲜鸡精,1.0,10.9,7.8,江苏省,泰州市,泰兴市
2月,2026-02-04,2026,2,4,家凯拼多多,太太乐家凯调味品专卖店,9126682,A01三鲜鸡精40x180克(二维码),太太乐三鲜鸡精调味料40×180g（二维码）,三鲜鸡精,15.0,101.2005,7.8,江苏省,淮安市,洪泽区
2月,2026-02-04,2026,2,4,家凯拼多多,太太乐旗舰店,9126682,A01三鲜鸡精40x180克(二维码),太太乐三鲜鸡精调味料40×180g（二维码）,三鲜鸡精,3.0,19.4604,7.8,江苏省,淮安市,淮阴区
2月,2026-02-04,2026,2,4,家凯拼多多,太太乐旗舰店,9126682,A01三鲜鸡精40x180克(二维码),太太乐三鲜鸡精调味料40×180g（二维码）,三鲜鸡精,3.0,23.7306,7.8,江苏省,淮安市,盱眙县
2月,2026-02-04,2026,2,4,家凯拼多多,太太乐家凯调味品专卖店,9126682,A01三鲜鸡精40x180克(二维码),太太乐三鲜鸡精调味料40×180g（二维码）,三鲜鸡精,40.0,260.26,7.8,江苏省,连云港市,海州区
2月,2026-02-04,2026,2,4,家凯拼多多,太太乐旗舰店,9126682,A01三鲜鸡精40x180克(二维码),太太乐三鲜鸡精调味料40×180g（二维码）,三鲜鸡精,2.0,13.6962,7.8,江西省,九江市,德安县
2月,2026-02-04,2026,2,4,家凯拼多多,太太乐旗舰店,9126682,A01三鲜鸡精40x180克(二维码),太太乐三鲜鸡精调味料40×180g（二维码）,三鲜鸡精,1.0,9.122,7.8,江西省,吉安市,吉州区
2月,2026-02-04,2026,2,4,家凯拼多多,太太乐旗舰店,9126682,A01三鲜鸡精40x180克(二维码),太太乐三鲜鸡精调味料40×180g（二维码）,三鲜鸡精,2.0,12.8436,7.8,江西省,赣州市,于都县
2月,2026-02-04,2026,2,4,家凯拼多多,太太乐TOTOLE调味旗舰店,9126682,A01三鲜鸡精40x180克(二维码),太太乐三鲜鸡精调味料40×180g（二维码）,三鲜鸡精,2.0,18.9,7.8,河北省,承德市,兴隆县
2月,2026-02-04,2026,2,4,家凯拼多多,太太乐旗舰店,9126682,A01三鲜鸡精40x180克(二维码),太太乐三鲜鸡精调味料40×180g（二维码）,三鲜鸡精,1.0,9.122,7.8,河北省,邢台市,信都区
2月,2026-02-04,2026,2,4,家凯拼多多,太太乐家凯调味品专卖店,9126682,A01三鲜鸡精40x180克(二维码),太太乐三鲜鸡精调味料40×180g（二维码）,三鲜鸡精,40.0,286.0,7.8,河南省,周口市,沈丘县
2月,2026-02-04,2026,2,4,家凯拼多多,太太乐旗舰店,9126682,A01三鲜鸡精40x180克(二维码),太太乐三鲜鸡精调味料40×180g（二维码）,三鲜鸡精,2.0,17.1204,7.8,河南省,周口市,项城市
2月,2026-02-04,2026,2,4,家凯拼多多,太太乐TOTOLE调味旗舰店,9126682,A01三鲜鸡精40x180克(二维码),太太乐三鲜鸡精调味料40×180g（二维码）,三鲜鸡精,1.0,10.9,7.8,河南省,驻马店市,汝南县
2月,2026-02-04,2026,2,4,家凯拼多多,太太乐家凯专卖店,9126682,A01三鲜鸡精40x180克(二维码),太太乐三鲜鸡精调味料40×180g（二维码）,三鲜鸡精,40.0,286.0,7.8,河南省,驻马店市,泌阳县
2月,2026-02-04,2026,2,4,家凯拼多多,太太乐旗舰店,9126682,A01三鲜鸡精40x180克(二维码),太太乐三鲜鸡精调味料40×180g（二维码）,三鲜鸡精,1.0,10.9,7.8,浙江省,宁波市,宁海县
2月,2026-02-04,2026,2,4,家凯拼多多,太太乐旗舰店,9126682,A01三鲜鸡精40x180克(二维码),太太乐三鲜鸡精调味料40×180g（二维码）,三鲜鸡精,2.0,17.1204,7.8,浙江省,杭州市,西湖区
2月,2026-02-04,2026,2,4,家凯拼多多,太太乐家凯调味品专卖店,9126682,A01三鲜鸡精40x180克(二维码),太太乐三鲜鸡精调味料40×180g（二维码）,三鲜鸡精,40.0,283.0,7.8,浙江省,温州市,洞头区
2月,2026-02-04,2026,2,4,家凯拼多多,太太乐TOTOLE调味旗舰店,9126682,A01三鲜鸡精40x180克(二维码),太太乐三鲜鸡精调味料40×180g（二维码）,三鲜鸡精,2.0,18.9,7.8,浙江省,绍兴市,新昌县
2月,2026-02-04,2026,2,4,家凯拼多多,太太乐TOTOLE调味旗舰店,9126682,A01三鲜鸡精40x180克(二维码),太太乐三鲜鸡精调味料40×180g（二维码）,三鲜鸡精,5.0,40.9,7.8,浙江省,绍兴市,柯桥区
2月,2026-02-04,2026,2,4,家凯拼多多,太太乐家凯调味品专卖店,9126682,A01三鲜鸡精40x180克(二维码),太太乐三鲜鸡精调味料40×180g（二维码）,三鲜鸡精,40.0,286.0,7.8,浙江省,金华市,义乌市
2月,2026-02-04,2026,2,4,家凯拼多多,太太乐TOTOLE调味旗舰店,9126682,A01三鲜鸡精40x180克(二维码),太太乐三鲜鸡精调味料40×180g（二维码）,三鲜鸡精,5.0,38.86,7.8,浙江省,金华市,浦江县
2月,2026-02-04,2026,2,4,家凯拼多多,太太乐家凯专卖店,9126682,A01三鲜鸡精40x180克(二维码),太太乐三鲜鸡精调味料40×180g（二维码）,三鲜鸡精,40.0,286.0,7.8,海南省,五指山市,通什镇
2月,2026-02-04,2026,2,4,家凯拼多多,太太乐家凯调味品专卖店,9126682,A01三鲜鸡精40x180克(二维码),太太乐三鲜鸡精调味料40×180g（二维码）,三鲜鸡精,40.0,254.54,7.8,湖北省,孝感市,汉川市
2月,2026-02-04,2026,2,4,家凯拼多多,太太乐旗舰店,9126682,A01三鲜鸡精40x180克(二维码),太太乐三鲜鸡精调味料40×180g（二维码）,三鲜鸡精,18.0,111.3606,7.8,湖北省,襄阳市,枣阳市
2月,2026-02-04,2026,2,4,家凯拼多多,太太乐旗舰店,9126682,A01三鲜鸡精40x180克(二维码),太太乐三鲜鸡精调味料40×180g（二维码）,三鲜鸡精,6.0,40.1766,7.8,湖北省,黄石市,大冶市
2月,2026-02-04,2026,2,4,家凯拼多多,太太乐家凯调味品专卖店,9126682,A01三鲜鸡精40x180克(二维码),太太乐三鲜鸡精调味料40×180g（二维码）,三鲜鸡精,15.0,108.4995,7.8,湖南省,常德市,桃源县
2月,2026-02-04,2026,2,4,家凯拼多多,太太乐旗舰店,9126682,A01三鲜鸡精40x180克(二维码),太太乐三鲜鸡精调味料40×180g（二维码）,三鲜鸡精,2.0,13.3592,7.8,湖南省,永州市,冷水滩区
2月,2026-02-04,2026,2,4,家凯拼多多,太太乐旗舰店,9126682,A01三鲜鸡精40x180克(二维码),太太乐三鲜鸡精调味料40×180g（二维码）,三鲜鸡精,3.0,18.9843,7.8,湖南省,永州市,江永县
2月,2026-02-04,2026,2,4,家凯拼多多,太太乐旗舰店,9126682,A01三鲜鸡精40x180克(二维码),太太乐三鲜鸡精调味料40×180g（二维码）,三鲜鸡精,1.0,9.122,7.8,湖南省,衡阳市,石鼓区
2月,2026-02-04,2026,2,4,家凯拼多多,太太乐家凯专卖店,9126682,A01三鲜鸡精40x180克(二维码),太太乐三鲜鸡精调味料40×180g（二维码）,三鲜鸡精,15.0,109.9995,7.8,甘肃省,张掖市,甘州区
2月,2026-02-04,2026,2,4,家凯拼多多,太太乐旗舰店,9126682,A01三鲜鸡精40x180克(二维码),太太乐三鲜鸡精调味料40×180g（二维码）,三鲜鸡精,1.0,9.6,7.8,甘肃省,武威市,天祝藏族自治县
2月,2026-02-04,2026,2,4,家凯拼多多,太太乐TOTOLE调味旗舰店,9126682,A01三鲜鸡精40x180克(二维码),太太乐三鲜鸡精调味料40×180g（二维码）,三鲜鸡精,1.0,10.9,7.8,辽宁省,大连市,大连开发区
2月,2026-02-04,2026,2,4,家凯拼多多,太太乐TOTOLE调味旗舰店,9126682,A01三鲜鸡精40x180克(二维码),太太乐三鲜鸡精调味料40×180g（二维码）,三鲜鸡精,1.0,10.9,7.8,辽宁省,锦州市,凌河区
2月,2026-02-04,2026,2,4,家凯拼多多,太太乐家凯调味品专卖店,9126682,A01三鲜鸡精40x180克(二维码),太太乐三鲜鸡精调味料40×180g（二维码）,三鲜鸡精,40.0,286.0,7.8,陕西省,咸阳市,秦都区
2月,2026-02-04,2026,2,4,家凯拼多多,太太乐旗舰店,9126682,A01三鲜鸡精40x180克(二维码),太太乐三鲜鸡精调味料40×180g（二维码）,三鲜鸡精,3.0,23.7306,7.8,陕西省,西安市,雁塔区
2月,2026-02-04,2026,2,4,家凯拼多多,太太乐旗舰店,9126682,A01三鲜鸡精40x180克(二维码),太太乐三鲜鸡精调味料40×180g（二维码）,三鲜鸡精,2.0,17.1204,7.8,陕西省,西安市,雁塔区
2月,2026-02-04,2026,2,4,家凯拼多多,太太乐旗舰店,9126682,A01三鲜鸡精40x180克(二维码),太太乐三鲜鸡精调味料40×180g（二维码）,三鲜鸡精,1.0,7.139,7.8,黑龙江省,牡丹江市,宁安市
2月,2026-02-05,2026,2,5,家凯拼多多,太太乐旗舰店,9126682,A01三鲜鸡精40x180克(二维码),太太乐三鲜鸡精调味料40×180g（二维码）,三鲜鸡精,1.0,10.9,7.8,上海,上海市,嘉定区
2月,2026-02-05,2026,2,5,家凯拼多多,太太乐旗舰店,9126682,A01三鲜鸡精40x180克(二维码),太太乐三鲜鸡精调味料40×180g（二维码）,三鲜鸡精,3.0,18.753,7.8,上海,上海市,青浦区
2月,2026-02-05,2026,2,5,家凯拼多多,太太乐旗舰店,9126682,A01三鲜鸡精40x180克(二维码),太太乐三鲜鸡精调味料40×180g（二维码）,三鲜鸡精,2.0,17.1204,7.8,安徽省,亳州市,涡阳县
2月,2026-02-05,2026,2,5,家凯拼多多,太太乐家凯专卖店,9126682,A01三鲜鸡精40x180克(二维码),太太乐三鲜鸡精调味料40×180g（二维码）,三鲜鸡精,15.0,94.9995,7.8,安徽省,安庆市,迎江区
2月,2026-02-05,2026,2,5,家凯拼多多,太太乐家凯调味品专卖店,9126682,A01三鲜鸡精40x180克(二维码),太太乐三鲜鸡精调味料40×180g（二维码）,三鲜鸡精,40.0,279.0,7.8,安徽省,宣城市,宣州区
2月,2026-02-05,2026,2,5,家凯拼多多,太太乐旗舰店,9126682,A01三鲜鸡精40x180克(二维码),太太乐三鲜鸡精调味料40×180g（二维码）,三鲜鸡精,1.0,9.27,7.8,安徽省,池州市,东至县
2月,2026-02-05,2026,2,5,家凯拼多多,太太乐家凯调味品专卖店,9126682,A01三鲜鸡精40x180克(二维码),太太乐三鲜鸡精调味料40×180g（二维码）,三鲜鸡精,40.0,286.0,7.8,安徽省,阜阳市,临泉县
2月,2026-02-05,2026,2,5,家凯拼多多,太太乐TOTOLE调味旗舰店,9126682,A01三鲜鸡精40x180克(二维码),太太乐三鲜鸡精调味料40×180g（二维码）,三鲜鸡精,2.0,18.9,7.8,安徽省,阜阳市,临泉县
2月,2026-02-05,2026,2,5,家凯拼多多,太太乐旗舰店,9126682,A01三鲜鸡精40x180克(二维码),太太乐三鲜鸡精调味料40×180g（二维码）,三鲜鸡精,1.0,10.9,7.8,山东省,淄博市,桓台县
2月,2026-02-05,2026,2,5,家凯拼多多,太太乐旗舰店,9126682,A01三鲜鸡精40x180克(二维码),太太乐三鲜鸡精调味料40×180g（二维码）,三鲜鸡精,3.0,17.8011,7.8,山东省,烟台市,福山区
2月,2026-02-05,2026,2,5,家凯拼多多,太太乐旗舰店,9126682,A01三鲜鸡精40x180克(二维码),太太乐三鲜鸡精调味料40×180g（二维码）,三鲜鸡精,1.0,10.9,7.8,山东省,青岛市,李沧区
2月,2026-02-05,2026,2,5,家凯拼多多,太太乐TOTOLE调味旗舰店,9126682,A01三鲜鸡精40x180克(二维码),太太乐三鲜鸡精调味料40×180g（二维码）,三鲜鸡精,1.0,10.9,7.8,山东省,青岛市,胶州市
2月,2026-02-05,2026,2,5,家凯拼多多,太太乐旗舰店,9126682,A01三鲜鸡精40x180克(二维码),太太乐三鲜鸡精调味料40×180g（二维码）,三鲜鸡精,2.0,14.5556,7.8,广东省,东莞市,虎门镇
2月,2026-02-05,2026,2,5,家凯拼多多,太太乐TOTOLE调味旗舰店,9126682,A01三鲜鸡精40x180克(二维码),太太乐三鲜鸡精调味料40×180g（二维码）,三鲜鸡精,5.0,40.9,7.8,广东省,中山市,南区街道
2月,2026-02-05,2026,2,5,家凯拼多多,太太乐旗舰店,9126682,A01三鲜鸡精40x180克(二维码),太太乐三鲜鸡精调味料40×180g（二维码）,三鲜鸡精,3.0,18.9843,7.8,广东省,汕头市,澄海区
2月,2026-02-05,2026,2,5,家凯拼多多,太太乐旗舰店,9126682,A01三鲜鸡精40x180克(二维码),太太乐三鲜鸡精调味料40×180g（二维码）,三鲜鸡精,1.0,10.9,7.8,江苏省,南京市,浦口区
2月,2026-02-05,2026,2,5,家凯拼多多,太太乐旗舰店,9126682,A01三鲜鸡精40x180克(二维码),太太乐三鲜鸡精调味料40×180g（二维码）,三鲜鸡精,3.0,25.8999,7.8,江苏省,宿迁市,沭阳县
2月,2026-02-05,2026,2,5,家凯拼多多,太太乐TOTOLE调味旗舰店,9126682,A01三鲜鸡精40x180克(二维码),太太乐三鲜鸡精调味料40×180g（二维码）,三鲜鸡精,1.0,8.51,7.8,江苏省,徐州市,丰县
2月,2026-02-05,2026,2,5,家凯拼多多,太太乐家凯专卖店,9126682,A01三鲜鸡精40x180克(二维码),太太乐三鲜鸡精调味料40×180g（二维码）,三鲜鸡精,80.0,537.968,7.8,江苏省,徐州市,邳州市
2月,2026-02-05,2026,2,5,家凯拼多多,太太乐家凯调味品专卖店,9126682,A01三鲜鸡精40x180克(二维码),太太乐三鲜鸡精调味料40×180g（二维码）,三鲜鸡精,15.0,109.9995,7.8,江苏省,淮安市,淮安区
2月,2026-02-05,2026,2,5,家凯拼多多,太太乐家凯专卖店,9126682,A01三鲜鸡精40x180克(二维码),太太乐三鲜鸡精调味料40×180g（二维码）,三鲜鸡精,40.0,286.0,7.8,江苏省,淮安市,金湖县
2月,2026-02-05,2026,2,5,家凯拼多多,太太乐家凯调味品专卖店,9126682,A01三鲜鸡精40x180克(二维码),太太乐三鲜鸡精调味料40×180g（二维码）,三鲜鸡精,40.0,279.0,7.8,江苏省,苏州市,吴江区
2月,2026-02-05,2026,2,5,家凯拼多多,太太乐旗舰店,9126682,A01三鲜鸡精40x180克(二维码),太太乐三鲜鸡精调味料40×180g（二维码）,三鲜鸡精,2.0,15.4084,7.8,江西省,九江市,湖口县
2月,2026-02-05,2026,2,5,家凯拼多多,太太乐旗舰店,9126682,A01三鲜鸡精40x180克(二维码),太太乐三鲜鸡精调味料40×180g（二维码）,三鲜鸡精,1.0,8.72,7.8,河北省,衡水市,饶阳县
2月,2026-02-05,2026,2,5,家凯拼多多,太太乐旗舰店,9126682,A01三鲜鸡精40x180克(二维码),太太乐三鲜鸡精调味料40×180g（二维码）,三鲜鸡精,1.0,12.99,7.8,河南省,信阳市,罗山县
2月,2026-02-05,2026,2,5,家凯拼多多,太太乐旗舰店,9126682,A01三鲜鸡精40x180克(二维码),太太乐三鲜鸡精调味料40×180g（二维码）,三鲜鸡精,1.0,10.9,7.8,河南省,周口市,淮阳区
2月,2026-02-05,2026,2,5,家凯拼多多,太太乐旗舰店,9126682,A01三鲜鸡精40x180克(二维码),太太乐三鲜鸡精调味料40×180g（二维码）,三鲜鸡精,2.0,14.7274,7.8,河南省,郑州市,中原区
2月,2026-02-05,2026,2,5,家凯拼多多,太太乐家凯调味品专卖店,9126682,A01三鲜鸡精40x180克(二维码),太太乐三鲜鸡精调味料40×180g（二维码）,三鲜鸡精,40.0,286.0,7.8,浙江省,宁波市,鄞州区
2月,2026-02-05,2026,2,5,家凯拼多多,太太乐旗舰店,9126682,A01三鲜鸡精40x180克(二维码),太太乐三鲜鸡精调味料40×180g（二维码）,三鲜鸡精,3.0,18.1299,7.8,浙江省,杭州市,临平区
2月,2026-02-05,2026,2,5,家凯拼多多,太太乐家凯专卖店,9126682,A01三鲜鸡精40x180克(二维码),太太乐三鲜鸡精调味料40×180g（二维码）,三鲜鸡精,15.0,109.9995,7.8,浙江省,杭州市,建德市
2月,2026-02-05,2026,2,5,家凯拼多多,太太乐家凯调味品专卖店,9126682,A01三鲜鸡精40x180克(二维码),太太乐三鲜鸡精调味料40×180g（二维码）,三鲜鸡精,15.0,102.3,7.8,海南省,海口市,美兰区
2月,2026-02-05,2026,2,5,家凯拼多多,太太乐TOTOLE调味旗舰店,9126682,A01三鲜鸡精40x180克(二维码),太太乐三鲜鸡精调味料40×180g（二维码）,三鲜鸡精,2.0,15.12,7.8,湖北省,咸宁市,赤壁市
2月,2026-02-05,2026,2,5,家凯拼多多,太太乐旗舰店,9126682,A01三鲜鸡精40x180克(二维码),太太乐三鲜鸡精调味料40×180g（二维码）,三鲜鸡精,2.0,17.1204,7.8,湖北省,武汉市,江岸区
2月,2026-02-05,2026,2,5,家凯拼多多,太太乐家凯调味品专卖店,9126682,A01三鲜鸡精40x180克(二维码),太太乐三鲜鸡精调味料40×180g（二维码）,三鲜鸡精,40.0,286.0,7.8,湖北省,随州市,曾都区
2月,2026-02-05,2026,2,5,家凯拼多多,太太乐旗舰店,9126682,A01三鲜鸡精40x180克(二维码),太太乐三鲜鸡精调味料40×180g（二维码）,三鲜鸡精,3.0,23.7306,7.8,湖北省,黄冈市,黄梅县
2月,2026-02-05,2026,2,5,家凯拼多多,太太乐家凯调味品专卖店,9126682,A01三鲜鸡精40x180克(二维码),太太乐三鲜鸡精调味料40×180g（二维码）,三鲜鸡精,15.0,104.5005,7.8,湖南省,衡阳市,耒阳市
2月,2026-02-05,2026,2,5,家凯拼多多,太太乐TOTOLE调味旗舰店,9126682,A01三鲜鸡精40x180克(二维码),太太乐三鲜鸡精调味料40×180g（二维码）,三鲜鸡精,1.0,10.9,7.8,湖南省,邵阳市,邵阳县
2月,2026-02-05,2026,2,5,家凯拼多多,太太乐家凯调味品专卖店,9126682,A01三鲜鸡精40x180克(二维码),太太乐三鲜鸡精调味料40×180g（二维码）,三鲜鸡精,40.0,257.4,7.8,福建省,三明市,将乐县
2月,2026-02-05,2026,2,5,家凯拼多多,太太乐家凯调味品专卖店,9126682,A01三鲜鸡精40x180克(二维码),太太乐三鲜鸡精调味料40×180g（二维码）,三鲜鸡精,15.0,109.9995,7.8,福建省,三明市,尤溪县
2月,2026-02-05,2026,2,5,家凯拼多多,太太乐家凯调味品专卖店,9126682,A01三鲜鸡精40x180克(二维码),太太乐三鲜鸡精调味料40×180g（二维码）,三鲜鸡精,40.0,271.0,7.8,福建省,宁德市,霞浦县
2月,2026-02-05,2026,2,5,家凯拼多多,太太乐旗舰店,9126682,A01三鲜鸡精40x180克(二维码),太太乐三鲜鸡精调味料40×180g（二维码）,三鲜鸡精,2.0,12.8436,7.8,福建省,泉州市,南安市
2月,2026-02-05,2026,2,5,家凯拼多多,太太乐旗舰店,9126682,A01三鲜鸡精40x180克(二维码),太太乐三鲜鸡精调味料40×180g（二维码）,三鲜鸡精,3.0,21.5955,7.8,福建省,福州市,福清市
2月,2026-02-05,2026,2,5,家凯拼多多,太太乐旗舰店,9126682,A01三鲜鸡精40x180克(二维码),太太乐三鲜鸡精调味料40×180g（二维码）,三鲜鸡精,3.0,25.8999,7.8,福建省,莆田市,仙游县
2月,2026-02-05,2026,2,5,家凯拼多多,太太乐家凯调味品专卖店,9126682,A01三鲜鸡精40x180克(二维码),太太乐三鲜鸡精调味料40×180g（二维码）,三鲜鸡精,15.0,109.9995,7.8,辽宁省,大连市,甘井子区
2月,2026-02-05,2026,2,5,家凯拼多多,太太乐旗舰店,9126682,A01三鲜鸡精40x180克(二维码),太太乐三鲜鸡精调味料40×180g（二维码）,三鲜鸡精,1.0,8.72,7.8,辽宁省,锦州市,凌河区
2月,2026-02-05,2026,2,5,家凯拼多多,太太乐TOTOLE调味旗舰店,9126682,A01三鲜鸡精40x180克(二维码),太太乐三鲜鸡精调味料40×180g（二维码）,三鲜鸡精,5.0,37.92,7.8,陕西省,咸阳市,渭城区
2月,2026-02-05,2026,2,5,家凯拼多多,太太乐家凯调味品专卖店,9126682,A01三鲜鸡精40x180克(二维码),太太乐三鲜鸡精调味料40×180g（二维码）,三鲜鸡精,40.0,286.0,7.8,黑龙江省,哈尔滨市,木兰县
2月,2026-02-06,2026,2,6,家凯拼多多,太太乐旗舰店,9126682,A01三鲜鸡精40x180克(二维码),太太乐三鲜鸡精调味料40×180g（二维码）,三鲜鸡精,1.0,10.9,7.8,上海,上海市,徐汇区
2月,2026-02-06,2026,2,6,家凯拼多多,太太乐TOTOLE调味旗舰店,9126682,A01三鲜鸡精40x180克(二维码),太太乐三鲜鸡精调味料40×180g（二维码）,三鲜鸡精,3.0,26.9001,7.8,上海,上海市,虹口区
2月,2026-02-06,2026,2,6,家凯拼多多,太太乐家凯调味品专卖店,9126682,A01三鲜鸡精40x180克(二维码),太太乐三鲜鸡精调味料40×180g（二维码）,三鲜鸡精,15.0,109.9995,7.8,云南省,玉溪市,元江哈尼族彝族傣族自治县
2月,2026-02-06,2026,2,6,家凯拼多多,太太乐TOTOLE调味旗舰店,9126682,A01三鲜鸡精40x180克(二维码),太太乐三鲜鸡精调味料40×180g（二维码）,三鲜鸡精,1.0,0.9,7.8,吉林省,白城市,洮北区
2月,2026-02-06,2026,2,6,家凯拼多多,太太乐TOTOLE调味旗舰店,9126682,A01三鲜鸡精40x180克(二维码),太太乐三鲜鸡精调味料40×180g（二维码）,三鲜鸡精,2.0,18.9,7.8,四川省,广元市,苍溪县
2月,2026-02-06,2026,2,6,家凯拼多多,太太乐TOTOLE调味旗舰店,9126682,A01三鲜鸡精40x180克(二维码),太太乐三鲜鸡精调味料40×180g（二维码）,三鲜鸡精,1.0,10.9,7.8,四川省,达州市,万源市
2月,2026-02-06,2026,2,6,家凯拼多多,太太乐旗舰店,9126682,A01三鲜鸡精40x180克(二维码),太太乐三鲜鸡精调味料40×180g（二维码）,三鲜鸡精,2.0,12.8436,7.8,四川省,达州市,大竹县
2月,2026-02-06,2026,2,6,家凯拼多多,太太乐TOTOLE调味旗舰店,9126682,A01三鲜鸡精40x180克(二维码),太太乐三鲜鸡精调味料40×180g（二维码）,三鲜鸡精,1.0,10.9,7.8,安徽省,阜阳市,颍上县
2月,2026-02-06,2026,2,6,家凯拼多多,太太乐TOTOLE调味旗舰店,9126682,A01三鲜鸡精40x180克(二维码),太太乐三鲜鸡精调味料40×180g（二维码）,三鲜鸡精,1.0,10.9,7.8,山东省,威海市,环翠区
2月,2026-02-06,2026,2,6,家凯拼多多,太太乐旗舰店,9126682,A01三鲜鸡精40x180克(二维码),太太乐三鲜鸡精调味料40×180g（二维码）,三鲜鸡精,3.0,18.1299,7.8,山东省,淄博市,周村区
2月,2026-02-06,2026,2,6,家凯拼多多,太太乐家凯调味品专卖店,9126682,A01三鲜鸡精40x180克(二维码),太太乐三鲜鸡精调味料40×180g（二维码）,三鲜鸡精,40.0,254.54,7.8,山东省,菏泽市,巨野县
2月,2026-02-06,2026,2,6,家凯拼多多,太太乐旗舰店,9126682,A01三鲜鸡精40x180克(二维码),太太乐三鲜鸡精调味料40×180g（二维码）,三鲜鸡精,1.0,10.9,7.8,广东省,深圳市,龙岗区
2月,2026-02-06,2026,2,6,家凯拼多多,太太乐旗舰店,9126682,A01三鲜鸡精40x180克(二维码),太太乐三鲜鸡精调味料40×180g（二维码）,三鲜鸡精,1.0,8.65,7.8,江苏省,常州市,武进区
2月,2026-02-06,2026,2,6,家凯拼多多,太太乐家凯专卖店,9126682,A01三鲜鸡精40x180克(二维码),太太乐三鲜鸡精调味料40×180g（二维码）,三鲜鸡精,40.0,286.0,7.8,江西省,九江市,修水县
2月,2026-02-06,2026,2,6,家凯拼多多,太太乐家凯调味品专卖店,9126682,A01三鲜鸡精40x180克(二维码),太太乐三鲜鸡精调味料40×180g（二维码）,三鲜鸡精,40.0,271.7,7.8,江西省,九江市,浔阳区
2月,2026-02-06,2026,2,6,家凯拼多多,太太乐旗舰店,9126682,A01三鲜鸡精40x180克(二维码),太太乐三鲜鸡精调味料40×180g（二维码）,三鲜鸡精,1.0,10.9,7.8,江西省,九江市,瑞昌市
2月,2026-02-06,2026,2,6,家凯拼多多,太太乐TOTOLE调味旗舰店,9126682,A01三鲜鸡精40x180克(二维码),太太乐三鲜鸡精调味料40×180g（二维码）,三鲜鸡精,2.0,12.9,7.8,江西省,赣州市,兴国县
2月,2026-02-06,2026,2,6,家凯拼多多,太太乐TOTOLE调味旗舰店,9126682,A01三鲜鸡精40x180克(二维码),太太乐三鲜鸡精调味料40×180g（二维码）,三鲜鸡精,1.0,10.9,7.8,河北省,邢台市,南宫市
2月,2026-02-06,2026,2,6,家凯拼多多,太太乐旗舰店,9126682,A01三鲜鸡精40x180克(二维码),太太乐三鲜鸡精调味料40×180g（二维码）,三鲜鸡精,1.0,8.72,7.8,浙江省,嘉兴市,南湖区
2月,2026-02-06,2026,2,6,家凯拼多多,太太乐家凯专卖店,9126682,A01三鲜鸡精40x180克(二维码),太太乐三鲜鸡精调味料40×180g（二维码）,三鲜鸡精,40.0,271.7,7.8,浙江省,温州市,泰顺县
2月,2026-02-06,2026,2,6,家凯拼多多,太太乐家凯调味品专卖店,9126682,A01三鲜鸡精40x180克(二维码),太太乐三鲜鸡精调味料40×180g（二维码）,三鲜鸡精,40.0,254.54,7.8,浙江省,湖州市,安吉县
2月,2026-02-06,2026,2,6,家凯拼多多,太太乐家凯调味品专卖店,9126682,A01三鲜鸡精40x180克(二维码),太太乐三鲜鸡精调味料40×180g（二维码）,三鲜鸡精,40.0,286.0,7.8,浙江省,绍兴市,上虞区
2月,2026-02-06,2026,2,6,家凯拼多多,太太乐家凯调味品专卖店,9126682,A01三鲜鸡精40x180克(二维码),太太乐三鲜鸡精调味料40×180g（二维码）,三鲜鸡精,15.0,105.0,7.8,浙江省,绍兴市,柯桥区
2月,2026-02-06,2026,2,6,家凯拼多多,太太乐家凯调味品专卖店,9126682,A01三鲜鸡精40x180克(二维码),太太乐三鲜鸡精调味料40×180g（二维码）,三鲜鸡精,40.0,286.0,7.8,浙江省,金华市,永康市
2月,2026-02-06,2026,2,6,家凯拼多多,太太乐旗舰店,9126682,A01三鲜鸡精40x180克(二维码),太太乐三鲜鸡精调味料40×180g（二维码）,三鲜鸡精,1.0,8.18,7.8,浙江省,金华市,磐安县
2月,2026-02-06,2026,2,6,家凯拼多多,太太乐家凯专卖店,9126682,A01三鲜鸡精40x180克(二维码),太太乐三鲜鸡精调味料40×180g（二维码）,三鲜鸡精,15.0,109.9995,7.8,海南省,省直辖县级行政区划,东方市
2月,2026-02-06,2026,2,6,家凯拼多多,太太乐旗舰店,9126682,A01三鲜鸡精40x180克(二维码),太太乐三鲜鸡精调味料40×180g（二维码）,三鲜鸡精,3.0,18.1299,7.8,海南省,省直辖县级行政区划,屯昌县
2月,2026-02-06,2026,2,6,家凯拼多多,太太乐家凯调味品专卖店,9126682,A01三鲜鸡精40x180克(二维码),太太乐三鲜鸡精调味料40×180g（二维码）,三鲜鸡精,80.0,503.992,7.8,湖北省,襄阳市,枣阳市
2月,2026-02-06,2026,2,6,家凯拼多多,太太乐TOTOLE调味旗舰店,9126682,A01三鲜鸡精40x180克(二维码),太太乐三鲜鸡精调味料40×180g（二维码）,三鲜鸡精,1.0,10.9,7.8,湖南省,怀化市,溆浦县
2月,2026-02-06,2026,2,6,家凯拼多多,太太乐家凯调味品专卖店,9126682,A01三鲜鸡精40x180克(二维码),太太乐三鲜鸡精调味料40×180g（二维码）,三鲜鸡精,40.0,286.0,7.8,湖南省,怀化市,芷江侗族自治县
2月,2026-02-06,2026,2,6,家凯拼多多,太太乐家凯专卖店,9126682,A01三鲜鸡精40x180克(二维码),太太乐三鲜鸡精调味料40×180g（二维码）,三鲜鸡精,30.0,214.8,7.8,湖南省,湘潭市,湘潭县
2月,2026-02-06,2026,2,6,家凯拼多多,太太乐家凯调味品专卖店,9126682,A01三鲜鸡精40x180克(二维码),太太乐三鲜鸡精调味料40×180g（二维码）,三鲜鸡精,40.0,260.26,7.8,湖南省,湘西土家族苗族自治州,凤凰县
2月,2026-02-06,2026,2,6,家凯拼多多,太太乐家凯调味品专卖店,9126682,A01三鲜鸡精40x180克(二维码),太太乐三鲜鸡精调味料40×180g（二维码）,三鲜鸡精,40.0,257.4,7.8,湖南省,邵阳市,新邵县
2月,2026-02-06,2026,2,6,家凯拼多多,太太乐旗舰店,9126682,A01三鲜鸡精40x180克(二维码),太太乐三鲜鸡精调味料40×180g（二维码）,三鲜鸡精,2.0,15.1372,7.8,福建省,宁德市,福安市
2月,2026-02-06,2026,2,6,家凯拼多多,太太乐旗舰店,9126682,A01三鲜鸡精40x180克(二维码),太太乐三鲜鸡精调味料40×180g（二维码）,三鲜鸡精,3.0,22.02,7.8,福建省,泉州市,安溪县
2月,2026-02-06,2026,2,6,家凯拼多多,太太乐家凯调味品专卖店,9126682,A01三鲜鸡精40x180克(二维码),太太乐三鲜鸡精调味料40×180g（二维码）,三鲜鸡精,40.0,271.972,7.8,贵州省,贵阳市,开阳县
2月,2026-02-06,2026,2,6,家凯拼多多,太太乐TOTOLE调味旗舰店,9126682,A01三鲜鸡精40x180克(二维码),太太乐三鲜鸡精调味料40×180g（二维码）,三鲜鸡精,1.0,10.9,7.8,辽宁省,沈阳市,皇姑区
2月,2026-02-06,2026,2,6,家凯拼多多,太太乐旗舰店,9126682,A01三鲜鸡精40x180克(二维码),太太乐三鲜鸡精调味料40×180g（二维码）,三鲜鸡精,1.0,7.63,7.8,重庆,重庆市,大渡口区
2月,2026-02-06,2026,2,6,家凯拼多多,太太乐TOTOLE调味旗舰店,9126682,A01三鲜鸡精40x180克(二维码),太太乐三鲜鸡精调味料40×180g（二维码）,三鲜鸡精,1.0,10.9,7.8,陕西省,安康市,白河县
2月,2026-02-06,2026,2,6,家凯拼多多,太太乐家凯专卖店,9126682,A01三鲜鸡精40x180克(二维码),太太乐三鲜鸡精调味料40×180g（二维码）,三鲜鸡精,40.0,286.0,7.8,陕西省,榆林市,靖边县
2月,2026-02-06,2026,2,6,家凯拼多多,太太乐TOTOLE调味旗舰店,9126682,A01三鲜鸡精40x180克(二维码),太太乐三鲜鸡精调味料40×180g（二维码）,三鲜鸡精,1.0,9.92,7.8,陕西省,西安市,雁塔区
2月,2026-02-06,2026,2,6,家凯拼多多,太太乐家凯专卖店,9126682,A01三鲜鸡精40x180克(二维码),太太乐三鲜鸡精调味料40×180g（二维码）,三鲜鸡精,40.0,286.0,7.8,黑龙江省,哈尔滨市,尚志市
2月,2026-02-07,2026,2,7,家凯拼多多,太太乐旗舰店,9126682,A01三鲜鸡精40x180克(二维码),太太乐三鲜鸡精调味料40×180g（二维码）,三鲜鸡精,1.0,6.8415,7.8,上海,上海市,松江区
2月,2026-02-07,2026,2,7,家凯拼多多,太太乐旗舰店,9126682,A01三鲜鸡精40x180克(二维码),太太乐三鲜鸡精调味料40×180g（二维码）,三鲜鸡精,1.0,6.8415,7.8,上海,上海市,浦东新区
2月,2026-02-07,2026,2,7,家凯拼多多,太太乐旗舰店,9126682,A01三鲜鸡精40x180克(二维码),太太乐三鲜鸡精调味料40×180g（二维码）,三鲜鸡精,2.0,12.8436,7.8,上海,上海市,闵行区
2月,2026-02-07,2026,2,7,家凯拼多多,太太乐旗舰店,9126682,A01三鲜鸡精40x180克(二维码),太太乐三鲜鸡精调味料40×180g（二维码）,三鲜鸡精,1.0,2.5119,7.8,上海,上海市,闵行区
2月,2026-02-07,2026,2,7,家凯拼多多,太太乐旗舰店,9126682,A01三鲜鸡精40x180克(二维码),太太乐三鲜鸡精调味料40×180g（二维码）,三鲜鸡精,1.0,9.122,7.8,上海,上海市,青浦区
2月,2026-02-07,2026,2,7,家凯拼多多,太太乐旗舰店,9126682,A01三鲜鸡精40x180克(二维码),太太乐三鲜鸡精调味料40×180g（二维码）,三鲜鸡精,1.0,6.8415,7.8,云南省,西双版纳傣族自治州,景洪市
2月,2026-02-07,2026,2,7,家凯拼多多,太太乐TOTOLE调味旗舰店,9126682,A01三鲜鸡精40x180克(二维码),太太乐三鲜鸡精调味料40×180g（二维码）,三鲜鸡精,2.0,18.9,7.8,北京,北京市,海淀区
2月,2026-02-07,2026,2,7,家凯拼多多,太太乐旗舰店,9126682,A01三鲜鸡精40x180克(二维码),太太乐三鲜鸡精调味料40×180g（二维码）,三鲜鸡精,1.0,6.8415,7.8,吉林省,通化市,东昌区
2月,2026-02-07,2026,2,7,家凯拼多多,太太乐旗舰店,9126682,A01三鲜鸡精40x180克(二维码),太太乐三鲜鸡精调味料40×180g（二维码）,三鲜鸡精,1.0,7.9,7.8,吉林省,长春市,南关区
2月,2026-02-07,2026,2,7,家凯拼多多,太太乐TOTOLE调味旗舰店,9126682,A01三鲜鸡精40x180克(二维码),太太乐三鲜鸡精调味料40×180g（二维码）,三鲜鸡精,1.0,10.9,7.8,吉林省,长春市,宽城区
2月,2026-02-07,2026,2,7,家凯拼多多,太太乐旗舰店,9126682,A01三鲜鸡精40x180克(二维码),太太乐三鲜鸡精调味料40×180g（二维码）,三鲜鸡精,1.0,8.2098,7.8,吉林省,长春市,宽城区
2月,2026-02-07,2026,2,7,家凯拼多多,太太乐旗舰店,9126682,A01三鲜鸡精40x180克(二维码),太太乐三鲜鸡精调味料40×180g（二维码）,三鲜鸡精,1.0,9.122,7.8,四川省,眉山市,仁寿县
2月,2026-02-07,2026,2,7,家凯拼多多,太太乐旗舰店,9126682,A01三鲜鸡精40x180克(二维码),太太乐三鲜鸡精调味料40×180g（二维码）,三鲜鸡精,1.0,7.2315,7.8,天津,天津市,河西区
2月,2026-02-07,2026,2,7,家凯拼多多,太太乐旗舰店,9126682,A01三鲜鸡精40x180克(二维码),太太乐三鲜鸡精调味料40×180g（二维码）,三鲜鸡精,1.0,9.122,7.8,天津,天津市,津南区
2月,2026-02-07,2026,2,7,家凯拼多多,太太乐旗舰店,9126682,A01三鲜鸡精40x180克(二维码),太太乐三鲜鸡精调味料40×180g（二维码）,三鲜鸡精,1.0,8.0314,7.8,安徽省,亳州市,涡阳县
2月,2026-02-07,2026,2,7,家凯拼多多,太太乐旗舰店,9126682,A01三鲜鸡精40x180克(二维码),太太乐三鲜鸡精调味料40×180g（二维码）,三鲜鸡精,1.0,9.122,7.8,安徽省,安庆市,宿松县
2月,2026-02-07,2026,2,7,家凯拼多多,太太乐旗舰店,9126682,A01三鲜鸡精40x180克(二维码),太太乐三鲜鸡精调味料40×180g（二维码）,三鲜鸡精,1.0,7.7537,7.8,安徽省,宣城市,广德市
2月,2026-02-07,2026,2,7,家凯拼多多,太太乐旗舰店,9126682,A01三鲜鸡精40x180克(二维码),太太乐三鲜鸡精调味料40×180g（二维码）,三鲜鸡精,1.0,10.9,7.8,安徽省,淮南市,大通区
2月,2026-02-07,2026,2,7,家凯拼多多,太太乐旗舰店,9126682,A01三鲜鸡精40x180克(二维码),太太乐三鲜鸡精调味料40×180g（二维码）,三鲜鸡精,1.0,9.122,7.8,安徽省,淮南市,田家庵区
2月,2026-02-07,2026,2,7,家凯拼多多,太太乐旗舰店,9126682,A01三鲜鸡精40x180克(二维码),太太乐三鲜鸡精调味料40×180g（二维码）,三鲜鸡精,1.0,7.7537,7.8,安徽省,滁州市,定远县
2月,2026-02-07,2026,2,7,家凯拼多多,太太乐旗舰店,9126682,A01三鲜鸡精40x180克(二维码),太太乐三鲜鸡精调味料40×180g（二维码）,三鲜鸡精,3.0,20.7201,7.8,安徽省,滁州市,琅琊区
2月,2026-02-07,2026,2,7,家凯拼多多,太太乐旗舰店,9126682,A01三鲜鸡精40x180克(二维码),太太乐三鲜鸡精调味料40×180g（二维码）,三鲜鸡精,1.0,9.122,7.8,安徽省,芜湖市,南陵县
2月,2026-02-07,2026,2,7,家凯拼多多,太太乐旗舰店,9126682,A01三鲜鸡精40x180克(二维码),太太乐三鲜鸡精调味料40×180g（二维码）,三鲜鸡精,1.0,9.122,7.8,安徽省,蚌埠市,怀远县
2月,2026-02-07,2026,2,7,家凯拼多多,太太乐旗舰店,9126682,A01三鲜鸡精40x180克(二维码),太太乐三鲜鸡精调味料40×180g（二维码）,三鲜鸡精,2.0,17.1204,7.8,安徽省,阜阳市,临泉县
2月,2026-02-07,2026,2,7,家凯拼多多,太太乐旗舰店,9126682,A01三鲜鸡精40x180克(二维码),太太乐三鲜鸡精调味料40×180g（二维码）,三鲜鸡精,1.0,6.8415,7.8,安徽省,阜阳市,临泉县
2月,2026-02-07,2026,2,7,家凯拼多多,太太乐旗舰店,9126682,A01三鲜鸡精40x180克(二维码),太太乐三鲜鸡精调味料40×180g（二维码）,三鲜鸡精,2.0,11.9842,7.8,安徽省,阜阳市,阜南县
2月,2026-02-07,2026,2,7,家凯拼多多,太太乐旗舰店,9126682,A01三鲜鸡精40x180克(二维码),太太乐三鲜鸡精调味料40×180g（二维码）,三鲜鸡精,3.0,23.7306,7.8,山东省,临沂市,平邑县
2月,2026-02-07,2026,2,7,家凯拼多多,太太乐旗舰店,9126682,A01三鲜鸡精40x180克(二维码),太太乐三鲜鸡精调味料40×180g（二维码）,三鲜鸡精,3.0,19.4301,7.8,山东省,临沂市,平邑县
2月,2026-02-07,2026,2,7,家凯拼多多,太太乐旗舰店,9126682,A01三鲜鸡精40x180克(二维码),太太乐三鲜鸡精调味料40×180g（二维码）,三鲜鸡精,1.0,9.122,7.8,山东省,临沂市,莒南县
2月,2026-02-07,2026,2,7,家凯拼多多,太太乐旗舰店,9126682,A01三鲜鸡精40x180克(二维码),太太乐三鲜鸡精调味料40×180g（二维码）,三鲜鸡精,1.0,9.122,7.8,山东省,威海市,环翠区
2月,2026-02-07,2026,2,7,家凯拼多多,太太乐旗舰店,9126682,A01三鲜鸡精40x180克(二维码),太太乐三鲜鸡精调味料40×180g（二维码）,三鲜鸡精,1.0,9.122,7.8,山东省,泰安市,东平县
2月,2026-02-07,2026,2,7,家凯拼多多,太太乐旗舰店,9126682,A01三鲜鸡精40x180克(二维码),太太乐三鲜鸡精调味料40×180g（二维码）,三鲜鸡精,1.0,9.122,7.8,山东省,潍坊市,临朐县
2月,2026-02-07,2026,2,7,家凯拼多多,太太乐旗舰店,9126682,A01三鲜鸡精40x180克(二维码),太太乐三鲜鸡精调味料40×180g（二维码）,三鲜鸡精,1.0,9.122,7.8,山东省,烟台市,福山区
2月,2026-02-07,2026,2,7,家凯拼多多,太太乐旗舰店,9126682,A01三鲜鸡精40x180克(二维码),太太乐三鲜鸡精调味料40×180g（二维码）,三鲜鸡精,1.0,7.2976,7.8,山东省,烟台市,芝罘区
2月,2026-02-07,2026,2,7,家凯拼多多,太太乐旗舰店,9126682,A01三鲜鸡精40x180克(二维码),太太乐三鲜鸡精调味料40×180g（二维码）,三鲜鸡精,1.0,10.9,7.8,山东省,烟台市,莱州市
2月,2026-02-07,2026,2,7,家凯拼多多,太太乐旗舰店,9126682,A01三鲜鸡精40x180克(二维码),太太乐三鲜鸡精调味料40×180g（二维码）,三鲜鸡精,1.0,9.122,7.8,山东省,聊城市,东昌府区
2月,2026-02-07,2026,2,7,家凯拼多多,太太乐旗舰店,9126682,A01三鲜鸡精40x180克(二维码),太太乐三鲜鸡精调味料40×180g（二维码）,三鲜鸡精,1.0,9.122,7.8,山东省,菏泽市,牡丹区
2月,2026-02-07,2026,2,7,家凯拼多多,太太乐旗舰店,9126682,A01三鲜鸡精40x180克(二维码),太太乐三鲜鸡精调味料40×180g（二维码）,三鲜鸡精,1.0,9.122,7.8,山东省,青岛市,莱西市
2月,2026-02-07,2026,2,7,家凯拼多多,太太乐旗舰店,9126682,A01三鲜鸡精40x180克(二维码),太太乐三鲜鸡精调味料40×180g（二维码）,三鲜鸡精,1.0,9.122,7.8,山东省,青岛市,黄岛区
2月,2026-02-07,2026,2,7,家凯拼多多,太太乐旗舰店,9126682,A01三鲜鸡精40x180克(二维码),太太乐三鲜鸡精调味料40×180g（二维码）,三鲜鸡精,1.0,9.122,7.8,山西省,太原市,小店区
2月,2026-02-07,2026,2,7,家凯拼多多,太太乐TOTOLE调味旗舰店,9126682,A01三鲜鸡精40x180克(二维码),太太乐三鲜鸡精调味料40×180g（二维码）,三鲜鸡精,1.0,5.9,7.8,广东省,东莞市,沙田镇
2月,2026-02-07,2026,2,7,家凯拼多多,太太乐TOTOLE调味旗舰店,9126682,A01三鲜鸡精40x180克(二维码),太太乐三鲜鸡精调味料40×180g（二维码）,三鲜鸡精,1.0,10.9,7.8,广东省,广州市,白云区
2月,2026-02-07,2026,2,7,家凯拼多多,太太乐旗舰店,9126682,A01三鲜鸡精40x180克(二维码),太太乐三鲜鸡精调味料40×180g（二维码）,三鲜鸡精,1.0,7.139,7.8,广东省,梅州市,兴宁市
2月,2026-02-07,2026,2,7,家凯拼多多,太太乐旗舰店,9126682,A01三鲜鸡精40x180克(二维码),太太乐三鲜鸡精调味料40×180g（二维码）,三鲜鸡精,2.0,17.1204,7.8,广东省,汕头市,龙湖区
2月,2026-02-07,2026,2,7,家凯拼多多,太太乐TOTOLE调味旗舰店,9126682,A01三鲜鸡精40x180克(二维码),太太乐三鲜鸡精调味料40×180g（二维码）,三鲜鸡精,3.0,26.9001,7.8,广东省,深圳市,宝安区
2月,2026-02-07,2026,2,7,家凯拼多多,太太乐旗舰店,9126682,A01三鲜鸡精40x180克(二维码),太太乐三鲜鸡精调味料40×180g（二维码）,三鲜鸡精,1.0,9.122,7.8,广西壮族自治区,河池市,南丹县
2月,2026-02-07,2026,2,7,家凯拼多多,太太乐旗舰店,9126682,A01三鲜鸡精40x180克(二维码),太太乐三鲜鸡精调味料40×180g（二维码）,三鲜鸡精,1.0,9.122,7.8,广西壮族自治区,贵港市,平南县
2月,2026-02-07,2026,2,7,家凯拼多多,太太乐旗舰店,9126682,A01三鲜鸡精40x180克(二维码),太太乐三鲜鸡精调味料40×180g（二维码）,三鲜鸡精,3.0,23.7306,7.8,广西壮族自治区,钦州市,钦北区
2月,2026-02-07,2026,2,7,家凯拼多多,太太乐旗舰店,9126682,A01三鲜鸡精40x180克(二维码),太太乐三鲜鸡精调味料40×180g（二维码）,三鲜鸡精,1.0,7.7537,7.8,江苏省,南京市,六合区
2月,2026-02-07,2026,2,7,家凯拼多多,太太乐TOTOLE调味旗舰店,9126682,A01三鲜鸡精40x180克(二维码),太太乐三鲜鸡精调味料40×180g（二维码）,三鲜鸡精,1.0,10.9,7.8,江苏省,南京市,建邺区
2月,2026-02-07,2026,2,7,家凯拼多多,太太乐旗舰店,9126682,A01三鲜鸡精40x180克(二维码),太太乐三鲜鸡精调味料40×180g（二维码）,三鲜鸡精,1.0,6.8415,7.8,江苏省,宿迁市,宿城区
2月,2026-02-07,2026,2,7,家凯拼多多,太太乐旗舰店,9126682,A01三鲜鸡精40x180克(二维码),太太乐三鲜鸡精调味料40×180g（二维码）,三鲜鸡精,2.0,16.2676,7.8,江苏省,宿迁市,宿豫区
2月,2026-02-07,2026,2,7,家凯拼多多,太太乐旗舰店,9126682,A01三鲜鸡精40x180克(二维码),太太乐三鲜鸡精调味料40×180g（二维码）,三鲜鸡精,1.0,9.122,7.8,江苏省,宿迁市,沭阳县
2月,2026-02-07,2026,2,7,家凯拼多多,太太乐旗舰店,9126682,A01三鲜鸡精40x180克(二维码),太太乐三鲜鸡精调味料40×180g（二维码）,三鲜鸡精,1.0,6.8415,7.8,江苏省,宿迁市,沭阳县
2月,2026-02-07,2026,2,7,家凯拼多多,太太乐旗舰店,9126682,A01三鲜鸡精40x180克(二维码),太太乐三鲜鸡精调味料40×180g（二维码）,三鲜鸡精,1.0,7.2976,7.8,江苏省,徐州市,沛县
2月,2026-02-07,2026,2,7,家凯拼多多,太太乐旗舰店,9126682,A01三鲜鸡精40x180克(二维码),太太乐三鲜鸡精调味料40×180g（二维码）,三鲜鸡精,1.0,7.1192,7.8,江苏省,扬州市,江都区
2月,2026-02-07,2026,2,7,家凯拼多多,太太乐家凯专卖店,9126682,A01三鲜鸡精40x180克(二维码),太太乐三鲜鸡精调味料40×180g（二维码）,三鲜鸡精,40.0,286.0,7.8,江苏省,无锡市,滨湖区
2月,2026-02-07,2026,2,7,家凯拼多多,太太乐旗舰店,9126682,A01三鲜鸡精40x180克(二维码),太太乐三鲜鸡精调味料40×180g（二维码）,三鲜鸡精,3.0,23.5701,7.8,江苏省,淮安市,盱眙县
2月,2026-02-07,2026,2,7,家凯拼多多,太太乐TOTOLE调味旗舰店,9126682,A01三鲜鸡精40x180克(二维码),太太乐三鲜鸡精调味料40×180g（二维码）,三鲜鸡精,2.0,15.9,7.8,江苏省,苏州市,工业园区
2月,2026-02-07,2026,2,7,家凯拼多多,太太乐旗舰店,9126682,A01三鲜鸡精40x180克(二维码),太太乐三鲜鸡精调味料40×180g（二维码）,三鲜鸡精,1.0,9.122,7.8,江苏省,苏州市,昆山市
2月,2026-02-07,2026,2,7,家凯拼多多,太太乐旗舰店,9126682,A01三鲜鸡精40x180克(二维码),太太乐三鲜鸡精调味料40×180g（二维码）,三鲜鸡精,1.0,8.6659,7.8,江苏省,苏州市,虎丘区
2月,2026-02-07,2026,2,7,家凯拼多多,太太乐旗舰店,9126682,A01三鲜鸡精40x180克(二维码),太太乐三鲜鸡精调味料40×180g（二维码）,三鲜鸡精,3.0,23.7306,7.8,江苏省,连云港市,灌南县
2月,2026-02-07,2026,2,7,家凯拼多多,太太乐旗舰店,9126682,A01三鲜鸡精40x180克(二维码),太太乐三鲜鸡精调味料40×180g（二维码）,三鲜鸡精,1.0,6.8415,7.8,江西省,上饶市,广信区
2月,2026-02-07,2026,2,7,家凯拼多多,太太乐旗舰店,9126682,A01三鲜鸡精40x180克(二维码),太太乐三鲜鸡精调味料40×180g（二维码）,三鲜鸡精,1.0,6.8415,7.8,江西省,上饶市,弋阳县
2月,2026-02-07,2026,2,7,家凯拼多多,太太乐旗舰店,9126682,A01三鲜鸡精40x180克(二维码),太太乐三鲜鸡精调味料40×180g（二维码）,三鲜鸡精,1.0,6.8415,7.8,江西省,抚州市,金溪县
2月,2026-02-07,2026,2,7,家凯拼多多,太太乐旗舰店,9126682,A01三鲜鸡精40x180克(二维码),太太乐三鲜鸡精调味料40×180g（二维码）,三鲜鸡精,1.0,7.4827,7.8,江西省,赣州市,全南县
2月,2026-02-07,2026,2,7,家凯拼多多,太太乐旗舰店,9126682,A01三鲜鸡精40x180克(二维码),太太乐三鲜鸡精调味料40×180g（二维码）,三鲜鸡精,1.0,9.122,7.8,河北省,保定市,涞源县
2月,2026-02-07,2026,2,7,家凯拼多多,太太乐旗舰店,9126682,A01三鲜鸡精40x180克(二维码),太太乐三鲜鸡精调味料40×180g（二维码）,三鲜鸡精,1.0,7.2976,7.8,河北省,唐山市,路北区
2月,2026-02-07,2026,2,7,家凯拼多多,太太乐旗舰店,9126682,A01三鲜鸡精40x180克(二维码),太太乐三鲜鸡精调味料40×180g（二维码）,三鲜鸡精,1.0,6.8415,7.8,河北省,廊坊市,文安县
2月,2026-02-07,2026,2,7,家凯拼多多,太太乐旗舰店,9126682,A01三鲜鸡精40x180克(二维码),太太乐三鲜鸡精调味料40×180g（二维码）,三鲜鸡精,1.0,9.122,7.8,河北省,张家口市,怀来县
2月,2026-02-07,2026,2,7,家凯拼多多,太太乐旗舰店,9126682,A01三鲜鸡精40x180克(二维码),太太乐三鲜鸡精调味料40×180g（二维码）,三鲜鸡精,1.0,9.122,7.8,河北省,石家庄市,行唐县
2月,2026-02-07,2026,2,7,家凯拼多多,太太乐旗舰店,9126682,A01三鲜鸡精40x180克(二维码),太太乐三鲜鸡精调味料40×180g（二维码）,三鲜鸡精,1.0,7.63,7.8,河北省,衡水市,安平县
2月,2026-02-07,2026,2,7,家凯拼多多,太太乐旗舰店,9126682,A01三鲜鸡精40x180克(二维码),太太乐三鲜鸡精调味料40×180g（二维码）,三鲜鸡精,2.0,13.6962,7.8,河北省,邢台市,宁晋县
2月,2026-02-07,2026,2,7,家凯拼多多,太太乐旗舰店,9126682,A01三鲜鸡精40x180克(二维码),太太乐三鲜鸡精调味料40×180g（二维码）,三鲜鸡精,1.0,7.2976,7.8,河南省,南阳市,邓州市
2月,2026-02-07,2026,2,7,家凯拼多多,太太乐旗舰店,9126682,A01三鲜鸡精40x180克(二维码),太太乐三鲜鸡精调味料40×180g（二维码）,三鲜鸡精,2.0,17.1204,7.8,河南省,周口市,川汇区
2月,2026-02-07,2026,2,7,家凯拼多多,太太乐旗舰店,9126682,A01三鲜鸡精40x180克(二维码),太太乐三鲜鸡精调味料40×180g（二维码）,三鲜鸡精,1.0,9.122,7.8,河南省,周口市,郸城县
2月,2026-02-07,2026,2,7,家凯拼多多,太太乐旗舰店,9126682,A01三鲜鸡精40x180克(二维码),太太乐三鲜鸡精调味料40×180g（二维码）,三鲜鸡精,1.0,6.8415,7.8,河南省,安阳市,殷都区
2月,2026-02-07,2026,2,7,家凯拼多多,太太乐旗舰店,9126682,A01三鲜鸡精40x180克(二维码),太太乐三鲜鸡精调味料40×180g（二维码）,三鲜鸡精,1.0,9.122,7.8,河南省,郑州市,二七区
2月,2026-02-07,2026,2,7,家凯拼多多,太太乐旗舰店,9126682,A01三鲜鸡精40x180克(二维码),太太乐三鲜鸡精调味料40×180g（二维码）,三鲜鸡精,1.0,9.122,7.8,河南省,郑州市,新郑市
2月,2026-02-07,2026,2,7,家凯拼多多,太太乐旗舰店,9126682,A01三鲜鸡精40x180克(二维码),太太乐三鲜鸡精调味料40×180g（二维码）,三鲜鸡精,1.0,8.3949,7.8,河南省,郑州市,荥阳市
2月,2026-02-07,2026,2,7,家凯拼多多,太太乐旗舰店,9126682,A01三鲜鸡精40x180克(二维码),太太乐三鲜鸡精调味料40×180g（二维码）,三鲜鸡精,1.0,7.2117,7.8,河南省,驻马店市,西平县
2月,2026-02-07,2026,2,7,家凯拼多多,太太乐旗舰店,9126682,A01三鲜鸡精40x180克(二维码),太太乐三鲜鸡精调味料40×180g（二维码）,三鲜鸡精,1.0,9.122,7.8,浙江省,宁波市,鄞州区
2月,2026-02-07,2026,2,7,家凯拼多多,太太乐旗舰店,9126682,A01三鲜鸡精40x180克(二维码),太太乐三鲜鸡精调味料40×180g（二维码）,三鲜鸡精,1.0,7.2976,7.8,浙江省,杭州市,临平区
2月,2026-02-07,2026,2,7,家凯拼多多,太太乐TOTOLE调味旗舰店,9126682,A01三鲜鸡精40x180克(二维码),太太乐三鲜鸡精调味料40×180g（二维码）,三鲜鸡精,3.0,20.1801,7.8,浙江省,杭州市,余杭区
2月,2026-02-07,2026,2,7,家凯拼多多,太太乐旗舰店,9126682,A01三鲜鸡精40x180克(二维码),太太乐三鲜鸡精调味料40×180g（二维码）,三鲜鸡精,1.0,8.18,7.8,浙江省,杭州市,拱墅区
2月,2026-02-07,2026,2,7,家凯拼多多,太太乐旗舰店,9126682,A01三鲜鸡精40x180克(二维码),太太乐三鲜鸡精调味料40×180g（二维码）,三鲜鸡精,3.0,25.8999,7.8,浙江省,温州市,平阳县
2月,2026-02-07,2026,2,7,家凯拼多多,太太乐家凯专卖店,9126682,A01三鲜鸡精40x180克(二维码),太太乐三鲜鸡精调味料40×180g（二维码）,三鲜鸡精,40.0,286.0,7.8,浙江省,温州市,龙港市
2月,2026-02-07,2026,2,7,家凯拼多多,太太乐旗舰店,9126682,A01三鲜鸡精40x180克(二维码),太太乐三鲜鸡精调味料40×180g（二维码）,三鲜鸡精,2.0,17.1204,7.8,浙江省,金华市,义乌市
2月,2026-02-07,2026,2,7,家凯拼多多,太太乐旗舰店,9126682,A01三鲜鸡精40x180克(二维码),太太乐三鲜鸡精调味料40×180g（二维码）,三鲜鸡精,1.0,6.8415,7.8,浙江省,金华市,义乌市
2月,2026-02-07,2026,2,7,家凯拼多多,太太乐旗舰店,9126682,A01三鲜鸡精40x180克(二维码),太太乐三鲜鸡精调味料40×180g（二维码）,三鲜鸡精,1.0,9.122,7.8,海南省,海口市,秀英区
2月,2026-02-07,2026,2,7,家凯拼多多,太太乐旗舰店,9126682,A01三鲜鸡精40x180克(二维码),太太乐三鲜鸡精调味料40×180g（二维码）,三鲜鸡精,1.0,6.8415,7.8,海南省,省直辖县级行政区划,定安县
2月,2026-02-07,2026,2,7,家凯拼多多,太太乐旗舰店,9126682,A01三鲜鸡精40x180克(二维码),太太乐三鲜鸡精调味料40×180g（二维码）,三鲜鸡精,1.0,9.122,7.8,湖北省,仙桃,仙桃市
2月,2026-02-07,2026,2,7,家凯拼多多,太太乐旗舰店,9126682,A01三鲜鸡精40x180克(二维码),太太乐三鲜鸡精调味料40×180g（二维码）,三鲜鸡精,1.0,9.122,7.8,湖北省,十堰市,郧阳区
2月,2026-02-07,2026,2,7,家凯拼多多,太太乐旗舰店,9126682,A01三鲜鸡精40x180克(二维码),太太乐三鲜鸡精调味料40×180g（二维码）,三鲜鸡精,2.0,17.1204,7.8,湖北省,咸宁市,咸安区
2月,2026-02-07,2026,2,7,家凯拼多多,太太乐TOTOLE调味旗舰店,9126682,A01三鲜鸡精40x180克(二维码),太太乐三鲜鸡精调味料40×180g（二维码）,三鲜鸡精,1.0,8.51,7.8,湖北省,武汉市,新洲区
2月,2026-02-07,2026,2,7,家凯拼多多,太太乐旗舰店,9126682,A01三鲜鸡精40x180克(二维码),太太乐三鲜鸡精调味料40×180g（二维码）,三鲜鸡精,1.0,9.122,7.8,湖北省,武汉市,汉阳区
2月,2026-02-07,2026,2,7,家凯拼多多,太太乐旗舰店,9126682,A01三鲜鸡精40x180克(二维码),太太乐三鲜鸡精调味料40×180g（二维码）,三鲜鸡精,2.0,17.1204,7.8,湖北省,荆州市,洪湖市
2月,2026-02-07,2026,2,7,家凯拼多多,太太乐旗舰店,9126682,A01三鲜鸡精40x180克(二维码),太太乐三鲜鸡精调味料40×180g（二维码）,三鲜鸡精,1.0,7.2976,7.8,湖北省,荆州市,监利市
2月,2026-02-07,2026,2,7,家凯拼多多,太太乐旗舰店,9126682,A01三鲜鸡精40x180克(二维码),太太乐三鲜鸡精调味料40×180g（二维码）,三鲜鸡精,1.0,9.122,7.8,湖北省,襄阳市,南漳县
2月,2026-02-07,2026,2,7,家凯拼多多,太太乐旗舰店,9126682,A01三鲜鸡精40x180克(二维码),太太乐三鲜鸡精调味料40×180g（二维码）,三鲜鸡精,1.0,6.3854,7.8,湖北省,黄冈市,红安县
2月,2026-02-07,2026,2,7,家凯拼多多,太太乐旗舰店,9126682,A01三鲜鸡精40x180克(二维码),太太乐三鲜鸡精调味料40×180g（二维码）,三鲜鸡精,3.0,22.5474,7.8,湖南省,益阳市,沅江市
2月,2026-02-07,2026,2,7,家凯拼多多,太太乐旗舰店,9126682,A01三鲜鸡精40x180克(二维码),太太乐三鲜鸡精调味料40×180g（二维码）,三鲜鸡精,1.0,6.8415,7.8,湖南省,衡阳市,衡东县
2月,2026-02-07,2026,2,7,家凯拼多多,太太乐旗舰店,9126682,A01三鲜鸡精40x180克(二维码),太太乐三鲜鸡精调味料40×180g（二维码）,三鲜鸡精,1.0,7.7537,7.8,湖南省,邵阳市,大祥区
2月,2026-02-07,2026,2,7,家凯拼多多,太太乐旗舰店,9126682,A01三鲜鸡精40x180克(二维码),太太乐三鲜鸡精调味料40×180g（二维码）,三鲜鸡精,1.0,6.8415,7.8,甘肃省,兰州市,皋兰县
2月,2026-02-07,2026,2,7,家凯拼多多,太太乐家凯专卖店,9126682,A01三鲜鸡精40x180克(二维码),太太乐三鲜鸡精调味料40×180g（二维码）,三鲜鸡精,40.0,286.0,7.8,福建省,宁德市,古田县
2月,2026-02-07,2026,2,7,家凯拼多多,太太乐旗舰店,9126682,A01三鲜鸡精40x180克(二维码),太太乐三鲜鸡精调味料40×180g（二维码）,三鲜鸡精,1.0,9.122,7.8,福建省,泉州市,丰泽区
2月,2026-02-07,2026,2,7,家凯拼多多,太太乐旗舰店,9126682,A01三鲜鸡精40x180克(二维码),太太乐三鲜鸡精调味料40×180g（二维码）,三鲜鸡精,1.0,9.122,7.8,福建省,福州市,台江区
2月,2026-02-07,2026,2,7,家凯拼多多,太太乐旗舰店,9126682,A01三鲜鸡精40x180克(二维码),太太乐三鲜鸡精调味料40×180g（二维码）,三鲜鸡精,1.0,8.2098,7.8,福建省,莆田市,城厢区
2月,2026-02-07,2026,2,7,家凯拼多多,太太乐旗舰店,9126682,A01三鲜鸡精40x180克(二维码),太太乐三鲜鸡精调味料40×180g（二维码）,三鲜鸡精,1.0,7.7537,7.8,福建省,龙岩市,新罗区
2月,2026-02-07,2026,2,7,家凯拼多多,太太乐旗舰店,9126682,A01三鲜鸡精40x180克(二维码),太太乐三鲜鸡精调味料40×180g（二维码）,三鲜鸡精,1.0,7.7537,7.8,贵州省,贵阳市,花溪区
2月,2026-02-07,2026,2,7,家凯拼多多,太太乐家凯专卖店,9126682,A01三鲜鸡精40x180克(二维码),太太乐三鲜鸡精调味料40×180g（二维码）,三鲜鸡精,40.0,266.0,7.8,贵州省,黔南布依族苗族自治州,惠水县
2月,2026-02-07,2026,2,7,家凯拼多多,太太乐旗舰店,9126682,A01三鲜鸡精40x180克(二维码),太太乐三鲜鸡精调味料40×180g（二维码）,三鲜鸡精,1.0,9.122,7.8,贵州省,黔南布依族苗族自治州,惠水县
2月,2026-02-07,2026,2,7,家凯拼多多,太太乐旗舰店,9126682,A01三鲜鸡精40x180克(二维码),太太乐三鲜鸡精调味料40×180g（二维码）,三鲜鸡精,1.0,9.122,7.8,贵州省,黔南布依族苗族自治州,独山县
2月,2026-02-07,2026,2,7,家凯拼多多,太太乐旗舰店,9126682,A01三鲜鸡精40x180克(二维码),太太乐三鲜鸡精调味料40×180g（二维码）,三鲜鸡精,1.0,7.2976,7.8,辽宁省,大连市,中山区
2月,2026-02-07,2026,2,7,家凯拼多多,太太乐旗舰店,9126682,A01三鲜鸡精40x180克(二维码),太太乐三鲜鸡精调味料40×180g（二维码）,三鲜鸡精,1.0,9.122,7.8,辽宁省,大连市,普兰店区
2月,2026-02-07,2026,2,7,家凯拼多多,太太乐旗舰店,9126682,A01三鲜鸡精40x180克(二维码),太太乐三鲜鸡精调味料40×180g（二维码）,三鲜鸡精,1.0,7.3902,7.8,辽宁省,朝阳市,双塔区
2月,2026-02-07,2026,2,7,家凯拼多多,太太乐旗舰店,9126682,A01三鲜鸡精40x180克(二维码),太太乐三鲜鸡精调味料40×180g（二维码）,三鲜鸡精,1.0,6.3854,7.8,辽宁省,沈阳市,浑南区
2月,2026-02-07,2026,2,7,家凯拼多多,太太乐旗舰店,9126682,A01三鲜鸡精40x180克(二维码),太太乐三鲜鸡精调味料40×180g（二维码）,三鲜鸡精,1.0,8.72,7.8,辽宁省,沈阳市,铁西区
2月,2026-02-07,2026,2,7,家凯拼多多,太太乐TOTOLE调味旗舰店,9126682,A01三鲜鸡精40x180克(二维码),太太乐三鲜鸡精调味料40×180g（二维码）,三鲜鸡精,1.0,0.9,7.8,陕西省,安康市,汉滨区
2月,2026-02-07,2026,2,7,家凯拼多多,太太乐旗舰店,9126682,A01三鲜鸡精40x180克(二维码),太太乐三鲜鸡精调味料40×180g（二维码）,三鲜鸡精,1.0,9.122,7.8,陕西省,宝鸡市,岐山县
2月,2026-02-07,2026,2,7,家凯拼多多,太太乐旗舰店,9126682,A01三鲜鸡精40x180克(二维码),太太乐三鲜鸡精调味料40×180g（二维码）,三鲜鸡精,1.0,7.9388,7.8,陕西省,榆林市,榆阳区
2月,2026-02-07,2026,2,7,家凯拼多多,太太乐旗舰店,9126682,A01三鲜鸡精40x180克(二维码),太太乐三鲜鸡精调味料40×180g（二维码）,三鲜鸡精,1.0,6.8415,7.8,陕西省,西安市,未央区
2月,2026-02-07,2026,2,7,家凯拼多多,太太乐旗舰店,9126682,A01三鲜鸡精40x180克(二维码),太太乐三鲜鸡精调味料40×180g（二维码）,三鲜鸡精,1.0,9.122,7.8,黑龙江省,伊春市,伊春区
2月,2026-02-07,2026,2,7,家凯拼多多,太太乐旗舰店,9126682,A01三鲜鸡精40x180克(二维码),太太乐三鲜鸡精调味料40×180g（二维码）,三鲜鸡精,3.0,17.8011,7.8,黑龙江省,双鸭山市,尖山区
2月,2026-02-08,2026,2,8,家凯拼多多,太太乐旗舰店,9126682,A01三鲜鸡精40x180克(二维码),太太乐三鲜鸡精调味料40×180g（二维码）,三鲜鸡精,1.0,9.122,7.8,上海,上海市,杨浦区
2月,2026-02-08,2026,2,8,家凯拼多多,太太乐旗舰店,9126682,A01三鲜鸡精40x180克(二维码),太太乐三鲜鸡精调味料40×180g（二维码）,三鲜鸡精,1.0,6.8415,7.8,上海,上海市,松江区
2月,2026-02-08,2026,2,8,家凯拼多多,太太乐旗舰店,9126682,A01三鲜鸡精40x180克(二维码),太太乐三鲜鸡精调味料40×180g（二维码）,三鲜鸡精,1.0,6.8415,7.8,上海,上海市,浦东新区
2月,2026-02-08,2026,2,8,家凯拼多多,太太乐旗舰店,9126682,A01三鲜鸡精40x180克(二维码),太太乐三鲜鸡精调味料40×180g（二维码）,三鲜鸡精,2.0,13.8152,7.8,上海,上海市,闵行区
2月,2026-02-08,2026,2,8,家凯拼多多,太太乐旗舰店,9126682,A01三鲜鸡精40x180克(二维码),太太乐三鲜鸡精调味料40×180g（二维码）,三鲜鸡精,1.0,9.122,7.8,云南省,临沧市,临翔区
2月,2026-02-08,2026,2,8,家凯拼多多,太太乐调味料专卖店,9126682,A01三鲜鸡精40x180克(二维码),太太乐三鲜鸡精调味料40×180g（二维码）,三鲜鸡精,40.0,286.0,7.8,云南省,德宏傣族景颇族自治州,陇川县
2月,2026-02-08,2026,2,8,家凯拼多多,太太乐旗舰店,9126682,A01三鲜鸡精40x180克(二维码),太太乐三鲜鸡精调味料40×180g（二维码）,三鲜鸡精,1.0,8.6659,7.8,云南省,玉溪市,红塔区
2月,2026-02-08,2026,2,8,家凯拼多多,太太乐旗舰店,9126682,A01三鲜鸡精40x180克(二维码),太太乐三鲜鸡精调味料40×180g（二维码）,三鲜鸡精,3.0,17.8011,7.8,云南省,红河哈尼族彝族自治州,弥勒市
2月,2026-02-08,2026,2,8,家凯拼多多,太太乐旗舰店,9126682,A01三鲜鸡精40x180克(二维码),太太乐三鲜鸡精调味料40×180g（二维码）,三鲜鸡精,1.0,9.122,7.8,内蒙古自治区,乌海市,海勃湾区
2月,2026-02-08,2026,2,8,家凯拼多多,太太乐调味料专卖店,9126682,A01三鲜鸡精40x180克(二维码),太太乐三鲜鸡精调味料40×180g（二维码）,三鲜鸡精,40.0,257.4,7.8,内蒙古自治区,赤峰市,林西县
2月,2026-02-08,2026,2,8,家凯拼多多,太太乐TOTOLE调味旗舰店,9126682,A01三鲜鸡精40x180克(二维码),太太乐三鲜鸡精调味料40×180g（二维码）,三鲜鸡精,2.0,18.9,7.8,北京,北京市,丰台区
2月,2026-02-08,2026,2,8,家凯拼多多,太太乐旗舰店,9126682,A01三鲜鸡精40x180克(二维码),太太乐三鲜鸡精调味料40×180g（二维码）,三鲜鸡精,1.0,9.81,7.8,北京,北京市,朝阳区
2月,2026-02-08,2026,2,8,家凯拼多多,太太乐旗舰店,9126682,A01三鲜鸡精40x180克(二维码),太太乐三鲜鸡精调味料40×180g（二维码）,三鲜鸡精,1.0,9.122,7.8,北京,北京市,顺义区
2月,2026-02-08,2026,2,8,家凯拼多多,太太乐旗舰店,9126682,A01三鲜鸡精40x180克(二维码),太太乐三鲜鸡精调味料40×180g（二维码）,三鲜鸡精,1.0,6.8415,7.8,吉林省,吉林市,昌邑区
2月,2026-02-08,2026,2,8,家凯拼多多,太太乐旗舰店,9126682,A01三鲜鸡精40x180克(二维码),太太乐三鲜鸡精调味料40×180g（二维码）,三鲜鸡精,2.0,13.8682,7.8,吉林省,吉林市,船营区
2月,2026-02-08,2026,2,8,家凯拼多多,太太乐旗舰店,9126682,A01三鲜鸡精40x180克(二维码),太太乐三鲜鸡精调味料40×180g（二维码）,三鲜鸡精,2.0,16.2676,7.8,吉林省,长春市,南关区
2月,2026-02-08,2026,2,8,家凯拼多多,太太乐旗舰店,9126682,A01三鲜鸡精40x180克(二维码),太太乐三鲜鸡精调味料40×180g（二维码）,三鲜鸡精,1.0,7.3902,7.8,四川省,资阳市,安岳县
2月,2026-02-08,2026,2,8,家凯拼多多,太太乐旗舰店,9126682,A01三鲜鸡精40x180克(二维码),太太乐三鲜鸡精调味料40×180g（二维码）,三鲜鸡精,1.0,9.122,7.8,安徽省,合肥市,包河区
2月,2026-02-08,2026,2,8,家凯拼多多,太太乐调味料专卖店,9126682,A01三鲜鸡精40x180克(二维码),太太乐三鲜鸡精调味料40×180g（二维码）,三鲜鸡精,15.0,109.9995,7.8,安徽省,安庆市,太湖县
2月,2026-02-08,2026,2,8,家凯拼多多,太太乐旗舰店,9126682,A01三鲜鸡精40x180克(二维码),太太乐三鲜鸡精调味料40×180g（二维码）,三鲜鸡精,1.0,7.7537,7.8,安徽省,安庆市,桐城市
2月,2026-02-08,2026,2,8,家凯拼多多,太太乐旗舰店,9126682,A01三鲜鸡精40x180克(二维码),太太乐三鲜鸡精调味料40×180g（二维码）,三鲜鸡精,1.0,9.122,7.8,安徽省,宣城市,宣州区
2月,2026-02-08,2026,2,8,家凯拼多多,太太乐调味料专卖店,9126682,A01三鲜鸡精40x180克(二维码),太太乐三鲜鸡精调味料40×180g（二维码）,三鲜鸡精,15.0,104.5005,7.8,安徽省,宿州市,灵璧县
2月,2026-02-08,2026,2,8,家凯拼多多,太太乐旗舰店,9126682,A01三鲜鸡精40x180克(二维码),太太乐三鲜鸡精调味料40×180g（二维码）,三鲜鸡精,1.0,6.3854,7.8,安徽省,宿州市,砀山县
2月,2026-02-08,2026,2,8,家凯拼多多,太太乐旗舰店,9126682,A01三鲜鸡精40x180克(二维码),太太乐三鲜鸡精调味料40×180g（二维码）,三鲜鸡精,2.0,17.1204,7.8,安徽省,池州市,东至县
2月,2026-02-08,2026,2,8,家凯拼多多,太太乐旗舰店,9126682,A01三鲜鸡精40x180克(二维码),太太乐三鲜鸡精调味料40×180g（二维码）,三鲜鸡精,1.0,7.7537,7.8,安徽省,淮南市,凤台县
2月,2026-02-08,2026,2,8,家凯拼多多,太太乐旗舰店,9126682,A01三鲜鸡精40x180克(二维码),太太乐三鲜鸡精调味料40×180g（二维码）,三鲜鸡精,1.0,7.2976,7.8,安徽省,滁州市,凤阳县
2月,2026-02-08,2026,2,8,家凯拼多多,太太乐旗舰店,9126682,A01三鲜鸡精40x180克(二维码),太太乐三鲜鸡精调味料40×180g（二维码）,三鲜鸡精,1.0,8.72,7.8,安徽省,滁州市,南谯区
2月,2026-02-08,2026,2,8,家凯拼多多,太太乐旗舰店,9126682,A01三鲜鸡精40x180克(二维码),太太乐三鲜鸡精调味料40×180g（二维码）,三鲜鸡精,2.0,17.1204,7.8,安徽省,芜湖市,南陵县
2月,2026-02-08,2026,2,8,家凯拼多多,太太乐家凯专卖店,9126682,A01三鲜鸡精40x180克(二维码),太太乐三鲜鸡精调味料40×180g（二维码）,三鲜鸡精,40.0,263.12,7.8,安徽省,芜湖市,镜湖区
2月,2026-02-08,2026,2,8,家凯拼多多,太太乐旗舰店,9126682,A01三鲜鸡精40x180克(二维码),太太乐三鲜鸡精调味料40×180g（二维码）,三鲜鸡精,1.0,9.122,7.8,安徽省,阜阳市,阜南县
2月,2026-02-08,2026,2,8,家凯拼多多,太太乐旗舰店,9126682,A01三鲜鸡精40x180克(二维码),太太乐三鲜鸡精调味料40×180g（二维码）,三鲜鸡精,1.0,9.122,7.8,安徽省,阜阳市,颍泉区
2月,2026-02-08,2026,2,8,家凯拼多多,太太乐旗舰店,9126682,A01三鲜鸡精40x180克(二维码),太太乐三鲜鸡精调味料40×180g（二维码）,三鲜鸡精,2.0,21.59,7.8,山东省,临沂市,临沭县
2月,2026-02-08,2026,2,8,家凯拼多多,太太乐旗舰店,9126682,A01三鲜鸡精40x180克(二维码),太太乐三鲜鸡精调味料40×180g（二维码）,三鲜鸡精,1.0,9.122,7.8,山东省,临沂市,兰山区
2月,2026-02-08,2026,2,8,家凯拼多多,太太乐旗舰店,9126682,A01三鲜鸡精40x180克(二维码),太太乐三鲜鸡精调味料40×180g（二维码）,三鲜鸡精,1.0,6.8415,7.8,山东省,临沂市,兰山区
2月,2026-02-08,2026,2,8,家凯拼多多,太太乐旗舰店,9126682,A01三鲜鸡精40x180克(二维码),太太乐三鲜鸡精调味料40×180g（二维码）,三鲜鸡精,3.0,19.7643,7.8,山东省,临沂市,平邑县
2月,2026-02-08,2026,2,8,家凯拼多多,太太乐旗舰店,9126682,A01三鲜鸡精40x180克(二维码),太太乐三鲜鸡精调味料40×180g（二维码）,三鲜鸡精,1.0,7.7537,7.8,山东省,泰安市,东平县
2月,2026-02-08,2026,2,8,家凯拼多多,太太乐旗舰店,9126682,A01三鲜鸡精40x180克(二维码),太太乐三鲜鸡精调味料40×180g（二维码）,三鲜鸡精,1.0,9.122,7.8,山东省,济南市,市中区
2月,2026-02-08,2026,2,8,家凯拼多多,太太乐旗舰店,9126682,A01三鲜鸡精40x180克(二维码),太太乐三鲜鸡精调味料40×180g（二维码）,三鲜鸡精,1.0,9.122,7.8,山东省,济南市,长清区
2月,2026-02-08,2026,2,8,家凯拼多多,太太乐TOTOLE调味旗舰店,9126682,A01三鲜鸡精40x180克(二维码),太太乐三鲜鸡精调味料40×180g（二维码）,三鲜鸡精,1.0,10.9,7.8,山东省,淄博市,张店区
2月,2026-02-08,2026,2,8,家凯拼多多,太太乐旗舰店,9126682,A01三鲜鸡精40x180克(二维码),太太乐三鲜鸡精调味料40×180g（二维码）,三鲜鸡精,1.0,9.122,7.8,山东省,淄博市,张店区
2月,2026-02-08,2026,2,8,家凯拼多多,太太乐旗舰店,9126682,A01三鲜鸡精40x180克(二维码),太太乐三鲜鸡精调味料40×180g（二维码）,三鲜鸡精,2.0,17.1204,7.8,山东省,潍坊市,寿光市
2月,2026-02-08,2026,2,8,家凯拼多多,太太乐旗舰店,9126682,A01三鲜鸡精40x180克(二维码),太太乐三鲜鸡精调味料40×180g（二维码）,三鲜鸡精,1.0,6.8415,7.8,山东省,潍坊市,青州市
2月,2026-02-08,2026,2,8,家凯拼多多,太太乐旗舰店,9126682,A01三鲜鸡精40x180克(二维码),太太乐三鲜鸡精调味料40×180g（二维码）,三鲜鸡精,2.0,17.1204,7.8,山东省,烟台市,蓬莱区
2月,2026-02-08,2026,2,8,家凯拼多多,太太乐旗舰店,9126682,A01三鲜鸡精40x180克(二维码),太太乐三鲜鸡精调味料40×180g（二维码）,三鲜鸡精,1.0,9.122,7.8,山东省,烟台市,蓬莱区
2月,2026-02-08,2026,2,8,家凯拼多多,太太乐旗舰店,9126682,A01三鲜鸡精40x180克(二维码),太太乐三鲜鸡精调味料40×180g（二维码）,三鲜鸡精,1.0,7.7537,7.8,广东省,东莞市,清溪镇
2月,2026-02-08,2026,2,8,家凯拼多多,太太乐旗舰店,9126682,A01三鲜鸡精40x180克(二维码),太太乐三鲜鸡精调味料40×180g（二维码）,三鲜鸡精,2.0,17.1204,7.8,广东省,中山市,南朗镇
2月,2026-02-08,2026,2,8,家凯拼多多,太太乐调味料专卖店,9126682,A01三鲜鸡精40x180克(二维码),太太乐三鲜鸡精调味料40×180g（二维码）,三鲜鸡精,40.0,260.26,7.8,广东省,中山市,坦洲镇
2月,2026-02-08,2026,2,8,家凯拼多多,太太乐旗舰店,9126682,A01三鲜鸡精40x180克(二维码),太太乐三鲜鸡精调味料40×180g（二维码）,三鲜鸡精,1.0,7.139,7.8,广东省,中山市,火炬开发区
2月,2026-02-08,2026,2,8,家凯拼多多,太太乐旗舰店,9126682,A01三鲜鸡精40x180克(二维码),太太乐三鲜鸡精调味料40×180g（二维码）,三鲜鸡精,1.0,6.8415,7.8,广东省,中山市,石岐区街道
2月,2026-02-08,2026,2,8,家凯拼多多,太太乐旗舰店,9126682,A01三鲜鸡精40x180克(二维码),太太乐三鲜鸡精调味料40×180g（二维码）,三鲜鸡精,1.0,6.8415,7.8,广东省,广州市,增城区
2月,2026-02-08,2026,2,8,家凯拼多多,太太乐旗舰店,9126682,A01三鲜鸡精40x180克(二维码),太太乐三鲜鸡精调味料40×180g（二维码）,三鲜鸡精,1.0,7.2117,7.8,广东省,广州市,越秀区
2月,2026-02-08,2026,2,8,家凯拼多多,太太乐旗舰店,9126682,A01三鲜鸡精40x180克(二维码),太太乐三鲜鸡精调味料40×180g（二维码）,三鲜鸡精,1.0,7.139,7.8,广东省,汕头市,龙湖区
2月,2026-02-08,2026,2,8,家凯拼多多,太太乐旗舰店,9126682,A01三鲜鸡精40x180克(二维码),太太乐三鲜鸡精调味料40×180g（二维码）,三鲜鸡精,1.0,7.2976,7.8,广东省,河源市,连平县
2月,2026-02-08,2026,2,8,家凯拼多多,太太乐旗舰店,9126682,A01三鲜鸡精40x180克(二维码),太太乐三鲜鸡精调味料40×180g（二维码）,三鲜鸡精,1.0,9.122,7.8,广东省,深圳市,宝安区
2月,2026-02-08,2026,2,8,家凯拼多多,太太乐旗舰店,9126682,A01三鲜鸡精40x180克(二维码),太太乐三鲜鸡精调味料40×180g（二维码）,三鲜鸡精,1.0,7.2117,7.8,广东省,深圳市,龙岗区
2月,2026-02-08,2026,2,8,家凯拼多多,太太乐旗舰店,9126682,A01三鲜鸡精40x180克(二维码),太太乐三鲜鸡精调味料40×180g（二维码）,三鲜鸡精,1.0,9.122,7.8,广东省,珠海市,香洲区
2月,2026-02-08,2026,2,8,家凯拼多多,太太乐旗舰店,9126682,A01三鲜鸡精40x180克(二维码),太太乐三鲜鸡精调味料40×180g（二维码）,三鲜鸡精,1.0,9.122,7.8,广西壮族自治区,柳州市,柳北区
2月,2026-02-08,2026,2,8,家凯拼多多,太太乐旗舰店,9126682,A01三鲜鸡精40x180克(二维码),太太乐三鲜鸡精调味料40×180g（二维码）,三鲜鸡精,1.0,9.122,7.8,广西壮族自治区,百色市,平果市
2月,2026-02-08,2026,2,8,家凯拼多多,太太乐旗舰店,9126682,A01三鲜鸡精40x180克(二维码),太太乐三鲜鸡精调味料40×180g（二维码）,三鲜鸡精,1.0,7.2976,7.8,江苏省,南京市,高淳区
2月,2026-02-08,2026,2,8,家凯拼多多,太太乐家凯专卖店,9126682,A01三鲜鸡精40x180克(二维码),太太乐三鲜鸡精调味料40×180g（二维码）,三鲜鸡精,15.0,109.9995,7.8,江苏省,南通市,启东市
2月,2026-02-08,2026,2,8,家凯拼多多,太太乐旗舰店,9126682,A01三鲜鸡精40x180克(二维码),太太乐三鲜鸡精调味料40×180g（二维码）,三鲜鸡精,1.0,10.9,7.8,江苏省,南通市,如皋市
2月,2026-02-08,2026,2,8,家凯拼多多,太太乐TOTOLE调味旗舰店,9126682,A01三鲜鸡精40x180克(二维码),太太乐三鲜鸡精调味料40×180g（二维码）,三鲜鸡精,1.0,10.9,7.8,江苏省,宿迁市,宿豫区
2月,2026-02-08,2026,2,8,家凯拼多多,太太乐旗舰店,9126682,A01三鲜鸡精40x180克(二维码),太太乐三鲜鸡精调味料40×180g（二维码）,三鲜鸡精,1.0,9.122,7.8,江苏省,扬州市,邗江区
2月,2026-02-08,2026,2,8,家凯拼多多,太太乐TOTOLE调味旗舰店,9126682,A01三鲜鸡精40x180克(二维码),太太乐三鲜鸡精调味料40×180g（二维码）,三鲜鸡精,1.0,10.9,7.8,江西省,九江市,濂溪区
2月,2026-02-08,2026,2,8,家凯拼多多,太太乐家凯专卖店,9126682,A01三鲜鸡精40x180克(二维码),太太乐三鲜鸡精调味料40×180g（二维码）,三鲜鸡精,40.0,286.0,7.8,江西省,吉安市,吉州区
2月,2026-02-08,2026,2,8,家凯拼多多,太太乐调味料专卖店,9126682,A01三鲜鸡精40x180克(二维码),太太乐三鲜鸡精调味料40×180g（二维码）,三鲜鸡精,15.0,108.0,7.8,江西省,吉安市,永新县
2月,2026-02-08,2026,2,8,家凯拼多多,太太乐旗舰店,9126682,A01三鲜鸡精40x180克(二维码),太太乐三鲜鸡精调味料40×180g（二维码）,三鲜鸡精,3.0,17.8011,7.8,江西省,赣州市,会昌县
2月,2026-02-08,2026,2,8,家凯拼多多,太太乐旗舰店,9126682,A01三鲜鸡精40x180克(二维码),太太乐三鲜鸡精调味料40×180g（二维码）,三鲜鸡精,2.0,13.8682,7.8,河北省,保定市,涿州市
2月,2026-02-08,2026,2,8,家凯拼多多,太太乐旗舰店,9126682,A01三鲜鸡精40x180克(二维码),太太乐三鲜鸡精调味料40×180g（二维码）,三鲜鸡精,1.0,10.9,7.8,河北省,保定市,蠡县
2月,2026-02-08,2026,2,8,家凯拼多多,太太乐旗舰店,9126682,A01三鲜鸡精40x180克(二维码),太太乐三鲜鸡精调味料40×180g（二维码）,三鲜鸡精,1.0,9.27,7.8,河北省,石家庄市,无极县
2月,2026-02-08,2026,2,8,家凯拼多多,太太乐旗舰店,9126682,A01三鲜鸡精40x180克(二维码),太太乐三鲜鸡精调味料40×180g（二维码）,三鲜鸡精,1.0,8.6659,7.8,河南省,信阳市,息县
2月,2026-02-08,2026,2,8,家凯拼多多,太太乐调味料专卖店,9126682,A01三鲜鸡精40x180克(二维码),太太乐三鲜鸡精调味料40×180g（二维码）,三鲜鸡精,15.0,109.9995,7.8,河南省,信阳市,潢川县
2月,2026-02-08,2026,2,8,家凯拼多多,太太乐旗舰店,9126682,A01三鲜鸡精40x180克(二维码),太太乐三鲜鸡精调味料40×180g（二维码）,三鲜鸡精,2.0,13.3526,7.8,河南省,南阳市,镇平县
2月,2026-02-08,2026,2,8,家凯拼多多,太太乐旗舰店,9126682,A01三鲜鸡精40x180克(二维码),太太乐三鲜鸡精调味料40×180g（二维码）,三鲜鸡精,1.0,6.8415,7.8,河南省,洛阳市,嵩县
2月,2026-02-08,2026,2,8,家凯拼多多,太太乐旗舰店,9126682,A01三鲜鸡精40x180克(二维码),太太乐三鲜鸡精调味料40×180g（二维码）,三鲜鸡精,1.0,8.51,7.8,河南省,洛阳市,洛龙区
2月,2026-02-08,2026,2,8,家凯拼多多,太太乐旗舰店,9126682,A01三鲜鸡精40x180克(二维码),太太乐三鲜鸡精调味料40×180g（二维码）,三鲜鸡精,1.0,9.122,7.8,河南省,漯河市,召陵区
2月,2026-02-08,2026,2,8,家凯拼多多,太太乐旗舰店,9126682,A01三鲜鸡精40x180克(二维码),太太乐三鲜鸡精调味料40×180g（二维码）,三鲜鸡精,1.0,9.122,7.8,河南省,郑州市,中原区
2月,2026-02-08,2026,2,8,家凯拼多多,太太乐旗舰店,9126682,A01三鲜鸡精40x180克(二维码),太太乐三鲜鸡精调味料40×180g（二维码）,三鲜鸡精,1.0,7.7537,7.8,河南省,郑州市,金水区
2月,2026-02-08,2026,2,8,家凯拼多多,太太乐TOTOLE调味旗舰店,9126682,A01三鲜鸡精40x180克(二维码),太太乐三鲜鸡精调味料40×180g（二维码）,三鲜鸡精,1.0,5.9,7.8,浙江省,丽水市,莲都区
2月,2026-02-08,2026,2,8,家凯拼多多,太太乐调味料专卖店,9126682,A01三鲜鸡精40x180克(二维码),太太乐三鲜鸡精调味料40×180g（二维码）,三鲜鸡精,40.0,270.9,7.8,浙江省,台州市,三门县
2月,2026-02-08,2026,2,8,家凯拼多多,太太乐调味料专卖店,9126682,A01三鲜鸡精40x180克(二维码),太太乐三鲜鸡精调味料40×180g（二维码）,三鲜鸡精,40.0,283.0,7.8,浙江省,嘉兴市,桐乡市
2月,2026-02-08,2026,2,8,家凯拼多多,太太乐调味料专卖店,9126682,A01三鲜鸡精40x180克(二维码),太太乐三鲜鸡精调味料40×180g（二维码）,三鲜鸡精,40.0,254.54,7.8,浙江省,嘉兴市,桐乡市
2月,2026-02-08,2026,2,8,家凯拼多多,太太乐旗舰店,9126682,A01三鲜鸡精40x180克(二维码),太太乐三鲜鸡精调味料40×180g（二维码）,三鲜鸡精,1.0,6.8415,7.8,浙江省,杭州市,余杭区
2月,2026-02-08,2026,2,8,家凯拼多多,太太乐调味料专卖店,9126682,A01三鲜鸡精40x180克(二维码),太太乐三鲜鸡精调味料40×180g（二维码）,三鲜鸡精,15.0,90.0,7.8,浙江省,杭州市,建德市
2月,2026-02-08,2026,2,8,家凯拼多多,太太乐调味料专卖店,9126682,A01三鲜鸡精40x180克(二维码),太太乐三鲜鸡精调味料40×180g（二维码）,三鲜鸡精,15.0,90.0,7.8,浙江省,杭州市,建德市
2月,2026-02-08,2026,2,8,家凯拼多多,太太乐旗舰店,9126682,A01三鲜鸡精40x180克(二维码),太太乐三鲜鸡精调味料40×180g（二维码）,三鲜鸡精,1.0,7.7537,7.8,浙江省,杭州市,萧山区
2月,2026-02-08,2026,2,8,家凯拼多多,太太乐旗舰店,9126682,A01三鲜鸡精40x180克(二维码),太太乐三鲜鸡精调味料40×180g（二维码）,三鲜鸡精,1.0,6.8415,7.8,浙江省,杭州市,萧山区
2月,2026-02-08,2026,2,8,家凯拼多多,太太乐调味料专卖店,9126682,A01三鲜鸡精40x180克(二维码),太太乐三鲜鸡精调味料40×180g（二维码）,三鲜鸡精,80.0,516.28,7.8,浙江省,温州市,平阳县
2月,2026-02-08,2026,2,8,家凯拼多多,太太乐调味料专卖店,9126682,A01三鲜鸡精40x180克(二维码),太太乐三鲜鸡精调味料40×180g（二维码）,三鲜鸡精,80.0,503.992,7.8,浙江省,温州市,瑞安市
2月,2026-02-08,2026,2,8,家凯拼多多,太太乐旗舰店,9126682,A01三鲜鸡精40x180克(二维码),太太乐三鲜鸡精调味料40×180g（二维码）,三鲜鸡精,1.0,7.1192,7.8,浙江省,温州市,瑞安市
2月,2026-02-08,2026,2,8,家凯拼多多,太太乐旗舰店,9126682,A01三鲜鸡精40x180克(二维码),太太乐三鲜鸡精调味料40×180g（二维码）,三鲜鸡精,1.0,7.2976,7.8,浙江省,温州市,龙湾区
2月,2026-02-08,2026,2,8,家凯拼多多,太太乐旗舰店,9126682,A01三鲜鸡精40x180克(二维码),太太乐三鲜鸡精调味料40×180g（二维码）,三鲜鸡精,1.0,9.122,7.8,浙江省,衢州市,衢江区
2月,2026-02-08,2026,2,8,家凯拼多多,太太乐旗舰店,9126682,A01三鲜鸡精40x180克(二维码),太太乐三鲜鸡精调味料40×180g（二维码）,三鲜鸡精,2.0,17.1204,7.8,海南省,省直辖县级行政区划,儋州市
2月,2026-02-08,2026,2,8,家凯拼多多,太太乐旗舰店,9126682,A01三鲜鸡精40x180克(二维码),太太乐三鲜鸡精调味料40×180g（二维码）,三鲜鸡精,1.0,7.7537,7.8,湖北省,孝感市,汉川市
2月,2026-02-08,2026,2,8,家凯拼多多,太太乐调味料专卖店,9126682,A01三鲜鸡精40x180克(二维码),太太乐三鲜鸡精调味料40×180g（二维码）,三鲜鸡精,40.0,257.4,7.8,湖北省,荆门市,沙洋县
2月,2026-02-08,2026,2,8,家凯拼多多,太太乐调味料专卖店,9126682,A01三鲜鸡精40x180克(二维码),太太乐三鲜鸡精调味料40×180g（二维码）,三鲜鸡精,80.0,503.992,7.8,湖北省,黄石市,阳新县
2月,2026-02-08,2026,2,8,家凯拼多多,太太乐旗舰店,9126682,A01三鲜鸡精40x180克(二维码),太太乐三鲜鸡精调味料40×180g（二维码）,三鲜鸡精,1.0,5.8169,7.8,湖北省,黄石市,黄石港区
2月,2026-02-08,2026,2,8,家凯拼多多,太太乐调味料专卖店,9126682,A01三鲜鸡精40x180克(二维码),太太乐三鲜鸡精调味料40×180g（二维码）,三鲜鸡精,40.0,286.0,7.8,湖南省,怀化市,靖州苗族侗族自治县
2月,2026-02-08,2026,2,8,家凯拼多多,太太乐旗舰店,9126682,A01三鲜鸡精40x180克(二维码),太太乐三鲜鸡精调味料40×180g（二维码）,三鲜鸡精,1.0,7.6678,7.8,湖南省,永州市,江永县
2月,2026-02-08,2026,2,8,家凯拼多多,太太乐旗舰店,9126682,A01三鲜鸡精40x180克(二维码),太太乐三鲜鸡精调味料40×180g（二维码）,三鲜鸡精,1.0,9.122,7.8,湖南省,衡阳市,石鼓区
2月,2026-02-08,2026,2,8,家凯拼多多,太太乐旗舰店,9126682,A01三鲜鸡精40x180克(二维码),太太乐三鲜鸡精调味料40×180g（二维码）,三鲜鸡精,1.0,9.122,7.8,湖南省,长沙市,开福区
2月,2026-02-08,2026,2,8,家凯拼多多,太太乐旗舰店,9126682,A01三鲜鸡精40x180克(二维码),太太乐三鲜鸡精调味料40×180g（二维码）,三鲜鸡精,1.0,7.7537,7.8,湖南省,长沙市,雨花区
2月,2026-02-08,2026,2,8,家凯拼多多,太太乐旗舰店,9126682,A01三鲜鸡精40x180克(二维码),太太乐三鲜鸡精调味料40×180g（二维码）,三鲜鸡精,1.0,9.122,7.8,甘肃省,兰州市,安宁区
2月,2026-02-08,2026,2,8,家凯拼多多,太太乐调味料专卖店,9126682,A01三鲜鸡精40x180克(二维码),太太乐三鲜鸡精调味料40×180g（二维码）,三鲜鸡精,120.0,779.424,7.8,甘肃省,天水市,清水县
2月,2026-02-08,2026,2,8,家凯拼多多,太太乐调味料专卖店,9126682,A01三鲜鸡精40x180克(二维码),太太乐三鲜鸡精调味料40×180g（二维码）,三鲜鸡精,40.0,286.0,7.8,甘肃省,天水市,清水县
2月,2026-02-08,2026,2,8,家凯拼多多,太太乐旗舰店,9126682,A01三鲜鸡精40x180克(二维码),太太乐三鲜鸡精调味料40×180g（二维码）,三鲜鸡精,1.0,9.122,7.8,甘肃省,天水市,清水县
2月,2026-02-08,2026,2,8,家凯拼多多,太太乐旗舰店,9126682,A01三鲜鸡精40x180克(二维码),太太乐三鲜鸡精调味料40×180g（二维码）,三鲜鸡精,1.0,7.8463,7.8,甘肃省,定西市,安定区
2月,2026-02-08,2026,2,8,家凯拼多多,太太乐旗舰店,9126682,A01三鲜鸡精40x180克(二维码),太太乐三鲜鸡精调味料40×180g（二维码）,三鲜鸡精,1.0,9.122,7.8,甘肃省,平凉市,崆峒区
2月,2026-02-08,2026,2,8,家凯拼多多,太太乐旗舰店,9126682,A01三鲜鸡精40x180克(二维码),太太乐三鲜鸡精调味料40×180g（二维码）,三鲜鸡精,3.0,22.5474,7.8,福建省,南平市,建瓯市
2月,2026-02-08,2026,2,8,家凯拼多多,太太乐旗舰店,9126682,A01三鲜鸡精40x180克(二维码),太太乐三鲜鸡精调味料40×180g（二维码）,三鲜鸡精,1.0,9.122,7.8,福建省,南平市,邵武市
2月,2026-02-08,2026,2,8,家凯拼多多,太太乐旗舰店,9126682,A01三鲜鸡精40x180克(二维码),太太乐三鲜鸡精调味料40×180g（二维码）,三鲜鸡精,1.0,9.122,7.8,福建省,厦门市,湖里区
2月,2026-02-08,2026,2,8,家凯拼多多,太太乐家凯专卖店,9126682,A01三鲜鸡精40x180克(二维码),太太乐三鲜鸡精调味料40×180g（二维码）,三鲜鸡精,15.0,109.9995,7.8,福建省,宁德市,蕉城区
2月,2026-02-08,2026,2,8,家凯拼多多,太太乐旗舰店,9126682,A01三鲜鸡精40x180克(二维码),太太乐三鲜鸡精调味料40×180g（二维码）,三鲜鸡精,1.0,9.122,7.8,福建省,宁德市,霞浦县
2月,2026-02-08,2026,2,8,家凯拼多多,太太乐旗舰店,9126682,A01三鲜鸡精40x180克(二维码),太太乐三鲜鸡精调味料40×180g（二维码）,三鲜鸡精,3.0,0.0,7.8,福建省,泉州市,丰泽区
2月,2026-02-08,2026,2,8,家凯拼多多,太太乐旗舰店,9126682,A01三鲜鸡精40x180克(二维码),太太乐三鲜鸡精调味料40×180g（二维码）,三鲜鸡精,1.0,9.122,7.8,福建省,泉州市,晋江市
2月,2026-02-08,2026,2,8,家凯拼多多,太太乐调味料专卖店,9126682,A01三鲜鸡精40x180克(二维码),太太乐三鲜鸡精调味料40×180g（二维码）,三鲜鸡精,40.0,271.7,7.8,福建省,龙岩市,新罗区
2月,2026-02-08,2026,2,8,家凯拼多多,太太乐调味料专卖店,9126682,A01三鲜鸡精40x180克(二维码),太太乐三鲜鸡精调味料40×180g（二维码）,三鲜鸡精,40.0,286.0,7.8,贵州省,六盘水市,盘州市
2月,2026-02-08,2026,2,8,家凯拼多多,太太乐旗舰店,9126682,A01三鲜鸡精40x180克(二维码),太太乐三鲜鸡精调味料40×180g（二维码）,三鲜鸡精,1.0,7.7537,7.8,贵州省,毕节市,大方县
2月,2026-02-08,2026,2,8,家凯拼多多,太太乐旗舰店,9126682,A01三鲜鸡精40x180克(二维码),太太乐三鲜鸡精调味料40×180g（二维码）,三鲜鸡精,1.0,9.122,7.8,贵州省,遵义市,汇川区
2月,2026-02-08,2026,2,8,家凯拼多多,太太乐旗舰店,9126682,A01三鲜鸡精40x180克(二维码),太太乐三鲜鸡精调味料40×180g（二维码）,三鲜鸡精,1.0,6.8415,7.8,辽宁省,鞍山市,立山区
2月,2026-02-08,2026,2,8,家凯拼多多,太太乐TOTOLE调味旗舰店,9126682,A01三鲜鸡精40x180克(二维码),太太乐三鲜鸡精调味料40×180g（二维码）,三鲜鸡精,2.0,18.9,7.8,辽宁省,鞍山市,铁西区
2月,2026-02-08,2026,2,8,家凯拼多多,太太乐旗舰店,9126682,A01三鲜鸡精40x180克(二维码),太太乐三鲜鸡精调味料40×180g（二维码）,三鲜鸡精,3.0,18.9843,7.8,重庆,重庆市,璧山区
2月,2026-02-08,2026,2,8,家凯拼多多,太太乐TOTOLE调味旗舰店,9126682,A01三鲜鸡精40x180克(二维码),太太乐三鲜鸡精调味料40×180g（二维码）,三鲜鸡精,1.0,10.9,7.8,陕西省,咸阳市,渭城区
2月,2026-02-08,2026,2,8,家凯拼多多,太太乐旗舰店,9126682,A01三鲜鸡精40x180克(二维码),太太乐三鲜鸡精调味料40×180g（二维码）,三鲜鸡精,1.0,9.122,7.8,陕西省,安康市,白河县
2月,2026-02-08,2026,2,8,家凯拼多多,太太乐旗舰店,9126682,A01三鲜鸡精40x180克(二维码),太太乐三鲜鸡精调味料40×180g（二维码）,三鲜鸡精,1.0,7.8,7.8,陕西省,延安市,宝塔区
2月,2026-02-08,2026,2,8,家凯拼多多,太太乐调味料专卖店,9126682,A01三鲜鸡精40x180克(二维码),太太乐三鲜鸡精调味料40×180g（二维码）,三鲜鸡精,40.0,286.0,7.8,陕西省,榆林市,靖边县
2月,2026-02-08,2026,2,8,家凯拼多多,太太乐旗舰店,9126682,A01三鲜鸡精40x180克(二维码),太太乐三鲜鸡精调味料40×180g（二维码）,三鲜鸡精,1.0,9.122,7.8,陕西省,西安市,未央区
2月,2026-02-08,2026,2,8,家凯拼多多,太太乐旗舰店,9126682,A01三鲜鸡精40x180克(二维码),太太乐三鲜鸡精调味料40×180g（二维码）,三鲜鸡精,1.0,6.5705,7.8,陕西省,西安市,未央区
2月,2026-02-08,2026,2,8,家凯拼多多,太太乐旗舰店,9126682,A01三鲜鸡精40x180克(二维码),太太乐三鲜鸡精调味料40×180g（二维码）,三鲜鸡精,1.0,7.2976,7.8,陕西省,西安市,灞桥区
2月,2026-02-08,2026,2,8,家凯拼多多,太太乐旗舰店,9126682,A01三鲜鸡精40x180克(二维码),太太乐三鲜鸡精调味料40×180g（二维码）,三鲜鸡精,1.0,9.122,7.8,黑龙江省,佳木斯市,向阳区
2月,2026-02-08,2026,2,8,家凯拼多多,太太乐TOTOLE调味旗舰店,9126682,A01三鲜鸡精40x180克(二维码),太太乐三鲜鸡精调味料40×180g（二维码）,三鲜鸡精,1.0,10.9,7.8,黑龙江省,哈尔滨市,宾县
2月,2026-02-09,2026,2,9,家凯拼多多,太太乐旗舰店,9126682,A01三鲜鸡精40x180克(二维码),太太乐三鲜鸡精调味料40×180g（二维码）,三鲜鸡精,1.0,7.139,7.8,上海,上海市,嘉定区
2月,2026-02-09,2026,2,9,家凯拼多多,太太乐旗舰店,9126682,A01三鲜鸡精40x180克(二维码),太太乐三鲜鸡精调味料40×180g（二维码）,三鲜鸡精,1.0,9.122,7.8,上海,上海市,奉贤区
2月,2026-02-09,2026,2,9,家凯拼多多,太太乐旗舰店,9126682,A01三鲜鸡精40x180克(二维码),太太乐三鲜鸡精调味料40×180g（二维码）,三鲜鸡精,1.0,8.3024,7.8,北京,北京市,东城区
2月,2026-02-09,2026,2,9,家凯拼多多,太太乐旗舰店,9126682,A01三鲜鸡精40x180克(二维码),太太乐三鲜鸡精调味料40×180g（二维码）,三鲜鸡精,1.0,9.122,7.8,吉林省,长春市,农安县
2月,2026-02-09,2026,2,9,家凯拼多多,太太乐旗舰店,9126682,A01三鲜鸡精40x180克(二维码),太太乐三鲜鸡精调味料40×180g（二维码）,三鲜鸡精,1.0,9.122,7.8,四川省,宜宾市,翠屏区
2月,2026-02-09,2026,2,9,家凯拼多多,太太乐旗舰店,9126682,A01三鲜鸡精40x180克(二维码),太太乐三鲜鸡精调味料40×180g（二维码）,三鲜鸡精,1.0,9.122,7.8,四川省,成都市,龙泉驿区
2月,2026-02-09,2026,2,9,家凯拼多多,太太乐旗舰店,9126682,A01三鲜鸡精40x180克(二维码),太太乐三鲜鸡精调味料40×180g（二维码）,三鲜鸡精,2.0,17.92,7.8,四川省,雅安市,汉源县
2月,2026-02-09,2026,2,9,家凯拼多多,太太乐TOTOLE调味旗舰店,9126682,A01三鲜鸡精40x180克(二维码),太太乐三鲜鸡精调味料40×180g（二维码）,三鲜鸡精,2.0,14.75,7.8,安徽省,亳州市,利辛县
2月,2026-02-09,2026,2,9,家凯拼多多,太太乐旗舰店,9126682,A01三鲜鸡精40x180克(二维码),太太乐三鲜鸡精调味料40×180g（二维码）,三鲜鸡精,2.0,13.5574,7.8,安徽省,合肥市,包河区
2月,2026-02-09,2026,2,9,家凯拼多多,太太乐旗舰店,9126682,A01三鲜鸡精40x180克(二维码),太太乐三鲜鸡精调味料40×180g（二维码）,三鲜鸡精,1.0,6.8415,7.8,安徽省,合肥市,肥西县
2月,2026-02-09,2026,2,9,家凯拼多多,太太乐旗舰店,9126682,A01三鲜鸡精40x180克(二维码),太太乐三鲜鸡精调味料40×180g（二维码）,三鲜鸡精,2.0,17.1204,7.8,安徽省,合肥市,蜀山区
2月,2026-02-09,2026,2,9,家凯拼多多,太太乐调味料专卖店,9126682,A01三鲜鸡精40x180克(二维码),太太乐三鲜鸡精调味料40×180g（二维码）,三鲜鸡精,40.0,286.0,7.8,安徽省,滁州市,琅琊区
2月,2026-02-09,2026,2,9,家凯拼多多,太太乐旗舰店,9126682,A01三鲜鸡精40x180克(二维码),太太乐三鲜鸡精调味料40×180g（二维码）,三鲜鸡精,1.0,7.8463,7.8,安徽省,芜湖市,无为市
2月,2026-02-09,2026,2,9,家凯拼多多,太太乐调味料专卖店,9126682,A01三鲜鸡精40x180克(二维码),太太乐三鲜鸡精调味料40×180g（二维码）,三鲜鸡精,15.0,94.9995,7.8,安徽省,芜湖市,湾沚区
2月,2026-02-09,2026,2,9,家凯拼多多,太太乐旗舰店,9126682,A01三鲜鸡精40x180克(二维码),太太乐三鲜鸡精调味料40×180g（二维码）,三鲜鸡精,3.0,20.1741,7.8,安徽省,蚌埠市,蚌山区
2月,2026-02-09,2026,2,9,家凯拼多多,太太乐旗舰店,9126682,A01三鲜鸡精40x180克(二维码),太太乐三鲜鸡精调味料40×180g（二维码）,三鲜鸡精,1.0,9.122,7.8,安徽省,阜阳市,太和县
2月,2026-02-09,2026,2,9,家凯拼多多,太太乐调味料专卖店,9126682,A01三鲜鸡精40x180克(二维码),太太乐三鲜鸡精调味料40×180g（二维码）,三鲜鸡精,160.0,1072.56,7.8,安徽省,阜阳市,颍东区
2月,2026-02-09,2026,2,9,家凯拼多多,太太乐旗舰店,9126682,A01三鲜鸡精40x180克(二维码),太太乐三鲜鸡精调味料40×180g（二维码）,三鲜鸡精,1.0,7.7537,7.8,山东省,菏泽市,单县
2月,2026-02-09,2026,2,9,家凯拼多多,太太乐TOTOLE调味旗舰店,9126682,A01三鲜鸡精40x180克(二维码),太太乐三鲜鸡精调味料40×180g（二维码）,三鲜鸡精,1.0,10.9,7.8,山西省,太原市,万柏林区
2月,2026-02-09,2026,2,9,家凯拼多多,太太乐旗舰店,9126682,A01三鲜鸡精40x180克(二维码),太太乐三鲜鸡精调味料40×180g（二维码）,三鲜鸡精,1.0,9.122,7.8,山西省,阳泉市,城区
2月,2026-02-09,2026,2,9,家凯拼多多,太太乐旗舰店,9126682,A01三鲜鸡精40x180克(二维码),太太乐三鲜鸡精调味料40×180g（二维码）,三鲜鸡精,1.0,9.122,7.8,广东省,东莞市,大朗镇
2月,2026-02-09,2026,2,9,家凯拼多多,太太乐旗舰店,9126682,A01三鲜鸡精40x180克(二维码),太太乐三鲜鸡精调味料40×180g（二维码）,三鲜鸡精,1.0,9.6,7.8,广东省,东莞市,长安镇
2月,2026-02-09,2026,2,9,家凯拼多多,太太乐旗舰店,9126682,A01三鲜鸡精40x180克(二维码),太太乐三鲜鸡精调味料40×180g（二维码）,三鲜鸡精,1.0,6.8415,7.8,广东省,东莞市,麻涌镇
2月,2026-02-09,2026,2,9,家凯拼多多,太太乐旗舰店,9126682,A01三鲜鸡精40x180克(二维码),太太乐三鲜鸡精调味料40×180g（二维码）,三鲜鸡精,3.0,25.8999,7.8,广东省,佛山市,南海区
2月,2026-02-09,2026,2,9,家凯拼多多,太太乐TOTOLE调味旗舰店,9126682,A01三鲜鸡精40x180克(二维码),太太乐三鲜鸡精调味料40×180g（二维码）,三鲜鸡精,1.0,9.81,7.8,广东省,佛山市,南海区
2月,2026-02-09,2026,2,9,家凯拼多多,太太乐旗舰店,9126682,A01三鲜鸡精40x180克(二维码),太太乐三鲜鸡精调味料40×180g（二维码）,三鲜鸡精,1.0,9.122,7.8,广东省,广州市,花都区
2月,2026-02-09,2026,2,9,家凯拼多多,太太乐旗舰店,9126682,A01三鲜鸡精40x180克(二维码),太太乐三鲜鸡精调味料40×180g（二维码）,三鲜鸡精,1.0,6.8415,7.8,广东省,汕尾市,陆丰市
2月,2026-02-09,2026,2,9,家凯拼多多,太太乐TOTOLE调味旗舰店,9126682,A01三鲜鸡精40x180克(二维码),太太乐三鲜鸡精调味料40×180g（二维码）,三鲜鸡精,1.0,10.9,7.8,广东省,清远市,阳山县
2月,2026-02-09,2026,2,9,家凯拼多多,太太乐旗舰店,9126682,A01三鲜鸡精40x180克(二维码),太太乐三鲜鸡精调味料40×180g（二维码）,三鲜鸡精,1.0,7.2976,7.8,广东省,珠海市,香洲区
2月,2026-02-09,2026,2,9,家凯拼多多,太太乐旗舰店,9126682,A01三鲜鸡精40x180克(二维码),太太乐三鲜鸡精调味料40×180g（二维码）,三鲜鸡精,1.0,9.122,7.8,广西壮族自治区,柳州市,鱼峰区
2月,2026-02-09,2026,2,9,家凯拼多多,太太乐旗舰店,9126682,A01三鲜鸡精40x180克(二维码),太太乐三鲜鸡精调味料40×180g（二维码）,三鲜鸡精,2.0,13.8152,7.8,广西壮族自治区,玉林市,玉州区
2月,2026-02-09,2026,2,9,家凯拼多多,太太乐旗舰店,9126682,A01三鲜鸡精40x180克(二维码),太太乐三鲜鸡精调味料40×180g（二维码）,三鲜鸡精,2.0,17.1204,7.8,江苏省,南京市,栖霞区
2月,2026-02-09,2026,2,9,家凯拼多多,太太乐旗舰店,9126682,A01三鲜鸡精40x180克(二维码),太太乐三鲜鸡精调味料40×180g（二维码）,三鲜鸡精,1.0,9.122,7.8,江苏省,南京市,浦口区
2月,2026-02-09,2026,2,9,家凯拼多多,太太乐调味料专卖店,9126682,A01三鲜鸡精40x180克(二维码),太太乐三鲜鸡精调味料40×180g（二维码）,三鲜鸡精,40.0,286.0,7.8,江苏省,南京市,秦淮区
2月,2026-02-09,2026,2,9,家凯拼多多,太太乐TOTOLE调味旗舰店,9126682,A01三鲜鸡精40x180克(二维码),太太乐三鲜鸡精调味料40×180g（二维码）,三鲜鸡精,1.0,9.49,7.8,江苏省,南通市,海安市
2月,2026-02-09,2026,2,9,家凯拼多多,太太乐调味料专卖店,9126682,A01三鲜鸡精40x180克(二维码),太太乐三鲜鸡精调味料40×180g（二维码）,三鲜鸡精,40.0,286.0,7.8,江苏省,宿迁市,宿城区
2月,2026-02-09,2026,2,9,家凯拼多多,太太乐旗舰店,9126682,A01三鲜鸡精40x180克(二维码),太太乐三鲜鸡精调味料40×180g（二维码）,三鲜鸡精,1.0,8.2098,7.8,江苏省,常州市,金坛区
2月,2026-02-09,2026,2,9,家凯拼多多,太太乐旗舰店,9126682,A01三鲜鸡精40x180克(二维码),太太乐三鲜鸡精调味料40×180g（二维码）,三鲜鸡精,1.0,9.122,7.8,江苏省,徐州市,贾汪区
2月,2026-02-09,2026,2,9,家凯拼多多,太太乐旗舰店,9126682,A01三鲜鸡精40x180克(二维码),太太乐三鲜鸡精调味料40×180g（二维码）,三鲜鸡精,1.0,7.7537,7.8,江苏省,泰州市,姜堰区
2月,2026-02-09,2026,2,9,家凯拼多多,太太乐调味料专卖店,9126682,A01三鲜鸡精40x180克(二维码),太太乐三鲜鸡精调味料40×180g（二维码）,三鲜鸡精,80.0,560.28,7.8,江苏省,淮安市,洪泽区
2月,2026-02-09,2026,2,9,家凯拼多多,太太乐调味料专卖店,9126682,A01三鲜鸡精40x180克(二维码),太太乐三鲜鸡精调味料40×180g（二维码）,三鲜鸡精,120.0,817.416,7.8,江苏省,淮安市,涟水县
2月,2026-02-09,2026,2,9,家凯拼多多,太太乐旗舰店,9126682,A01三鲜鸡精40x180克(二维码),太太乐三鲜鸡精调味料40×180g（二维码）,三鲜鸡精,1.0,9.122,7.8,江苏省,淮安市,涟水县
2月,2026-02-09,2026,2,9,家凯拼多多,太太乐家凯专卖店,9126682,A01三鲜鸡精40x180克(二维码),太太乐三鲜鸡精调味料40×180g（二维码）,三鲜鸡精,40.0,286.0,7.8,江苏省,淮安市,淮安区
2月,2026-02-09,2026,2,9,家凯拼多多,太太乐家凯专卖店,9126682,A01三鲜鸡精40x180克(二维码),太太乐三鲜鸡精调味料40×180g（二维码）,三鲜鸡精,40.0,286.0,7.8,江苏省,盐城市,阜宁县
2月,2026-02-09,2026,2,9,家凯拼多多,太太乐旗舰店,9126682,A01三鲜鸡精40x180克(二维码),太太乐三鲜鸡精调味料40×180g（二维码）,三鲜鸡精,1.0,8.6659,7.8,江苏省,盐城市,阜宁县
2月,2026-02-09,2026,2,9,家凯拼多多,太太乐家凯专卖店,9126682,A01三鲜鸡精40x180克(二维码),太太乐三鲜鸡精调味料40×180g（二维码）,三鲜鸡精,40.0,286.0,7.8,江西省,上饶市,广丰区
2月,2026-02-09,2026,2,9,家凯拼多多,太太乐旗舰店,9126682,A01三鲜鸡精40x180克(二维码),太太乐三鲜鸡精调味料40×180g（二维码）,三鲜鸡精,3.0,17.8011,7.8,江西省,上饶市,鄱阳县
2月,2026-02-09,2026,2,9,家凯拼多多,太太乐家凯专卖店,9126682,A01三鲜鸡精40x180克(二维码),太太乐三鲜鸡精调味料40×180g（二维码）,三鲜鸡精,15.0,109.9995,7.8,江西省,九江市,浔阳区
2月,2026-02-09,2026,2,9,家凯拼多多,太太乐旗舰店,9126682,A01三鲜鸡精40x180克(二维码),太太乐三鲜鸡精调味料40×180g（二维码）,三鲜鸡精,1.0,9.122,7.8,江西省,南昌市,新建区
2月,2026-02-09,2026,2,9,家凯拼多多,太太乐旗舰店,9126682,A01三鲜鸡精40x180克(二维码),太太乐三鲜鸡精调味料40×180g（二维码）,三鲜鸡精,2.0,13.6962,7.8,江西省,鹰潭市,余江区
2月,2026-02-09,2026,2,9,家凯拼多多,太太乐旗舰店,9126682,A01三鲜鸡精40x180克(二维码),太太乐三鲜鸡精调味料40×180g（二维码）,三鲜鸡精,1.0,8.2098,7.8,河北省,保定市,徐水区
2月,2026-02-09,2026,2,9,家凯拼多多,太太乐旗舰店,9126682,A01三鲜鸡精40x180克(二维码),太太乐三鲜鸡精调味料40×180g（二维码）,三鲜鸡精,3.0,21.24,7.8,河北省,保定市,竞秀区
2月,2026-02-09,2026,2,9,家凯拼多多,太太乐旗舰店,9126682,A01三鲜鸡精40x180克(二维码),太太乐三鲜鸡精调味料40×180g（二维码）,三鲜鸡精,1.0,8.72,7.8,河北省,唐山市,迁西县
2月,2026-02-09,2026,2,9,家凯拼多多,太太乐旗舰店,9126682,A01三鲜鸡精40x180克(二维码),太太乐三鲜鸡精调味料40×180g（二维码）,三鲜鸡精,1.0,6.8415,7.8,河北省,承德市,宽城满族自治县
2月,2026-02-09,2026,2,9,家凯拼多多,太太乐旗舰店,9126682,A01三鲜鸡精40x180克(二维码),太太乐三鲜鸡精调味料40×180g（二维码）,三鲜鸡精,1.0,7.7537,7.8,河北省,邢台市,南和区
2月,2026-02-09,2026,2,9,家凯拼多多,太太乐旗舰店,9126682,A01三鲜鸡精40x180克(二维码),太太乐三鲜鸡精调味料40×180g（二维码）,三鲜鸡精,1.0,7.2976,7.8,河南省,洛阳市,涧西区
2月,2026-02-09,2026,2,9,家凯拼多多,太太乐TOTOLE调味旗舰店,9126682,A01三鲜鸡精40x180克(二维码),太太乐三鲜鸡精调味料40×180g（二维码）,三鲜鸡精,3.0,13.6701,7.8,河南省,许昌市,禹州市
2月,2026-02-09,2026,2,9,家凯拼多多,太太乐TOTOLE调味旗舰店,9126682,A01三鲜鸡精40x180克(二维码),太太乐三鲜鸡精调味料40×180g（二维码）,三鲜鸡精,2.0,14.18,7.8,河南省,郑州市,巩义市
2月,2026-02-09,2026,2,9,家凯拼多多,太太乐旗舰店,9126682,A01三鲜鸡精40x180克(二维码),太太乐三鲜鸡精调味料40×180g（二维码）,三鲜鸡精,2.0,17.1204,7.8,河南省,驻马店市,新蔡县
2月,2026-02-09,2026,2,9,家凯拼多多,太太乐旗舰店,9126682,A01三鲜鸡精40x180克(二维码),太太乐三鲜鸡精调味料40×180g（二维码）,三鲜鸡精,1.0,9.122,7.8,浙江省,丽水市,缙云县
2月,2026-02-09,2026,2,9,家凯拼多多,太太乐调味料专卖店,9126682,A01三鲜鸡精40x180克(二维码),太太乐三鲜鸡精调味料40×180g（二维码）,三鲜鸡精,40.0,286.0,7.8,浙江省,丽水市,青田县
2月,2026-02-09,2026,2,9,家凯拼多多,太太乐旗舰店,9126682,A01三鲜鸡精40x180克(二维码),太太乐三鲜鸡精调味料40×180g（二维码）,三鲜鸡精,1.0,9.122,7.8,浙江省,杭州市,临平区
2月,2026-02-09,2026,2,9,家凯拼多多,太太乐TOTOLE调味旗舰店,9126682,A01三鲜鸡精40x180克(二维码),太太乐三鲜鸡精调味料40×180g（二维码）,三鲜鸡精,1.0,5.53,7.8,浙江省,杭州市,西湖区
2月,2026-02-09,2026,2,9,家凯拼多多,太太乐旗舰店,9126682,A01三鲜鸡精40x180克(二维码),太太乐三鲜鸡精调味料40×180g（二维码）,三鲜鸡精,1.0,6.5705,7.8,浙江省,杭州市,钱塘区
2月,2026-02-09,2026,2,9,家凯拼多多,太太乐家凯专卖店,9126682,A01三鲜鸡精40x180克(二维码),太太乐三鲜鸡精调味料40×180g（二维码）,三鲜鸡精,40.0,286.0,7.8,浙江省,湖州市,吴兴区
2月,2026-02-09,2026,2,9,家凯拼多多,太太乐旗舰店,9126682,A01三鲜鸡精40x180克(二维码),太太乐三鲜鸡精调味料40×180g（二维码）,三鲜鸡精,1.0,9.122,7.8,浙江省,湖州市,安吉县
2月,2026-02-09,2026,2,9,家凯拼多多,太太乐家凯专卖店,9126682,A01三鲜鸡精40x180克(二维码),太太乐三鲜鸡精调味料40×180g（二维码）,三鲜鸡精,15.0,109.9995,7.8,浙江省,绍兴市,上虞区
2月,2026-02-09,2026,2,9,家凯拼多多,太太乐旗舰店,9126682,A01三鲜鸡精40x180克(二维码),太太乐三鲜鸡精调味料40×180g（二维码）,三鲜鸡精,1.0,8.6659,7.8,浙江省,绍兴市,越城区
2月,2026-02-09,2026,2,9,家凯拼多多,太太乐调味料专卖店,9126682,A01三鲜鸡精40x180克(二维码),太太乐三鲜鸡精调味料40×180g（二维码）,三鲜鸡精,40.0,286.0,7.8,浙江省,衢州市,衢江区
2月,2026-02-09,2026,2,9,家凯拼多多,太太乐旗舰店,9126682,A01三鲜鸡精40x180克(二维码),太太乐三鲜鸡精调味料40×180g（二维码）,三鲜鸡精,1.0,7.2976,7.8,浙江省,金华市,义乌市
2月,2026-02-09,2026,2,9,家凯拼多多,太太乐旗舰店,9126682,A01三鲜鸡精40x180克(二维码),太太乐三鲜鸡精调味料40×180g（二维码）,三鲜鸡精,3.0,20.1741,7.8,海南省,儋州市,那大镇
2月,2026-02-09,2026,2,9,家凯拼多多,太太乐旗舰店,9126682,A01三鲜鸡精40x180克(二维码),太太乐三鲜鸡精调味料40×180g（二维码）,三鲜鸡精,1.0,7.2976,7.8,海南省,儋州市,那大镇
2月,2026-02-09,2026,2,9,家凯拼多多,太太乐旗舰店,9126682,A01三鲜鸡精40x180克(二维码),太太乐三鲜鸡精调味料40×180g（二维码）,三鲜鸡精,1.0,6.8415,7.8,湖北省,孝感市,孝南区
2月,2026-02-09,2026,2,9,家凯拼多多,太太乐旗舰店,9126682,A01三鲜鸡精40x180克(二维码),太太乐三鲜鸡精调味料40×180g（二维码）,三鲜鸡精,1.0,8.0314,7.8,湖北省,宜昌市,西陵区
2月,2026-02-09,2026,2,9,家凯拼多多,太太乐旗舰店,9126682,A01三鲜鸡精40x180克(二维码),太太乐三鲜鸡精调味料40×180g（二维码）,三鲜鸡精,2.0,17.1204,7.8,湖北省,武汉市,东西湖区
2月,2026-02-09,2026,2,9,家凯拼多多,太太乐旗舰店,9126682,A01三鲜鸡精40x180克(二维码),太太乐三鲜鸡精调味料40×180g（二维码）,三鲜鸡精,1.0,4.9,7.8,湖南省,娄底市,新化县
2月,2026-02-09,2026,2,9,家凯拼多多,太太乐旗舰店,9126682,A01三鲜鸡精40x180克(二维码),太太乐三鲜鸡精调味料40×180g（二维码）,三鲜鸡精,1.0,7.1192,7.8,湖南省,岳阳市,岳阳楼区
2月,2026-02-09,2026,2,9,家凯拼多多,太太乐旗舰店,9126682,A01三鲜鸡精40x180克(二维码),太太乐三鲜鸡精调味料40×180g（二维码）,三鲜鸡精,2.0,17.1204,7.8,湖南省,益阳市,赫山区
2月,2026-02-09,2026,2,9,家凯拼多多,太太乐家凯专卖店,9126682,A01三鲜鸡精40x180克(二维码),太太乐三鲜鸡精调味料40×180g（二维码）,三鲜鸡精,15.0,109.9995,7.8,甘肃省,酒泉市,敦煌市
2月,2026-02-09,2026,2,9,家凯拼多多,太太乐旗舰店,9126682,A01三鲜鸡精40x180克(二维码),太太乐三鲜鸡精调味料40×180g（二维码）,三鲜鸡精,1.0,7.6678,7.8,福建省,南平市,建瓯市
2月,2026-02-09,2026,2,9,家凯拼多多,太太乐旗舰店,9126682,A01三鲜鸡精40x180克(二维码),太太乐三鲜鸡精调味料40×180g（二维码）,三鲜鸡精,1.0,8.2098,7.8,福建省,泉州市,南安市
2月,2026-02-09,2026,2,9,家凯拼多多,太太乐旗舰店,9126682,A01三鲜鸡精40x180克(二维码),太太乐三鲜鸡精调味料40×180g（二维码）,三鲜鸡精,1.0,9.122,7.8,福建省,福州市,福清市
2月,2026-02-09,2026,2,9,家凯拼多多,太太乐旗舰店,9126682,A01三鲜鸡精40x180克(二维码),太太乐三鲜鸡精调味料40×180g（二维码）,三鲜鸡精,1.0,7.2976,7.8,福建省,莆田市,涵江区
2月,2026-02-09,2026,2,9,家凯拼多多,太太乐旗舰店,9126682,A01三鲜鸡精40x180克(二维码),太太乐三鲜鸡精调味料40×180g（二维码）,三鲜鸡精,1.0,9.122,7.8,贵州省,安顺市,镇宁布依族苗族自治县
2月,2026-02-09,2026,2,9,家凯拼多多,太太乐TOTOLE调味旗舰店,9126682,A01三鲜鸡精40x180克(二维码),太太乐三鲜鸡精调味料40×180g（二维码）,三鲜鸡精,2.0,15.9,7.8,贵州省,黔东南苗族侗族自治州,黄平县
2月,2026-02-09,2026,2,9,家凯拼多多,太太乐调味料专卖店,9126682,A01三鲜鸡精40x180克(二维码),太太乐三鲜鸡精调味料40×180g（二维码）,三鲜鸡精,40.0,286.0,7.8,贵州省,黔南布依族苗族自治州,福泉市
2月,2026-02-09,2026,2,9,家凯拼多多,太太乐旗舰店,9126682,A01三鲜鸡精40x180克(二维码),太太乐三鲜鸡精调味料40×180g（二维码）,三鲜鸡精,1.0,9.122,7.8,贵州省,黔西南布依族苗族自治州,兴义市
2月,2026-02-09,2026,2,9,家凯拼多多,太太乐旗舰店,9126682,A01三鲜鸡精40x180克(二维码),太太乐三鲜鸡精调味料40×180g（二维码）,三鲜鸡精,1.0,6.3854,7.8,辽宁省,沈阳市,辽中区
2月,2026-02-09,2026,2,9,家凯拼多多,太太乐调味料专卖店,9126682,A01三鲜鸡精40x180克(二维码),太太乐三鲜鸡精调味料40×180g（二维码）,三鲜鸡精,120.0,849.42,7.8,黑龙江省,齐齐哈尔市,甘南县
2月,2026-02-10,2026,2,10,家凯拼多多,太太乐旗舰店,9126682,A01三鲜鸡精40x180克(二维码),太太乐三鲜鸡精调味料40×180g（二维码）,三鲜鸡精,1.0,8.2098,7.8,上海,上海市,浦东新区
2月,2026-02-10,2026,2,10,家凯拼多多,太太乐旗舰店,9126682,A01三鲜鸡精40x180克(二维码),太太乐三鲜鸡精调味料40×180g（二维码）,三鲜鸡精,1.0,7.7537,7.8,北京,北京市,大兴区
2月,2026-02-10,2026,2,10,家凯拼多多,太太乐家凯专卖店,9126682,A01三鲜鸡精40x180克(二维码),太太乐三鲜鸡精调味料40×180g（二维码）,三鲜鸡精,40.0,286.0,7.8,吉林省,吉林市,昌邑区
2月,2026-02-10,2026,2,10,家凯拼多多,太太乐TOTOLE调味旗舰店,9126682,A01三鲜鸡精40x180克(二维码),太太乐三鲜鸡精调味料40×180g（二维码）,三鲜鸡精,3.0,26.9001,7.8,宁夏回族自治区,银川市,贺兰县
2月,2026-02-10,2026,2,10,家凯拼多多,太太乐家凯专卖店,9126682,A01三鲜鸡精40x180克(二维码),太太乐三鲜鸡精调味料40×180g（二维码）,三鲜鸡精,40.0,271.7,7.8,安徽省,合肥市,长丰县
2月,2026-02-10,2026,2,10,家凯拼多多,太太乐旗舰店,9126682,A01三鲜鸡精40x180克(二维码),太太乐三鲜鸡精调味料40×180g（二维码）,三鲜鸡精,1.0,9.122,7.8,安徽省,芜湖市,其他区
2月,2026-02-10,2026,2,10,家凯拼多多,太太乐调味料专卖店,9126682,A01三鲜鸡精40x180克(二维码),太太乐三鲜鸡精调味料40×180g（二维码）,三鲜鸡精,40.0,286.0,7.8,安徽省,芜湖市,无为市
2月,2026-02-10,2026,2,10,家凯拼多多,太太乐旗舰店,9126682,A01三鲜鸡精40x180克(二维码),太太乐三鲜鸡精调味料40×180g（二维码）,三鲜鸡精,1.0,8.58,7.8,安徽省,阜阳市,太和县
2月,2026-02-10,2026,2,10,家凯拼多多,太太乐TOTOLE调味旗舰店,9126682,A01三鲜鸡精40x180克(二维码),太太乐三鲜鸡精调味料40×180g（二维码）,三鲜鸡精,1.0,8.18,7.8,安徽省,阜阳市,阜南县
2月,2026-02-10,2026,2,10,家凯拼多多,太太乐旗舰店,9126682,A01三鲜鸡精40x180克(二维码),太太乐三鲜鸡精调味料40×180g（二维码）,三鲜鸡精,1.0,7.7537,7.8,安徽省,阜阳市,阜南县
2月,2026-02-10,2026,2,10,家凯拼多多,太太乐TOTOLE调味旗舰店,9126682,A01三鲜鸡精40x180克(二维码),太太乐三鲜鸡精调味料40×180g（二维码）,三鲜鸡精,2.0,14.18,7.8,安徽省,阜阳市,颍州区
2月,2026-02-10,2026,2,10,家凯拼多多,太太乐旗舰店,9126682,A01三鲜鸡精40x180克(二维码),太太乐三鲜鸡精调味料40×180g（二维码）,三鲜鸡精,3.0,17.8011,7.8,山东省,东营市,广饶县
2月,2026-02-10,2026,2,10,家凯拼多多,太太乐TOTOLE调味旗舰店,9126682,A01三鲜鸡精40x180克(二维码),太太乐三鲜鸡精调味料40×180g（二维码）,三鲜鸡精,3.0,26.9001,7.8,山东省,德州市,夏津县
2月,2026-02-10,2026,2,10,家凯拼多多,太太乐家凯专卖店,9126682,A01三鲜鸡精40x180克(二维码),太太乐三鲜鸡精调味料40×180g（二维码）,三鲜鸡精,40.0,286.0,7.8,山东省,泰安市,东平县
2月,2026-02-10,2026,2,10,家凯拼多多,太太乐旗舰店,9126682,A01三鲜鸡精40x180克(二维码),太太乐三鲜鸡精调味料40×180g（二维码）,三鲜鸡精,1.0,7.139,7.8,山东省,济南市,历城区
2月,2026-02-10,2026,2,10,家凯拼多多,太太乐旗舰店,9126682,A01三鲜鸡精40x180克(二维码),太太乐三鲜鸡精调味料40×180g（二维码）,三鲜鸡精,1.0,6.8415,7.8,山西省,太原市,小店区
2月,2026-02-10,2026,2,10,家凯拼多多,太太乐旗舰店,9126682,A01三鲜鸡精40x180克(二维码),太太乐三鲜鸡精调味料40×180g（二维码）,三鲜鸡精,1.0,4.5941,7.8,山西省,太原市,晋源区
2月,2026-02-10,2026,2,10,家凯拼多多,太太乐旗舰店,9126682,A01三鲜鸡精40x180克(二维码),太太乐三鲜鸡精调味料40×180g（二维码）,三鲜鸡精,3.0,20.7201,7.8,广东省,东莞市,塘厦镇
2月,2026-02-10,2026,2,10,家凯拼多多,太太乐旗舰店,9126682,A01三鲜鸡精40x180克(二维码),太太乐三鲜鸡精调味料40×180g（二维码）,三鲜鸡精,2.0,17.1204,7.8,广东省,深圳市,光明区
2月,2026-02-10,2026,2,10,家凯拼多多,太太乐旗舰店,9126682,A01三鲜鸡精40x180克(二维码),太太乐三鲜鸡精调味料40×180g（二维码）,三鲜鸡精,1.0,9.122,7.8,广东省,深圳市,龙华区
2月,2026-02-10,2026,2,10,家凯拼多多,太太乐旗舰店,9126682,A01三鲜鸡精40x180克(二维码),太太乐三鲜鸡精调味料40×180g（二维码）,三鲜鸡精,3.0,0.0,7.8,广西壮族自治区,南宁市,江南区
2月,2026-02-10,2026,2,10,家凯拼多多,太太乐家凯专卖店,9126682,A01三鲜鸡精40x180克(二维码),太太乐三鲜鸡精调味料40×180g（二维码）,三鲜鸡精,15.0,109.9995,7.8,江苏省,常州市,新北区
2月,2026-02-10,2026,2,10,家凯拼多多,太太乐调味料专卖店,9126682,A01三鲜鸡精40x180克(二维码),太太乐三鲜鸡精调味料40×180g（二维码）,三鲜鸡精,40.0,286.0,7.8,江苏省,无锡市,宜兴市
2月,2026-02-10,2026,2,10,家凯拼多多,太太乐TOTOLE调味旗舰店,9126682,A01三鲜鸡精40x180克(二维码),太太乐三鲜鸡精调味料40×180g（二维码）,三鲜鸡精,5.0,30.68,7.8,江苏省,淮安市,涟水县
2月,2026-02-10,2026,2,10,家凯拼多多,太太乐旗舰店,9126682,A01三鲜鸡精40x180克(二维码),太太乐三鲜鸡精调味料40×180g（二维码）,三鲜鸡精,1.0,7.7537,7.8,江苏省,淮安市,清江浦区
2月,2026-02-10,2026,2,10,家凯拼多多,太太乐旗舰店,9126682,A01三鲜鸡精40x180克(二维码),太太乐三鲜鸡精调味料40×180g（二维码）,三鲜鸡精,1.0,7.7537,7.8,江苏省,淮安市,清江浦区
2月,2026-02-10,2026,2,10,家凯拼多多,太太乐旗舰店,9126682,A01三鲜鸡精40x180克(二维码),太太乐三鲜鸡精调味料40×180g（二维码）,三鲜鸡精,1.0,9.122,7.8,江苏省,盐城市,盐都区
2月,2026-02-10,2026,2,10,家凯拼多多,太太乐旗舰店,9126682,A01三鲜鸡精40x180克(二维码),太太乐三鲜鸡精调味料40×180g（二维码）,三鲜鸡精,1.0,8.0314,7.8,江苏省,苏州市,相城区
2月,2026-02-10,2026,2,10,家凯拼多多,太太乐TOTOLE调味旗舰店,9126682,A01三鲜鸡精40x180克(二维码),太太乐三鲜鸡精调味料40×180g（二维码）,三鲜鸡精,1.0,10.9,7.8,江西省,上饶市,广丰区
2月,2026-02-10,2026,2,10,家凯拼多多,太太乐TOTOLE调味旗舰店,9126682,A01三鲜鸡精40x180克(二维码),太太乐三鲜鸡精调味料40×180g（二维码）,三鲜鸡精,1.0,0.9,7.8,江西省,九江市,武宁县
2月,2026-02-10,2026,2,10,家凯拼多多,太太乐旗舰店,9126682,A01三鲜鸡精40x180克(二维码),太太乐三鲜鸡精调味料40×180g（二维码）,三鲜鸡精,1.0,9.122,7.8,江西省,南昌市,青山湖区
2月,2026-02-10,2026,2,10,家凯拼多多,太太乐旗舰店,9126682,A01三鲜鸡精40x180克(二维码),太太乐三鲜鸡精调味料40×180g（二维码）,三鲜鸡精,1.0,9.122,7.8,江西省,景德镇市,乐平市
2月,2026-02-10,2026,2,10,家凯拼多多,太太乐家凯专卖店,9126682,A01三鲜鸡精40x180克(二维码),太太乐三鲜鸡精调味料40×180g（二维码）,三鲜鸡精,40.0,286.0,7.8,江西省,赣州市,定南县
2月,2026-02-10,2026,2,10,家凯拼多多,太太乐TOTOLE调味旗舰店,9126682,A01三鲜鸡精40x180克(二维码),太太乐三鲜鸡精调味料40×180g（二维码）,三鲜鸡精,5.0,31.9,7.8,江西省,鹰潭市,月湖区
2月,2026-02-10,2026,2,10,家凯拼多多,太太乐旗舰店,9126682,A01三鲜鸡精40x180克(二维码),太太乐三鲜鸡精调味料40×180g（二维码）,三鲜鸡精,1.0,9.122,7.8,河北省,保定市,定兴县
2月,2026-02-10,2026,2,10,家凯拼多多,太太乐TOTOLE调味旗舰店,9126682,A01三鲜鸡精40x180克(二维码),太太乐三鲜鸡精调味料40×180g（二维码）,三鲜鸡精,2.0,18.9,7.8,河北省,张家口市,涿鹿县
2月,2026-02-10,2026,2,10,家凯拼多多,太太乐旗舰店,9126682,A01三鲜鸡精40x180克(二维码),太太乐三鲜鸡精调味料40×180g（二维码）,三鲜鸡精,1.0,9.122,7.8,河南省,信阳市,罗山县
2月,2026-02-10,2026,2,10,家凯拼多多,太太乐旗舰店,9126682,A01三鲜鸡精40x180克(二维码),太太乐三鲜鸡精调味料40×180g（二维码）,三鲜鸡精,1.0,4.6139,7.8,河南省,南阳市,新野县
2月,2026-02-10,2026,2,10,家凯拼多多,太太乐旗舰店,9126682,A01三鲜鸡精40x180克(二维码),太太乐三鲜鸡精调味料40×180g（二维码）,三鲜鸡精,1.0,6.8415,7.8,河南省,郑州市,二七区
2月,2026-02-10,2026,2,10,家凯拼多多,太太乐旗舰店,9126682,A01三鲜鸡精40x180克(二维码),太太乐三鲜鸡精调味料40×180g（二维码）,三鲜鸡精,1.0,9.122,7.8,浙江省,台州市,仙居县
2月,2026-02-10,2026,2,10,家凯拼多多,太太乐家凯专卖店,9126682,A01三鲜鸡精40x180克(二维码),太太乐三鲜鸡精调味料40×180g（二维码）,三鲜鸡精,40.0,267.0,7.8,浙江省,杭州市,建德市
2月,2026-02-10,2026,2,10,家凯拼多多,太太乐家凯专卖店,9126682,A01三鲜鸡精40x180克(二维码),太太乐三鲜鸡精调味料40×180g（二维码）,三鲜鸡精,40.0,286.0,7.8,湖北省,十堰市,房县
2月,2026-02-10,2026,2,10,家凯拼多多,太太乐旗舰店,9126682,A01三鲜鸡精40x180克(二维码),太太乐三鲜鸡精调味料40×180g（二维码）,三鲜鸡精,1.0,8.58,7.8,湖北省,荆州市,松滋市
2月,2026-02-10,2026,2,10,家凯拼多多,太太乐旗舰店,9126682,A01三鲜鸡精40x180克(二维码),太太乐三鲜鸡精调味料40×180g（二维码）,三鲜鸡精,1.0,8.461,7.8,湖北省,襄阳市,老河口市
2月,2026-02-10,2026,2,10,家凯拼多多,太太乐TOTOLE调味旗舰店,9126682,A01三鲜鸡精40x180克(二维码),太太乐三鲜鸡精调味料40×180g（二维码）,三鲜鸡精,2.0,18.9,7.8,湖北省,襄阳市,襄州区
2月,2026-02-10,2026,2,10,家凯拼多多,太太乐家凯专卖店,9126682,A01三鲜鸡精40x180克(二维码),太太乐三鲜鸡精调味料40×180g（二维码）,三鲜鸡精,15.0,109.9995,7.8,湖北省,黄石市,阳新县
2月,2026-02-10,2026,2,10,家凯拼多多,太太乐旗舰店,9126682,A01三鲜鸡精40x180克(二维码),太太乐三鲜鸡精调味料40×180g（二维码）,三鲜鸡精,1.0,9.27,7.8,湖南省,娄底市,涟源市
2月,2026-02-10,2026,2,10,家凯拼多多,太太乐旗舰店,9126682,A01三鲜鸡精40x180克(二维码),太太乐三鲜鸡精调味料40×180g（二维码）,三鲜鸡精,2.0,17.1204,7.8,湖南省,长沙市,岳麓区
2月,2026-02-10,2026,2,10,家凯拼多多,太太乐旗舰店,9126682,A01三鲜鸡精40x180克(二维码),太太乐三鲜鸡精调味料40×180g（二维码）,三鲜鸡精,1.0,9.122,7.8,湖南省,长沙市,开福区
2月,2026-02-10,2026,2,10,家凯拼多多,太太乐旗舰店,9126682,A01三鲜鸡精40x180克(二维码),太太乐三鲜鸡精调味料40×180g（二维码）,三鲜鸡精,1.0,6.8415,7.8,甘肃省,兰州市,皋兰县
2月,2026-02-10,2026,2,10,家凯拼多多,太太乐旗舰店,9126682,A01三鲜鸡精40x180克(二维码),太太乐三鲜鸡精调味料40×180g（二维码）,三鲜鸡精,1.0,8.4,7.8,福建省,泉州市,南安市
2月,2026-02-10,2026,2,10,家凯拼多多,太太乐旗舰店,9126682,A01三鲜鸡精40x180克(二维码),太太乐三鲜鸡精调味料40×180g（二维码）,三鲜鸡精,1.0,9.122,7.8,福建省,泉州市,晋江市
2月,2026-02-10,2026,2,10,家凯拼多多,太太乐旗舰店,9126682,A01三鲜鸡精40x180克(二维码),太太乐三鲜鸡精调味料40×180g（二维码）,三鲜鸡精,1.0,8.3949,7.8,福建省,莆田市,荔城区
2月,2026-02-10,2026,2,10,家凯拼多多,太太乐TOTOLE调味旗舰店,9126682,A01三鲜鸡精40x180克(二维码),太太乐三鲜鸡精调味料40×180g（二维码）,三鲜鸡精,2.0,18.9,7.8,贵州省,遵义市,正安县
2月,2026-02-10,2026,2,10,家凯拼多多,太太乐旗舰店,9126682,A01三鲜鸡精40x180克(二维码),太太乐三鲜鸡精调味料40×180g（二维码）,三鲜鸡精,1.0,9.122,7.8,贵州省,铜仁市,江口县
2月,2026-02-10,2026,2,10,家凯拼多多,太太乐调味料专卖店,9126682,A01三鲜鸡精40x180克(二维码),太太乐三鲜鸡精调味料40×180g（二维码）,三鲜鸡精,15.0,109.9995,7.8,辽宁省,朝阳市,建平县
2月,2026-02-10,2026,2,10,家凯拼多多,太太乐旗舰店,9126682,A01三鲜鸡精40x180克(二维码),太太乐三鲜鸡精调味料40×180g（二维码）,三鲜鸡精,1.0,7.7537,7.8,陕西省,西安市,莲湖区
2月,2026-02-24,2026,2,24,家凯拼多多,太太乐调味料专卖店,9126682,A01三鲜鸡精40x180克(二维码),太太乐三鲜鸡精调味料40×180g（二维码）,三鲜鸡精,15.0,94.9995,7.8,内蒙古自治区,通辽市,科尔沁区
2月,2026-02-24,2026,2,24,家凯拼多多,太太乐调味料专卖店,9126682,A01三鲜鸡精40x180克(二维码),太太乐三鲜鸡精调味料40×180g（二维码）,三鲜鸡精,40.0,262.092,7.8,安徽省,阜阳市,颍上县
2月,2026-02-24,2026,2,24,家凯拼多多,太太乐家凯专卖店,9126682,A01三鲜鸡精40x180克(二维码),太太乐三鲜鸡精调味料40×180g（二维码）,三鲜鸡精,15.0,109.9995,7.8,安徽省,阜阳市,颍州区
2月,2026-02-24,2026,2,24,家凯拼多多,太太乐调味料专卖店,9126682,A01三鲜鸡精40x180克(二维码),太太乐三鲜鸡精调味料40×180g（二维码）,三鲜鸡精,40.0,286.0,7.8,广东省,佛山市,南海区
2月,2026-02-24,2026,2,24,家凯拼多多,太太乐家凯专卖店,9126682,A01三鲜鸡精40x180克(二维码),太太乐三鲜鸡精调味料40×180g（二维码）,三鲜鸡精,15.0,94.9995,7.8,江苏省,南通市,如皋市
2月,2026-02-24,2026,2,24,家凯拼多多,太太乐调味料专卖店,9126682,A01三鲜鸡精40x180克(二维码),太太乐三鲜鸡精调味料40×180g（二维码）,三鲜鸡精,80.0,516.28,7.8,江苏省,泰州市,泰兴市
2月,2026-02-24,2026,2,24,家凯拼多多,太太乐调味料专卖店,9126682,A01三鲜鸡精40x180克(二维码),太太乐三鲜鸡精调味料40×180g（二维码）,三鲜鸡精,15.0,90.0,7.8,江苏省,苏州市,常熟市
2月,2026-02-24,2026,2,24,家凯拼多多,太太乐调味料专卖店,9126682,A01三鲜鸡精40x180克(二维码),太太乐三鲜鸡精调味料40×180g（二维码）,三鲜鸡精,40.0,257.4,7.8,河北省,保定市,安新县
2月,2026-02-24,2026,2,24,家凯拼多多,太太乐调味料专卖店,9126682,A01三鲜鸡精40x180克(二维码),太太乐三鲜鸡精调味料40×180g（二维码）,三鲜鸡精,40.0,286.0,7.8,湖南省,怀化市,溆浦县
2月,2026-02-24,2026,2,24,家凯拼多多,太太乐调味料专卖店,9126682,A01三鲜鸡精40x180克(二维码),太太乐三鲜鸡精调味料40×180g（二维码）,三鲜鸡精,40.0,271.7,7.8,辽宁省,葫芦岛市,连山区
2月,2026-02-25,2026,2,25,家凯拼多多,太太乐TOTOLE调味旗舰店,9126682,A01三鲜鸡精40x180克(二维码),太太乐三鲜鸡精调味料40×180g（二维码）,三鲜鸡精,2.0,18.9,7.8,内蒙古自治区,呼伦贝尔市,牙克石市
2月,2026-02-25,2026,2,25,家凯拼多多,太太乐调味料专卖店,9126682,A01三鲜鸡精40x180克(二维码),太太乐三鲜鸡精调味料40×180g（二维码）,三鲜鸡精,40.0,271.7,7.8,安徽省,亳州市,谯城区
2月,2026-02-25,2026,2,25,家凯拼多多,太太乐调味料专卖店,9126682,A01三鲜鸡精40x180克(二维码),太太乐三鲜鸡精调味料40×180g（二维码）,三鲜鸡精,40.0,263.12,7.8,安徽省,六安市,舒城县
2月,2026-02-25,2026,2,25,家凯拼多多,太太乐TOTOLE调味旗舰店,9126682,A01三鲜鸡精40x180克(二维码),太太乐三鲜鸡精调味料40×180g（二维码）,三鲜鸡精,2.0,18.9,7.8,山东省,济宁市,邹城市
2月,2026-02-25,2026,2,25,家凯拼多多,太太乐旗舰店,9126682,A01三鲜鸡精40x180克(二维码),太太乐三鲜鸡精调味料40×180g（二维码）,三鲜鸡精,1.0,9.122,7.8,广东省,潮州市,潮安区
2月,2026-02-25,2026,2,25,家凯拼多多,太太乐调味料专卖店,9126682,A01三鲜鸡精40x180克(二维码),太太乐三鲜鸡精调味料40×180g（二维码）,三鲜鸡精,40.0,271.0,7.8,江苏省,扬州市,江都区
2月,2026-02-25,2026,2,25,家凯拼多多,太太乐旗舰店,9126682,A01三鲜鸡精40x180克(二维码),太太乐三鲜鸡精调味料40×180g（二维码）,三鲜鸡精,1.0,9.122,7.8,江苏省,扬州市,江都区
2月,2026-02-25,2026,2,25,家凯拼多多,太太乐TOTOLE调味旗舰店,9126682,A01三鲜鸡精40x180克(二维码),太太乐三鲜鸡精调味料40×180g（二维码）,三鲜鸡精,1.0,10.9,7.8,江苏省,盐城市,建湖县
2月,2026-02-25,2026,2,25,家凯拼多多,太太乐调味料专卖店,9126682,A01三鲜鸡精40x180克(二维码),太太乐三鲜鸡精调味料40×180g（二维码）,三鲜鸡精,40.0,260.26,7.8,河北省,保定市,安新县
2月,2026-02-25,2026,2,25,家凯拼多多,太太乐旗舰店,9126682,A01三鲜鸡精40x180克(二维码),太太乐三鲜鸡精调味料40×180g（二维码）,三鲜鸡精,1.0,5.8169,7.8,河南省,驻马店市,驿城区
2月,2026-02-25,2026,2,25,家凯拼多多,太太乐旗舰店,9126682,A01三鲜鸡精40x180克(二维码),太太乐三鲜鸡精调味料40×180g（二维码）,三鲜鸡精,2.0,14.5094,7.8,浙江省,温州市,乐清市
2月,2026-02-25,2026,2,25,家凯拼多多,太太乐调味料专卖店,9126682,A01三鲜鸡精40x180克(二维码),太太乐三鲜鸡精调味料40×180g（二维码）,三鲜鸡精,40.0,264.532,7.8,浙江省,绍兴市,新昌县
2月,2026-02-25,2026,2,25,家凯拼多多,太太乐调味料专卖店,9126682,A01三鲜鸡精40x180克(二维码),太太乐三鲜鸡精调味料40×180g（二维码）,三鲜鸡精,40.0,286.0,7.8,海南省,三亚市,吉阳区
2月,2026-02-25,2026,2,25,家凯拼多多,太太乐调味料专卖店,9126682,A01三鲜鸡精40x180克(二维码),太太乐三鲜鸡精调味料40×180g（二维码）,三鲜鸡精,40.0,271.7,7.8,海南省,省直辖县级行政区划,澄迈县
2月,2026-02-25,2026,2,25,家凯拼多多,太太乐调味料专卖店,9126682,A01三鲜鸡精40x180克(二维码),太太乐三鲜鸡精调味料40×180g（二维码）,三鲜鸡精,40.0,286.0,7.8,湖北省,襄阳市,南漳县
2月,2026-02-25,2026,2,25,家凯拼多多,太太乐家凯专卖店,9126682,A01三鲜鸡精40x180克(二维码),太太乐三鲜鸡精调味料40×180g（二维码）,三鲜鸡精,15.0,94.9995,7.8,湖南省,永州市,江华瑶族自治县
2月,2026-02-25,2026,2,25,家凯拼多多,太太乐TOTOLE调味旗舰店,9126682,A01三鲜鸡精40x180克(二维码),太太乐三鲜鸡精调味料40×180g（二维码）,三鲜鸡精,2.0,18.9,7.8,福建省,福州市,福清市
2月,2026-02-25,2026,2,25,家凯拼多多,太太乐调味料专卖店,9126682,A01三鲜鸡精40x180克(二维码),太太乐三鲜鸡精调味料40×180g（二维码）,三鲜鸡精,40.0,243.1,7.8,福建省,莆田市,城厢区
2月,2026-02-25,2026,2,25,家凯拼多多,太太乐旗舰店,9126682,A01三鲜鸡精40x180克(二维码),太太乐三鲜鸡精调味料40×180g（二维码）,三鲜鸡精,1.0,9.122,7.8,福建省,龙岩市,长汀县
2月,2026-02-25,2026,2,25,家凯拼多多,太太乐旗舰店,9126682,A01三鲜鸡精40x180克(二维码),太太乐三鲜鸡精调味料40×180g（二维码）,三鲜鸡精,1.0,9.122,7.8,辽宁省,沈阳市,铁西区
2月,2026-02-25,2026,2,25,家凯拼多多,太太乐调味料专卖店,9126682,A01三鲜鸡精40x180克(二维码),太太乐三鲜鸡精调味料40×180g（二维码）,三鲜鸡精,40.0,254.54,7.8,陕西省,咸阳市,泾阳县
2月,2026-02-25,2026,2,25,家凯拼多多,太太乐调味料专卖店,9126682,A01三鲜鸡精40x180克(二维码),太太乐三鲜鸡精调味料40×180g（二维码）,三鲜鸡精,40.0,283.0,7.8,黑龙江省,牡丹江市,宁安市
2月,2026-02-26,2026,2,26,家凯拼多多,太太乐旗舰店,9126682,A01三鲜鸡精40x180克(二维码),太太乐三鲜鸡精调味料40×180g（二维码）,三鲜鸡精,1.0,8.2098,7.8,上海,上海市,松江区
2月,2026-02-26,2026,2,26,家凯拼多多,太太乐TOTOLE调味旗舰店,9126682,A01三鲜鸡精40x180克(二维码),太太乐三鲜鸡精调味料40×180g（二维码）,三鲜鸡精,1.0,8.18,7.8,上海,上海市,松江区
2月,2026-02-26,2026,2,26,家凯拼多多,太太乐旗舰店,9126682,A01三鲜鸡精40x180克(二维码),太太乐三鲜鸡精调味料40×180g（二维码）,三鲜鸡精,1.0,10.36,7.8,吉林省,长春市,经济技术开发区
2月,2026-02-26,2026,2,26,家凯拼多多,太太乐调味料专卖店,9126682,A01三鲜鸡精40x180克(二维码),太太乐三鲜鸡精调味料40×180g（二维码）,三鲜鸡精,40.0,286.0,7.8,安徽省,宣城市,宁国市
2月,2026-02-26,2026,2,26,家凯拼多多,太太乐旗舰店,9126682,A01三鲜鸡精40x180克(二维码),太太乐三鲜鸡精调味料40×180g（二维码）,三鲜鸡精,1.0,6.8415,7.8,安徽省,芜湖市,鸠江区
2月,2026-02-26,2026,2,26,家凯拼多多,太太乐调味料专卖店,9126682,A01三鲜鸡精40x180克(二维码),太太乐三鲜鸡精调味料40×180g（二维码）,三鲜鸡精,80.0,481.344,7.8,安徽省,阜阳市,颍东区
2月,2026-02-26,2026,2,26,家凯拼多多,太太乐旗舰店,9126682,A01三鲜鸡精40x180克(二维码),太太乐三鲜鸡精调味料40×180g（二维码）,三鲜鸡精,1.0,7.1192,7.8,安徽省,马鞍山市,雨山区
2月,2026-02-26,2026,2,26,家凯拼多多,太太乐调味料专卖店,9126682,A01三鲜鸡精40x180克(二维码),太太乐三鲜鸡精调味料40×180g（二维码）,三鲜鸡精,40.0,286.0,7.8,山东省,东营市,东营区
2月,2026-02-26,2026,2,26,家凯拼多多,太太乐旗舰店,9126682,A01三鲜鸡精40x180克(二维码),太太乐三鲜鸡精调味料40×180g（二维码）,三鲜鸡精,1.0,10.9,7.8,山东省,威海市,环翠区
2月,2026-02-26,2026,2,26,家凯拼多多,太太乐旗舰店,9126682,A01三鲜鸡精40x180克(二维码),太太乐三鲜鸡精调味料40×180g（二维码）,三鲜鸡精,1.0,8.62,7.8,山东省,济南市,莱芜区
2月,2026-02-26,2026,2,26,家凯拼多多,太太乐TOTOLE调味旗舰店,9126682,A01三鲜鸡精40x180克(二维码),太太乐三鲜鸡精调味料40×180g（二维码）,三鲜鸡精,5.0,40.9,7.8,山东省,滨州市,博兴县
2月,2026-02-26,2026,2,26,家凯拼多多,太太乐旗舰店,9126682,A01三鲜鸡精40x180克(二维码),太太乐三鲜鸡精调味料40×180g（二维码）,三鲜鸡精,1.0,8.72,7.8,广西壮族自治区,桂林市,兴安县
2月,2026-02-26,2026,2,26,家凯拼多多,太太乐调味料专卖店,9126682,A01三鲜鸡精40x180克(二维码),太太乐三鲜鸡精调味料40×180g（二维码）,三鲜鸡精,40.0,286.0,7.8,江苏省,徐州市,沛县
2月,2026-02-26,2026,2,26,家凯拼多多,太太乐旗舰店,9126682,A01三鲜鸡精40x180克(二维码),太太乐三鲜鸡精调味料40×180g（二维码）,三鲜鸡精,1.0,9.122,7.8,江苏省,苏州市,虎丘区
2月,2026-02-26,2026,2,26,家凯拼多多,太太乐旗舰店,9126682,A01三鲜鸡精40x180克(二维码),太太乐三鲜鸡精调味料40×180g（二维码）,三鲜鸡精,3.0,20.7201,7.8,江西省,上饶市,广丰区
2月,2026-02-26,2026,2,26,家凯拼多多,太太乐调味料专卖店,9126682,A01三鲜鸡精40x180克(二维码),太太乐三鲜鸡精调味料40×180g（二维码）,三鲜鸡精,40.0,248.82,7.8,江西省,萍乡市,莲花县
2月,2026-02-26,2026,2,26,家凯拼多多,太太乐家凯专卖店,9126682,A01三鲜鸡精40x180克(二维码),太太乐三鲜鸡精调味料40×180g（二维码）,三鲜鸡精,15.0,96.7995,7.8,江西省,赣州市,宁都县
2月,2026-02-26,2026,2,26,家凯拼多多,太太乐旗舰店,9126682,A01三鲜鸡精40x180克(二维码),太太乐三鲜鸡精调味料40×180g（二维码）,三鲜鸡精,1.0,10.36,7.8,河北省,衡水市,深州市
2月,2026-02-26,2026,2,26,家凯拼多多,太太乐旗舰店,9126682,A01三鲜鸡精40x180克(二维码),太太乐三鲜鸡精调味料40×180g（二维码）,三鲜鸡精,1.0,7.7537,7.8,河南省,周口市,川汇区
2月,2026-02-26,2026,2,26,家凯拼多多,太太乐旗舰店,9126682,A01三鲜鸡精40x180克(二维码),太太乐三鲜鸡精调味料40×180g（二维码）,三鲜鸡精,1.0,10.9,7.8,浙江省,宁波市,镇海区
2月,2026-02-26,2026,2,26,家凯拼多多,太太乐旗舰店,9126682,A01三鲜鸡精40x180克(二维码),太太乐三鲜鸡精调味料40×180g（二维码）,三鲜鸡精,1.0,8.72,7.8,浙江省,杭州市,上城区
2月,2026-02-26,2026,2,26,家凯拼多多,太太乐旗舰店,9126682,A01三鲜鸡精40x180克(二维码),太太乐三鲜鸡精调味料40×180g（二维码）,三鲜鸡精,1.0,10.9,7.8,浙江省,杭州市,余杭区
2月,2026-02-26,2026,2,26,家凯拼多多,太太乐TOTOLE调味旗舰店,9126682,A01三鲜鸡精40x180克(二维码),太太乐三鲜鸡精调味料40×180g（二维码）,三鲜鸡精,1.0,9.81,7.8,浙江省,杭州市,江干区
2月,2026-02-26,2026,2,26,家凯拼多多,太太乐旗舰店,9126682,A01三鲜鸡精40x180克(二维码),太太乐三鲜鸡精调味料40×180g（二维码）,三鲜鸡精,3.0,23.7306,7.8,浙江省,温州市,乐清市
2月,2026-02-26,2026,2,26,家凯拼多多,太太乐旗舰店,9126682,A01三鲜鸡精40x180克(二维码),太太乐三鲜鸡精调味料40×180g（二维码）,三鲜鸡精,1.0,7.139,7.8,浙江省,温州市,平阳县
2月,2026-02-26,2026,2,26,家凯拼多多,太太乐调味料专卖店,9126682,A01三鲜鸡精40x180克(二维码),太太乐三鲜鸡精调味料40×180g（二维码）,三鲜鸡精,40.0,286.0,7.8,浙江省,金华市,东阳市
2月,2026-02-26,2026,2,26,家凯拼多多,太太乐旗舰店,9126682,A01三鲜鸡精40x180克(二维码),太太乐三鲜鸡精调味料40×180g（二维码）,三鲜鸡精,1.0,12.99,7.8,浙江省,金华市,义乌市
2月,2026-02-26,2026,2,26,家凯拼多多,太太乐调味料专卖店,9126682,A01三鲜鸡精40x180克(二维码),太太乐三鲜鸡精调味料40×180g（二维码）,三鲜鸡精,15.0,109.9995,7.8,海南省,三亚市,天涯区
2月,2026-02-26,2026,2,26,家凯拼多多,太太乐旗舰店,9126682,A01三鲜鸡精40x180克(二维码),太太乐三鲜鸡精调味料40×180g（二维码）,三鲜鸡精,1.0,8.18,7.8,湖北省,咸宁市,咸安区
2月,2026-02-26,2026,2,26,家凯拼多多,太太乐TOTOLE调味旗舰店,9126682,A01三鲜鸡精40x180克(二维码),太太乐三鲜鸡精调味料40×180g（二维码）,三鲜鸡精,2.0,18.9,7.8,湖北省,武汉市,江夏区
2月,2026-02-26,2026,2,26,家凯拼多多,太太乐调味料专卖店,9126682,A01三鲜鸡精40x180克(二维码),太太乐三鲜鸡精调味料40×180g（二维码）,三鲜鸡精,40.0,257.4,7.8,湖北省,荆州市,洪湖市
2月,2026-02-26,2026,2,26,家凯拼多多,太太乐旗舰店,9126682,A01三鲜鸡精40x180克(二维码),太太乐三鲜鸡精调味料40×180g（二维码）,三鲜鸡精,1.0,8.18,7.8,湖南省,永州市,东安县
2月,2026-02-26,2026,2,26,家凯拼多多,太太乐家凯专卖店,9126682,A01三鲜鸡精40x180克(二维码),太太乐三鲜鸡精调味料40×180g（二维码）,三鲜鸡精,15.0,94.6005,7.8,湖南省,永州市,道县
2月,2026-02-26,2026,2,26,家凯拼多多,太太乐调味料专卖店,9126682,A01三鲜鸡精40x180克(二维码),太太乐三鲜鸡精调味料40×180g（二维码）,三鲜鸡精,40.0,263.12,7.8,福建省,泉州市,安溪县
2月,2026-02-26,2026,2,26,家凯拼多多,太太乐家凯专卖店,9126682,A01三鲜鸡精40x180克(二维码),太太乐三鲜鸡精调味料40×180g（二维码）,三鲜鸡精,15.0,94.9995,7.8,福建省,漳州市,诏安县
2月,2026-02-26,2026,2,26,家凯拼多多,太太乐调味料专卖店,9126682,A01三鲜鸡精40x180克(二维码),太太乐三鲜鸡精调味料40×180g（二维码）,三鲜鸡精,40.0,257.4,7.8,贵州省,遵义市,红花岗区
2月,2026-02-26,2026,2,26,家凯拼多多,太太乐TOTOLE调味旗舰店,9126682,A01三鲜鸡精40x180克(二维码),太太乐三鲜鸡精调味料40×180g（二维码）,三鲜鸡精,2.0,18.9,7.8,辽宁省,沈阳市,沈北新区
2月,2026-02-27,2026,2,27,家凯拼多多,太太乐调味料专卖店,9126682,A01三鲜鸡精40x180克(二维码),太太乐三鲜鸡精调味料40×180g（二维码）,三鲜鸡精,40.0,272.0,7.8,上海,上海市,浦东新区
2月,2026-02-27,2026,2,27,家凯拼多多,太太乐TOTOLE调味旗舰店,9126682,A01三鲜鸡精40x180克(二维码),太太乐三鲜鸡精调味料40×180g（二维码）,三鲜鸡精,1.0,10.9,7.8,上海,上海市,闵行区
2月,2026-02-27,2026,2,27,家凯拼多多,太太乐调味料专卖店,9126682,A01三鲜鸡精40x180克(二维码),太太乐三鲜鸡精调味料40×180g（二维码）,三鲜鸡精,30.0,217.8,7.8,云南省,红河哈尼族彝族自治州,蒙自市
2月,2026-02-27,2026,2,27,家凯拼多多,太太乐家凯专卖店,9126682,A01三鲜鸡精40x180克(二维码),太太乐三鲜鸡精调味料40×180g（二维码）,三鲜鸡精,15.0,109.9995,7.8,内蒙古自治区,乌兰察布市,集宁区
2月,2026-02-27,2026,2,27,家凯拼多多,太太乐旗舰店,9126682,A01三鲜鸡精40x180克(二维码),太太乐三鲜鸡精调味料40×180g（二维码）,三鲜鸡精,1.0,9.122,7.8,北京,北京市,大兴区
2月,2026-02-27,2026,2,27,家凯拼多多,太太乐旗舰店,9126682,A01三鲜鸡精40x180克(二维码),太太乐三鲜鸡精调味料40×180g（二维码）,三鲜鸡精,1.0,8.18,7.8,北京,北京市,房山区
2月,2026-02-27,2026,2,27,家凯拼多多,太太乐旗舰店,9126682,A01三鲜鸡精40x180克(二维码),太太乐三鲜鸡精调味料40×180g（二维码）,三鲜鸡精,3.0,24.6099,7.8,吉林省,延边朝鲜族自治州,敦化市
2月,2026-02-27,2026,2,27,家凯拼多多,太太乐调味料专卖店,9126682,A01三鲜鸡精40x180克(二维码),太太乐三鲜鸡精调味料40×180g（二维码）,三鲜鸡精,40.0,260.26,7.8,安徽省,宣城市,宣州区
2月,2026-02-27,2026,2,27,家凯拼多多,太太乐旗舰店,9126682,A01三鲜鸡精40x180克(二维码),太太乐三鲜鸡精调味料40×180g（二维码）,三鲜鸡精,1.0,7.7537,7.8,安徽省,宿州市,砀山县
2月,2026-02-27,2026,2,27,家凯拼多多,太太乐家凯专卖店,9126682,A01三鲜鸡精40x180克(二维码),太太乐三鲜鸡精调味料40×180g（二维码）,三鲜鸡精,15.0,94.9995,7.8,山东省,临沂市,兰山区
2月,2026-02-27,2026,2,27,家凯拼多多,太太乐旗舰店,9126682,A01三鲜鸡精40x180克(二维码),太太乐三鲜鸡精调味料40×180g（二维码）,三鲜鸡精,2.0,13.3592,7.8,山东省,临沂市,兰陵县
2月,2026-02-27,2026,2,27,家凯拼多多,太太乐旗舰店,9126682,A01三鲜鸡精40x180克(二维码),太太乐三鲜鸡精调味料40×180g（二维码）,三鲜鸡精,3.0,20.9001,7.8,广东省,东莞市,塘厦镇
2月,2026-02-27,2026,2,27,家凯拼多多,太太乐旗舰店,9126682,A01三鲜鸡精40x180克(二维码),太太乐三鲜鸡精调味料40×180g（二维码）,三鲜鸡精,3.0,20.8881,7.8,广东省,东莞市,大朗镇
2月,2026-02-27,2026,2,27,家凯拼多多,太太乐旗舰店,9126682,A01三鲜鸡精40x180克(二维码),太太乐三鲜鸡精调味料40×180g（二维码）,三鲜鸡精,1.0,9.122,7.8,广东省,中山市,小榄镇
2月,2026-02-27,2026,2,27,家凯拼多多,太太乐旗舰店,9126682,A01三鲜鸡精40x180克(二维码),太太乐三鲜鸡精调味料40×180g（二维码）,三鲜鸡精,1.0,9.6,7.8,广东省,广州市,白云区
2月,2026-02-27,2026,2,27,家凯拼多多,太太乐家凯专卖店,9126682,A01三鲜鸡精40x180克(二维码),太太乐三鲜鸡精调味料40×180g（二维码）,三鲜鸡精,15.0,109.6695,7.8,广东省,广州市,黄埔区
2月,2026-02-27,2026,2,27,家凯拼多多,太太乐旗舰店,9126682,A01三鲜鸡精40x180克(二维码),太太乐三鲜鸡精调味料40×180g（二维码）,三鲜鸡精,1.0,9.122,7.8,广西壮族自治区,南宁市,江南区
2月,2026-02-27,2026,2,27,家凯拼多多,太太乐旗舰店,9126682,A01三鲜鸡精40x180克(二维码),太太乐三鲜鸡精调味料40×180g（二维码）,三鲜鸡精,1.0,9.122,7.8,江苏省,南通市,如东县
2月,2026-02-27,2026,2,27,家凯拼多多,太太乐旗舰店,9126682,A01三鲜鸡精40x180克(二维码),太太乐三鲜鸡精调味料40×180g（二维码）,三鲜鸡精,3.0,23.7306,7.8,江苏省,扬州市,邗江区
2月,2026-02-27,2026,2,27,家凯拼多多,太太乐旗舰店,9126682,A01三鲜鸡精40x180克(二维码),太太乐三鲜鸡精调味料40×180g（二维码）,三鲜鸡精,1.0,8.9369,7.8,江苏省,淮安市,清江浦区
2月,2026-02-27,2026,2,27,家凯拼多多,太太乐旗舰店,9126682,A01三鲜鸡精40x180克(二维码),太太乐三鲜鸡精调味料40×180g（二维码）,三鲜鸡精,1.0,10.9,7.8,江苏省,镇江市,扬中市
2月,2026-02-27,2026,2,27,家凯拼多多,太太乐旗舰店,9126682,A01三鲜鸡精40x180克(二维码),太太乐三鲜鸡精调味料40×180g（二维码）,三鲜鸡精,2.0,15.7984,7.8,江西省,上饶市,万年县
2月,2026-02-27,2026,2,27,家凯拼多多,太太乐调味料专卖店,9126682,A01三鲜鸡精40x180克(二维码),太太乐三鲜鸡精调味料40×180g（二维码）,三鲜鸡精,15.0,100.0995,7.8,江西省,上饶市,广丰区
2月,2026-02-27,2026,2,27,家凯拼多多,太太乐旗舰店,9126682,A01三鲜鸡精40x180克(二维码),太太乐三鲜鸡精调味料40×180g（二维码）,三鲜鸡精,1.0,9.122,7.8,江西省,宜春市,袁州区
2月,2026-02-27,2026,2,27,家凯拼多多,太太乐TOTOLE调味旗舰店,9126682,A01三鲜鸡精40x180克(二维码),太太乐三鲜鸡精调味料40×180g（二维码）,三鲜鸡精,1.0,10.9,7.8,江西省,宜春市,铜鼓县
2月,2026-02-27,2026,2,27,家凯拼多多,太太乐旗舰店,9126682,A01三鲜鸡精40x180克(二维码),太太乐三鲜鸡精调味料40×180g（二维码）,三鲜鸡精,3.0,23.31,7.8,浙江省,宁波市,鄞州区
2月,2026-02-27,2026,2,27,家凯拼多多,太太乐旗舰店,9126682,A01三鲜鸡精40x180克(二维码),太太乐三鲜鸡精调味料40×180g（二维码）,三鲜鸡精,1.0,10.9,7.8,浙江省,杭州市,上城区
2月,2026-02-27,2026,2,27,家凯拼多多,太太乐旗舰店,9126682,A01三鲜鸡精40x180克(二维码),太太乐三鲜鸡精调味料40×180g（二维码）,三鲜鸡精,3.0,19.4301,7.8,浙江省,湖州市,吴兴区
2月,2026-02-27,2026,2,27,家凯拼多多,太太乐调味料专卖店,9126682,A01三鲜鸡精40x180克(二维码),太太乐三鲜鸡精调味料40×180g（二维码）,三鲜鸡精,30.0,212.799,7.8,海南省,三亚市,天涯区
2月,2026-02-27,2026,2,27,家凯拼多多,太太乐旗舰店,9126682,A01三鲜鸡精40x180克(二维码),太太乐三鲜鸡精调味料40×180g（二维码）,三鲜鸡精,1.0,7.7537,7.8,海南省,儋州市,那大镇
2月,2026-02-27,2026,2,27,家凯拼多多,太太乐TOTOLE调味旗舰店,9126682,A01三鲜鸡精40x180克(二维码),太太乐三鲜鸡精调味料40×180g（二维码）,三鲜鸡精,1.0,10.9,7.8,海南省,海口市,秀英区
2月,2026-02-27,2026,2,27,家凯拼多多,太太乐旗舰店,9126682,A01三鲜鸡精40x180克(二维码),太太乐三鲜鸡精调味料40×180g（二维码）,三鲜鸡精,1.0,6.8481,7.8,湖北省,武汉市,东西湖区
2月,2026-02-27,2026,2,27,家凯拼多多,太太乐调味料专卖店,9126682,A01三鲜鸡精40x180克(二维码),太太乐三鲜鸡精调味料40×180g（二维码）,三鲜鸡精,40.0,286.0,7.8,湖北省,省直辖县级行政区划,仙桃市
2月,2026-02-27,2026,2,27,家凯拼多多,太太乐调味料专卖店,9126682,A01三鲜鸡精40x180克(二维码),太太乐三鲜鸡精调味料40×180g（二维码）,三鲜鸡精,15.0,94.9995,7.8,湖南省,长沙市,长沙县
2月,2026-02-27,2026,2,27,家凯拼多多,太太乐旗舰店,9126682,A01三鲜鸡精40x180克(二维码),太太乐三鲜鸡精调味料40×180g（二维码）,三鲜鸡精,1.0,7.3902,7.8,湖南省,长沙市,雨花区
2月,2026-02-27,2026,2,27,家凯拼多多,太太乐TOTOLE调味旗舰店,9126682,A01三鲜鸡精40x180克(二维码),太太乐三鲜鸡精调味料40×180g（二维码）,三鲜鸡精,2.0,14.18,7.8,辽宁省,沈阳市,铁西区
2月,2026-02-27,2026,2,27,家凯拼多多,太太乐旗舰店,9126682,A01三鲜鸡精40x180克(二维码),太太乐三鲜鸡精调味料40×180g（二维码）,三鲜鸡精,1.0,9.122,7.8,辽宁省,沈阳市,铁西区
2月,2026-02-27,2026,2,27,家凯拼多多,太太乐调味料专卖店,9126682,A01三鲜鸡精40x180克(二维码),太太乐三鲜鸡精调味料40×180g（二维码）,三鲜鸡精,400.0,2831.4,7.8,辽宁省,辽阳市,白塔区
2月,2026-02-27,2026,2,27,家凯拼多多,太太乐旗舰店,9126682,A01三鲜鸡精40x180克(二维码),太太乐三鲜鸡精调味料40×180g（二维码）,三鲜鸡精,1.0,6.8415,7.8,重庆,重庆市,南岸区
3月,2026-03-01,2026,3,1,家凯拼多多,太太乐家凯专卖店,9126682,A01三鲜鸡精40x180克(二维码),太太乐三鲜鸡精调味料40×180g（二维码）,三鲜鸡精,15.0,104.5005,7.8,上海,上海市,嘉定区
3月,2026-03-01,2026,3,1,家凯拼多多,太太乐旗舰店,9126682,A01三鲜鸡精40x180克(二维码),太太乐三鲜鸡精调味料40×180g（二维码）,三鲜鸡精,1.0,10.9,7.8,安徽省,滁州市,天长市
3月,2026-03-01,2026,3,1,家凯拼多多,太太乐TOTOLE调味旗舰店,9126682,A01三鲜鸡精40x180克(二维码),太太乐三鲜鸡精调味料40×180g（二维码）,三鲜鸡精,1.0,10.9,7.8,山东省,泰安市,肥城市
3月,2026-03-01,2026,3,1,家凯拼多多,太太乐家凯专卖店,9126682,A01三鲜鸡精40x180克(二维码),太太乐三鲜鸡精调味料40×180g（二维码）,三鲜鸡精,15.0,94.0005,7.8,山东省,菏泽市,巨野县
3月,2026-03-01,2026,3,1,家凯拼多多,太太乐家凯专卖店,9126682,A01三鲜鸡精40x180克(二维码),太太乐三鲜鸡精调味料40×180g（二维码）,三鲜鸡精,15.0,94.0005,7.8,山东省,菏泽市,巨野县
3月,2026-03-01,2026,3,1,家凯拼多多,太太乐家凯专卖店,9126682,A01三鲜鸡精40x180克(二维码),太太乐三鲜鸡精调味料40×180g（二维码）,三鲜鸡精,15.0,94.0005,7.8,山东省,菏泽市,巨野县
3月,2026-03-01,2026,3,1,家凯拼多多,太太乐家凯专卖店,9126682,A01三鲜鸡精40x180克(二维码),太太乐三鲜鸡精调味料40×180g（二维码）,三鲜鸡精,15.0,94.0005,7.8,山东省,菏泽市,巨野县
3月,2026-03-01,2026,3,1,家凯拼多多,太太乐旗舰店,9126682,A01三鲜鸡精40x180克(二维码),太太乐三鲜鸡精调味料40×180g（二维码）,三鲜鸡精,1.0,7.139,7.8,山西省,太原市,杏花岭区
3月,2026-03-01,2026,3,1,家凯拼多多,太太乐旗舰店,9126682,A01三鲜鸡精40x180克(二维码),太太乐三鲜鸡精调味料40×180g（二维码）,三鲜鸡精,3.0,23.7306,7.8,广东省,东莞市,南城区
3月,2026-03-01,2026,3,1,家凯拼多多,太太乐旗舰店,9126682,A01三鲜鸡精40x180克(二维码),太太乐三鲜鸡精调味料40×180g（二维码）,三鲜鸡精,1.0,10.9,7.8,广东省,广州市,番禺区
3月,2026-03-01,2026,3,1,家凯拼多多,太太乐旗舰店,9126682,A01三鲜鸡精40x180克(二维码),太太乐三鲜鸡精调味料40×180g（二维码）,三鲜鸡精,1.0,10.9,7.8,江西省,南昌市,青山湖区
3月,2026-03-01,2026,3,1,家凯拼多多,太太乐旗舰店,9126682,A01三鲜鸡精40x180克(二维码),太太乐三鲜鸡精调味料40×180g（二维码）,三鲜鸡精,6.0,38.4702,7.8,江西省,赣州市,全南县
3月,2026-03-01,2026,3,1,家凯拼多多,太太乐旗舰店,9126682,A01三鲜鸡精40x180克(二维码),太太乐三鲜鸡精调味料40×180g（二维码）,三鲜鸡精,1.0,8.72,7.8,河南省,开封市,通许县
3月,2026-03-01,2026,3,1,家凯拼多多,太太乐旗舰店,9126682,A01三鲜鸡精40x180克(二维码),太太乐三鲜鸡精调味料40×180g（二维码）,三鲜鸡精,3.0,19.4301,7.8,浙江省,温州市,乐清市
3月,2026-03-01,2026,3,1,家凯拼多多,太太乐调味料专卖店,9126682,A01三鲜鸡精40x180克(二维码),太太乐三鲜鸡精调味料40×180g（二维码）,三鲜鸡精,40.0,286.0,7.8,浙江省,温州市,永嘉县
3月,2026-03-01,2026,3,1,家凯拼多多,太太乐调味料专卖店,9126682,A01三鲜鸡精40x180克(二维码),太太乐三鲜鸡精调味料40×180g（二维码）,三鲜鸡精,15.0,109.9995,7.8,湖北省,武汉市,新洲区
3月,2026-03-01,2026,3,1,家凯拼多多,太太乐调味料专卖店,9126682,A01三鲜鸡精40x180克(二维码),太太乐三鲜鸡精调味料40×180g（二维码）,三鲜鸡精,40.0,257.4,7.8,湖南省,衡阳市,耒阳市
3月,2026-03-01,2026,3,1,家凯拼多多,太太乐TOTOLE调味旗舰店,9126682,A01三鲜鸡精40x180克(二维码),太太乐三鲜鸡精调味料40×180g（二维码）,三鲜鸡精,3.0,26.9001,7.8,贵州省,贵阳市,云岩区
3月,2026-03-01,2026,3,1,家凯拼多多,太太乐旗舰店,9126682,A01三鲜鸡精40x180克(二维码),太太乐三鲜鸡精调味料40×180g（二维码）,三鲜鸡精,1.0,7.7537,7.8,重庆,重庆市,长寿区
3月,2026-03-02,2026,3,2,家凯拼多多,太太乐调味料专卖店,9126682,A01三鲜鸡精40x180克(二维码),太太乐三鲜鸡精调味料40×180g（二维码）,三鲜鸡精,40.0,271.7,7.8,云南省,西双版纳傣族自治州,勐腊县
3月,2026-03-02,2026,3,2,家凯拼多多,太太乐旗舰店,9126682,A01三鲜鸡精40x180克(二维码),太太乐三鲜鸡精调味料40×180g（二维码）,三鲜鸡精,1.0,10.9,7.8,云南省,西双版纳傣族自治州,景洪市
3月,2026-03-02,2026,3,2,家凯拼多多,太太乐旗舰店,9126682,A01三鲜鸡精40x180克(二维码),太太乐三鲜鸡精调味料40×180g（二维码）,三鲜鸡精,3.0,19.4301,7.8,安徽省,蚌埠市,五河县
3月,2026-03-02,2026,3,2,家凯拼多多,太太乐旗舰店,9126682,A01三鲜鸡精40x180克(二维码),太太乐三鲜鸡精调味料40×180g（二维码）,三鲜鸡精,1.0,7.7537,7.8,山东省,临沂市,罗庄区
3月,2026-03-02,2026,3,2,家凯拼多多,太太乐调味料专卖店,9126682,A01三鲜鸡精40x180克(二维码),太太乐三鲜鸡精调味料40×180g（二维码）,三鲜鸡精,40.0,257.4,7.8,山东省,济宁市,泗水县
3月,2026-03-02,2026,3,2,家凯拼多多,太太乐TOTOLE调味旗舰店,9126682,A01三鲜鸡精40x180克(二维码),太太乐三鲜鸡精调味料40×180g（二维码）,三鲜鸡精,2.0,18.9,7.8,广东省,东莞市,常平镇
3月,2026-03-02,2026,3,2,家凯拼多多,太太乐TOTOLE调味旗舰店,9126682,A01三鲜鸡精40x180克(二维码),太太乐三鲜鸡精调味料40×180g（二维码）,三鲜鸡精,1.0,8.52,7.8,广东省,东莞市,常平镇
3月,2026-03-02,2026,3,2,家凯拼多多,太太乐TOTOLE调味旗舰店,9126682,A01三鲜鸡精40x180克(二维码),太太乐三鲜鸡精调味料40×180g（二维码）,三鲜鸡精,1.0,10.9,7.8,广东省,东莞市,清溪镇
3月,2026-03-02,2026,3,2,家凯拼多多,太太乐TOTOLE调味旗舰店,9126682,A01三鲜鸡精40x180克(二维码),太太乐三鲜鸡精调味料40×180g（二维码）,三鲜鸡精,2.0,14.18,7.8,广东省,中山市,黄圃镇
3月,2026-03-02,2026,3,2,家凯拼多多,太太乐调味料专卖店,9126682,A01三鲜鸡精40x180克(二维码),太太乐三鲜鸡精调味料40×180g（二维码）,三鲜鸡精,15.0,109.9995,7.8,广东省,广州市,增城区
3月,2026-03-02,2026,3,2,家凯拼多多,太太乐旗舰店,9126682,A01三鲜鸡精40x180克(二维码),太太乐三鲜鸡精调味料40×180g（二维码）,三鲜鸡精,2.0,17.1204,7.8,广东省,广州市,白云区
3月,2026-03-02,2026,3,2,家凯拼多多,太太乐旗舰店,9126682,A01三鲜鸡精40x180克(二维码),太太乐三鲜鸡精调味料40×180g（二维码）,三鲜鸡精,1.0,8.72,7.8,广东省,广州市,花都区
3月,2026-03-02,2026,3,2,家凯拼多多,太太乐旗舰店,9126682,A01三鲜鸡精40x180克(二维码),太太乐三鲜鸡精调味料40×180g（二维码）,三鲜鸡精,3.0,22.02,7.8,江苏省,常州市,武进区
3月,2026-03-02,2026,3,2,家凯拼多多,太太乐TOTOLE调味旗舰店,9126682,A01三鲜鸡精40x180克(二维码),太太乐三鲜鸡精调味料40×180g（二维码）,三鲜鸡精,1.0,10.9,7.8,江苏省,苏州市,姑苏区
3月,2026-03-02,2026,3,2,家凯拼多多,太太乐旗舰店,9126682,A01三鲜鸡精40x180克(二维码),太太乐三鲜鸡精调味料40×180g（二维码）,三鲜鸡精,1.0,7.7537,7.8,江西省,南昌市,青山湖区
3月,2026-03-02,2026,3,2,家凯拼多多,太太乐旗舰店,9126682,A01三鲜鸡精40x180克(二维码),太太乐三鲜鸡精调味料40×180g（二维码）,三鲜鸡精,1.0,8.0314,7.8,河北省,保定市,莲池区
3月,2026-03-02,2026,3,2,家凯拼多多,太太乐TOTOLE调味旗舰店,9126682,A01三鲜鸡精40x180克(二维码),太太乐三鲜鸡精调味料40×180g（二维码）,三鲜鸡精,1.0,8.72,7.8,河南省,南阳市,卧龙区
3月,2026-03-02,2026,3,2,家凯拼多多,太太乐TOTOLE调味旗舰店,9126682,A01三鲜鸡精40x180克(二维码),太太乐三鲜鸡精调味料40×180g（二维码）,三鲜鸡精,1.0,10.9,7.8,浙江省,台州市,温岭市
3月,2026-03-02,2026,3,2,家凯拼多多,太太乐旗舰店,9126682,A01三鲜鸡精40x180克(二维码),太太乐三鲜鸡精调味料40×180g（二维码）,三鲜鸡精,1.0,8.6659,7.8,浙江省,湖州市,安吉县
3月,2026-03-02,2026,3,2,家凯拼多多,太太乐家凯专卖店,9126682,A01三鲜鸡精40x180克(二维码),太太乐三鲜鸡精调味料40×180g（二维码）,三鲜鸡精,15.0,109.9995,7.8,海南省,省直辖县级行政区划,乐东黎族自治县
3月,2026-03-02,2026,3,2,家凯拼多多,太太乐旗舰店,9126682,A01三鲜鸡精40x180克(二维码),太太乐三鲜鸡精调味料40×180g（二维码）,三鲜鸡精,1.0,9.122,7.8,湖北省,武汉市,洪山区
3月,2026-03-02,2026,3,2,家凯拼多多,太太乐旗舰店,9126682,A01三鲜鸡精40x180克(二维码),太太乐三鲜鸡精调味料40×180g（二维码）,三鲜鸡精,1.0,7.7537,7.8,湖北省,黄冈市,蕲春县
3月,2026-03-02,2026,3,2,家凯拼多多,太太乐旗舰店,9126682,A01三鲜鸡精40x180克(二维码),太太乐三鲜鸡精调味料40×180g（二维码）,三鲜鸡精,2.0,17.1204,7.8,湖南省,邵阳市,隆回县
3月,2026-03-02,2026,3,2,家凯拼多多,太太乐调味料专卖店,9126682,A01三鲜鸡精40x180克(二维码),太太乐三鲜鸡精调味料40×180g（二维码）,三鲜鸡精,15.0,105.0,7.8,甘肃省,武威市,凉州区
3月,2026-03-02,2026,3,2,家凯拼多多,太太乐旗舰店,9126682,A01三鲜鸡精40x180克(二维码),太太乐三鲜鸡精调味料40×180g（二维码）,三鲜鸡精,3.0,23.7306,7.8,贵州省,贵阳市,南明区
3月,2026-03-02,2026,3,2,家凯拼多多,太太乐TOTOLE调味旗舰店,9126682,A01三鲜鸡精40x180克(二维码),太太乐三鲜鸡精调味料40×180g（二维码）,三鲜鸡精,1.0,10.9,7.8,辽宁省,阜新市,彰武县
3月,2026-03-02,2026,3,2,家凯拼多多,太太乐调味料专卖店,9126682,A01三鲜鸡精40x180克(二维码),太太乐三鲜鸡精调味料40×180g（二维码）,三鲜鸡精,80.0,566.28,7.8,陕西省,咸阳市,秦都区
3月,2026-03-02,2026,3,2,家凯拼多多,太太乐旗舰店,9126682,A01三鲜鸡精40x180克(二维码),太太乐三鲜鸡精调味料40×180g（二维码）,三鲜鸡精,1.0,10.9,7.8,陕西省,西安市,雁塔区
3月,2026-03-02,2026,3,2,家凯拼多多,太太乐调味料专卖店,9126682,A01三鲜鸡精40x180克(二维码),太太乐三鲜鸡精调味料40×180g（二维码）,三鲜鸡精,15.0,94.9995,7.8,黑龙江省,哈尔滨市,尚志市
3月,2026-03-03,2026,3,3,家凯拼多多,太太乐调味料专卖店,9126682,A01三鲜鸡精40x180克(二维码),太太乐三鲜鸡精调味料40×180g（二维码）,三鲜鸡精,40.0,254.54,7.8,上海,上海市,松江区
3月,2026-03-03,2026,3,3,家凯拼多多,太太乐调味料专卖店,9126682,A01三鲜鸡精40x180克(二维码),太太乐三鲜鸡精调味料40×180g（二维码）,三鲜鸡精,15.0,109.9995,7.8,上海,上海市,松江区
3月,2026-03-03,2026,3,3,家凯拼多多,太太乐旗舰店,9126682,A01三鲜鸡精40x180克(二维码),太太乐三鲜鸡精调味料40×180g（二维码）,三鲜鸡精,1.0,9.81,7.8,上海,上海市,浦东新区
3月,2026-03-03,2026,3,3,家凯拼多多,太太乐旗舰店,9126682,A01三鲜鸡精40x180克(二维码),太太乐三鲜鸡精调味料40×180g（二维码）,三鲜鸡精,3.0,23.31,7.8,内蒙古自治区,呼伦贝尔市,鄂伦春自治旗
3月,2026-03-03,2026,3,3,家凯拼多多,太太乐调味料专卖店,9126682,A01三鲜鸡精40x180克(二维码),太太乐三鲜鸡精调味料40×180g（二维码）,三鲜鸡精,40.0,257.4,7.8,北京,北京市,昌平区
3月,2026-03-03,2026,3,3,家凯拼多多,太太乐旗舰店,9126682,A01三鲜鸡精40x180克(二维码),太太乐三鲜鸡精调味料40×180g（二维码）,三鲜鸡精,1.0,9.122,7.8,四川省,成都市,双流区
3月,2026-03-03,2026,3,3,家凯拼多多,太太乐旗舰店,9126682,A01三鲜鸡精40x180克(二维码),太太乐三鲜鸡精调味料40×180g（二维码）,三鲜鸡精,1.0,8.72,7.8,宁夏回族自治区,石嘴山市,平罗县
3月,2026-03-03,2026,3,3,家凯拼多多,太太乐旗舰店,9126682,A01三鲜鸡精40x180克(二维码),太太乐三鲜鸡精调味料40×180g（二维码）,三鲜鸡精,2.0,16.2,7.8,安徽省,合肥市,肥东县
3月,2026-03-03,2026,3,3,家凯拼多多,太太乐TOTOLE调味旗舰店,9126682,A01三鲜鸡精40x180克(二维码),太太乐三鲜鸡精调味料40×180g（二维码）,三鲜鸡精,1.0,8.51,7.8,安徽省,池州市,贵池区
3月,2026-03-03,2026,3,3,家凯拼多多,太太乐旗舰店,9126682,A01三鲜鸡精40x180克(二维码),太太乐三鲜鸡精调味料40×180g（二维码）,三鲜鸡精,1.0,10.9,7.8,山东省,临沂市,兰山区
3月,2026-03-03,2026,3,3,家凯拼多多,太太乐家凯专卖店,9126682,A01三鲜鸡精40x180克(二维码),太太乐三鲜鸡精调味料40×180g（二维码）,三鲜鸡精,15.0,97.9995,7.8,山东省,菏泽市,巨野县
3月,2026-03-03,2026,3,3,家凯拼多多,太太乐家凯专卖店,9126682,A01三鲜鸡精40x180克(二维码),太太乐三鲜鸡精调味料40×180g（二维码）,三鲜鸡精,15.0,94.0005,7.8,山东省,菏泽市,巨野县
3月,2026-03-03,2026,3,3,家凯拼多多,太太乐TOTOLE调味旗舰店,9126682,A01三鲜鸡精40x180克(二维码),太太乐三鲜鸡精调味料40×180g（二维码）,三鲜鸡精,2.0,18.9,7.8,山西省,运城市,垣曲县
3月,2026-03-03,2026,3,3,家凯拼多多,太太乐TOTOLE调味旗舰店,9126682,A01三鲜鸡精40x180克(二维码),太太乐三鲜鸡精调味料40×180g（二维码）,三鲜鸡精,1.0,10.9,7.8,广东省,汕头市,濠江区
3月,2026-03-03,2026,3,3,家凯拼多多,太太乐旗舰店,9126682,A01三鲜鸡精40x180克(二维码),太太乐三鲜鸡精调味料40×180g（二维码）,三鲜鸡精,1.0,8.94,7.8,广东省,深圳市,龙岗区
3月,2026-03-03,2026,3,3,家凯拼多多,太太乐旗舰店,9126682,A01三鲜鸡精40x180克(二维码),太太乐三鲜鸡精调味料40×180g（二维码）,三鲜鸡精,1.0,7.9,7.8,广西壮族自治区,南宁市,兴宁区
3月,2026-03-03,2026,3,3,家凯拼多多,太太乐旗舰店,9126682,A01三鲜鸡精40x180克(二维码),太太乐三鲜鸡精调味料40×180g（二维码）,三鲜鸡精,1.0,9.122,7.8,广西壮族自治区,桂林市,叠彩区
3月,2026-03-03,2026,3,3,家凯拼多多,太太乐旗舰店,9126682,A01三鲜鸡精40x180克(二维码),太太乐三鲜鸡精调味料40×180g（二维码）,三鲜鸡精,1.0,10.9,7.8,浙江省,嘉兴市,南湖区
3月,2026-03-03,2026,3,3,家凯拼多多,太太乐旗舰店,9126682,A01三鲜鸡精40x180克(二维码),太太乐三鲜鸡精调味料40×180g（二维码）,三鲜鸡精,1.0,2.5119,7.8,海南省,儋州市,白马井镇
3月,2026-03-03,2026,3,3,家凯拼多多,太太乐TOTOLE调味旗舰店,9126682,A01三鲜鸡精40x180克(二维码),太太乐三鲜鸡精调味料40×180g（二维码）,三鲜鸡精,20.0,156.0,7.8,海南省,海口市,琼山区
3月,2026-03-03,2026,3,3,家凯拼多多,太太乐调味料专卖店,9126682,A01三鲜鸡精40x180克(二维码),太太乐三鲜鸡精调味料40×180g（二维码）,三鲜鸡精,15.0,90.0,7.8,湖南省,长沙市,长沙县
3月,2026-03-03,2026,3,3,家凯拼多多,太太乐调味料专卖店,9126682,A01三鲜鸡精40x180克(二维码),太太乐三鲜鸡精调味料40×180g（二维码）,三鲜鸡精,15.0,94.9995,7.8,福建省,泉州市,南安市
3月,2026-03-03,2026,3,3,家凯拼多多,太太乐调味料专卖店,9126682,A01三鲜鸡精40x180克(二维码),太太乐三鲜鸡精调味料40×180g（二维码）,三鲜鸡精,15.0,85.8,7.8,福建省,福州市,长乐区
3月,2026-03-03,2026,3,3,家凯拼多多,太太乐旗舰店,9126682,A01三鲜鸡精40x180克(二维码),太太乐三鲜鸡精调味料40×180g（二维码）,三鲜鸡精,1.0,8.94,7.8,福建省,莆田市,涵江区
3月,2026-03-03,2026,3,3,家凯拼多多,太太乐TOTOLE调味旗舰店,9126682,A01三鲜鸡精40x180克(二维码),太太乐三鲜鸡精调味料40×180g（二维码）,三鲜鸡精,5.0,40.9,7.8,辽宁省,锦州市,凌河区
3月,2026-03-03,2026,3,3,家凯拼多多,太太乐旗舰店,9126682,A01三鲜鸡精40x180克(二维码),太太乐三鲜鸡精调味料40×180g（二维码）,三鲜鸡精,1.0,8.72,7.8,陕西省,宝鸡市,岐山县
3月,2026-03-04,2026,3,4,家凯拼多多,太太乐旗舰店,9126682,A01三鲜鸡精40x180克(二维码),太太乐三鲜鸡精调味料40×180g（二维码）,三鲜鸡精,1.0,9.122,7.8,上海,上海市,宝山区
3月,2026-03-04,2026,3,4,家凯拼多多,太太乐旗舰店,9126682,A01三鲜鸡精40x180克(二维码),太太乐三鲜鸡精调味料40×180g（二维码）,三鲜鸡精,1.0,10.9,7.8,上海,上海市,松江区
3月,2026-03-04,2026,3,4,家凯拼多多,太太乐旗舰店,9126682,A01三鲜鸡精40x180克(二维码),太太乐三鲜鸡精调味料40×180g（二维码）,三鲜鸡精,1.0,8.72,7.8,云南省,昆明市,五华区
3月,2026-03-04,2026,3,4,家凯拼多多,太太乐旗舰店,9126682,A01三鲜鸡精40x180克(二维码),太太乐三鲜鸡精调味料40×180g（二维码）,三鲜鸡精,1.0,9.122,7.8,北京,北京市,海淀区
3月,2026-03-04,2026,3,4,家凯拼多多,太太乐TOTOLE调味旗舰店,9126682,A01三鲜鸡精40x180克(二维码),太太乐三鲜鸡精调味料40×180g（二维码）,三鲜鸡精,1.0,10.9,7.8,北京,北京市,顺义区
3月,2026-03-04,2026,3,4,家凯拼多多,太太乐旗舰店,9126682,A01三鲜鸡精40x180克(二维码),太太乐三鲜鸡精调味料40×180g（二维码）,三鲜鸡精,1.0,10.9,7.8,四川省,南充市,顺庆区
3月,2026-03-04,2026,3,4,家凯拼多多,太太乐旗舰店,9126682,A01三鲜鸡精40x180克(二维码),太太乐三鲜鸡精调味料40×180g（二维码）,三鲜鸡精,1.0,10.9,7.8,四川省,成都市,成华区
3月,2026-03-04,2026,3,4,家凯拼多多,太太乐旗舰店,9126682,A01三鲜鸡精40x180克(二维码),太太乐三鲜鸡精调味料40×180g（二维码）,三鲜鸡精,1.0,10.9,7.8,天津,天津市,红桥区
3月,2026-03-04,2026,3,4,家凯拼多多,太太乐旗舰店,9126682,A01三鲜鸡精40x180克(二维码),太太乐三鲜鸡精调味料40×180g（二维码）,三鲜鸡精,1.0,10.9,7.8,安徽省,合肥市,蜀山区
3月,2026-03-04,2026,3,4,家凯拼多多,太太乐旗舰店,9126682,A01三鲜鸡精40x180克(二维码),太太乐三鲜鸡精调味料40×180g（二维码）,三鲜鸡精,1.0,8.18,7.8,安徽省,合肥市,蜀山区
3月,2026-03-04,2026,3,4,家凯拼多多,太太乐旗舰店,9126682,A01三鲜鸡精40x180克(二维码),太太乐三鲜鸡精调味料40×180g（二维码）,三鲜鸡精,1.0,10.8,7.8,山东省,威海市,环翠区
3月,2026-03-04,2026,3,4,家凯拼多多,太太乐旗舰店,9126682,A01三鲜鸡精40x180克(二维码),太太乐三鲜鸡精调味料40×180g（二维码）,三鲜鸡精,1.0,9.122,7.8,山东省,烟台市,福山区
3月,2026-03-04,2026,3,4,家凯拼多多,太太乐旗舰店,9126682,A01三鲜鸡精40x180克(二维码),太太乐三鲜鸡精调味料40×180g（二维码）,三鲜鸡精,1.0,8.18,7.8,山东省,烟台市,莱山区
3月,2026-03-04,2026,3,4,家凯拼多多,太太乐家凯专卖店,9126682,A01三鲜鸡精40x180克(二维码),太太乐三鲜鸡精调味料40×180g（二维码）,三鲜鸡精,15.0,94.0005,7.8,山东省,菏泽市,巨野县
3月,2026-03-04,2026,3,4,家凯拼多多,太太乐TOTOLE调味旗舰店,9126682,A01三鲜鸡精40x180克(二维码),太太乐三鲜鸡精调味料40×180g（二维码）,三鲜鸡精,1.0,10.9,7.8,山东省,青岛市,莱西市
3月,2026-03-04,2026,3,4,家凯拼多多,太太乐旗舰店,9126682,A01三鲜鸡精40x180克(二维码),太太乐三鲜鸡精调味料40×180g（二维码）,三鲜鸡精,3.0,25.8999,7.8,广东省,东莞市,东城区
3月,2026-03-04,2026,3,4,家凯拼多多,太太乐旗舰店,9126682,A01三鲜鸡精40x180克(二维码),太太乐三鲜鸡精调味料40×180g（二维码）,三鲜鸡精,1.0,9.122,7.8,广东省,东莞市,常平镇
3月,2026-03-04,2026,3,4,家凯拼多多,太太乐旗舰店,9126682,A01三鲜鸡精40x180克(二维码),太太乐三鲜鸡精调味料40×180g（二维码）,三鲜鸡精,2.0,17.1204,7.8,广东省,佛山市,南海区
3月,2026-03-04,2026,3,4,家凯拼多多,太太乐旗舰店,9126682,A01三鲜鸡精40x180克(二维码),太太乐三鲜鸡精调味料40×180g（二维码）,三鲜鸡精,1.0,10.9,7.8,广东省,广州市,增城区
3月,2026-03-04,2026,3,4,家凯拼多多,太太乐旗舰店,9126682,A01三鲜鸡精40x180克(二维码),太太乐三鲜鸡精调味料40×180g（二维码）,三鲜鸡精,1.0,9.122,7.8,江苏省,常州市,钟楼区
3月,2026-03-04,2026,3,4,家凯拼多多,太太乐TOTOLE调味旗舰店,9126682,A01三鲜鸡精40x180克(二维码),太太乐三鲜鸡精调味料40×180g（二维码）,三鲜鸡精,1.0,10.9,7.8,江苏省,泰州市,靖江市
3月,2026-03-04,2026,3,4,家凯拼多多,太太乐旗舰店,9126682,A01三鲜鸡精40x180克(二维码),太太乐三鲜鸡精调味料40×180g（二维码）,三鲜鸡精,1.0,9.122,7.8,江西省,南昌市,进贤县
3月,2026-03-04,2026,3,4,家凯拼多多,太太乐调味料专卖店,9126682,A01三鲜鸡精40x180克(二维码),太太乐三鲜鸡精调味料40×180g（二维码）,三鲜鸡精,40.0,286.0,7.8,江西省,赣州市,石城县
3月,2026-03-04,2026,3,4,家凯拼多多,太太乐旗舰店,9126682,A01三鲜鸡精40x180克(二维码),太太乐三鲜鸡精调味料40×180g（二维码）,三鲜鸡精,1.0,9.122,7.8,浙江省,台州市,温岭市
3月,2026-03-04,2026,3,4,家凯拼多多,太太乐旗舰店,9126682,A01三鲜鸡精40x180克(二维码),太太乐三鲜鸡精调味料40×180g（二维码）,三鲜鸡精,1.0,9.122,7.8,浙江省,嘉兴市,嘉善县
3月,2026-03-04,2026,3,4,家凯拼多多,太太乐旗舰店,9126682,A01三鲜鸡精40x180克(二维码),太太乐三鲜鸡精调味料40×180g（二维码）,三鲜鸡精,3.0,23.7306,7.8,浙江省,嘉兴市,平湖市
3月,2026-03-04,2026,3,4,家凯拼多多,太太乐调味料专卖店,9126682,A01三鲜鸡精40x180克(二维码),太太乐三鲜鸡精调味料40×180g（二维码）,三鲜鸡精,40.0,245.96,7.8,浙江省,宁波市,慈溪市
3月,2026-03-04,2026,3,4,家凯拼多多,太太乐旗舰店,9126682,A01三鲜鸡精40x180克(二维码),太太乐三鲜鸡精调味料40×180g（二维码）,三鲜鸡精,3.0,25.8999,7.8,浙江省,宁波市,海曙区
3月,2026-03-04,2026,3,4,家凯拼多多,太太乐旗舰店,9126682,A01三鲜鸡精40x180克(二维码),太太乐三鲜鸡精调味料40×180g（二维码）,三鲜鸡精,1.0,9.27,7.8,浙江省,杭州市,临平区
3月,2026-03-04,2026,3,4,家凯拼多多,太太乐调味料专卖店,9126682,A01三鲜鸡精40x180克(二维码),太太乐三鲜鸡精调味料40×180g（二维码）,三鲜鸡精,40.0,254.54,7.8,浙江省,杭州市,萧山区
3月,2026-03-04,2026,3,4,家凯拼多多,太太乐调味料专卖店,9126682,A01三鲜鸡精40x180克(二维码),太太乐三鲜鸡精调味料40×180g（二维码）,三鲜鸡精,40.0,245.96,7.8,浙江省,温州市,平阳县
3月,2026-03-04,2026,3,4,家凯拼多多,太太乐旗舰店,9126682,A01三鲜鸡精40x180克(二维码),太太乐三鲜鸡精调味料40×180g（二维码）,三鲜鸡精,3.0,19.4301,7.8,浙江省,温州市,瑞安市
3月,2026-03-04,2026,3,4,家凯拼多多,太太乐家凯专卖店,9126682,A01三鲜鸡精40x180克(二维码),太太乐三鲜鸡精调味料40×180g（二维码）,三鲜鸡精,15.0,94.9995,7.8,浙江省,温州市,龙港市
3月,2026-03-04,2026,3,4,家凯拼多多,太太乐调味料专卖店,9126682,A01三鲜鸡精40x180克(二维码),太太乐三鲜鸡精调味料40×180g（二维码）,三鲜鸡精,40.0,286.0,7.8,浙江省,绍兴市,柯桥区
3月,2026-03-04,2026,3,4,家凯拼多多,太太乐调味料专卖店,9126682,A01三鲜鸡精40x180克(二维码),太太乐三鲜鸡精调味料40×180g（二维码）,三鲜鸡精,40.0,286.0,7.8,浙江省,金华市,武义县
3月,2026-03-04,2026,3,4,家凯拼多多,太太乐调味料专卖店,9126682,A01三鲜鸡精40x180克(二维码),太太乐三鲜鸡精调味料40×180g（二维码）,三鲜鸡精,15.0,94.9995,7.8,浙江省,金华市,永康市
3月,2026-03-04,2026,3,4,家凯拼多多,太太乐调味料专卖店,9126682,A01三鲜鸡精40x180克(二维码),太太乐三鲜鸡精调味料40×180g（二维码）,三鲜鸡精,15.0,109.9995,7.8,海南省,海口市,龙华区
3月,2026-03-04,2026,3,4,家凯拼多多,太太乐家凯专卖店,9126682,A01三鲜鸡精40x180克(二维码),太太乐三鲜鸡精调味料40×180g（二维码）,三鲜鸡精,15.0,109.9995,7.8,海南省,白沙黎族自治县,邦溪镇
3月,2026-03-04,2026,3,4,家凯拼多多,太太乐家凯专卖店,9126682,A01三鲜鸡精40x180克(二维码),太太乐三鲜鸡精调味料40×180g（二维码）,三鲜鸡精,60.0,435.6,7.8,海南省,省直辖县级行政区划,澄迈县
3月,2026-03-04,2026,3,4,家凯拼多多,太太乐旗舰店,9126682,A01三鲜鸡精40x180克(二维码),太太乐三鲜鸡精调味料40×180g（二维码）,三鲜鸡精,1.0,8.51,7.8,湖北省,宜昌市,当阳市
3月,2026-03-04,2026,3,4,家凯拼多多,太太乐调味料专卖店,9126682,A01三鲜鸡精40x180克(二维码),太太乐三鲜鸡精调味料40×180g（二维码）,三鲜鸡精,40.0,286.0,7.8,湖北省,省直辖县级行政区划,天门市
3月,2026-03-04,2026,3,4,家凯拼多多,太太乐调味料专卖店,9126682,A01三鲜鸡精40x180克(二维码),太太乐三鲜鸡精调味料40×180g（二维码）,三鲜鸡精,15.0,94.6005,7.8,湖北省,黄冈市,武穴市
3月,2026-03-04,2026,3,4,家凯拼多多,太太乐调味料专卖店,9126682,A01三鲜鸡精40x180克(二维码),太太乐三鲜鸡精调味料40×180g（二维码）,三鲜鸡精,40.0,217.36,7.8,福建省,宁德市,霞浦县
3月,2026-03-04,2026,3,4,家凯拼多多,太太乐旗舰店,9126682,A01三鲜鸡精40x180克(二维码),太太乐三鲜鸡精调味料40×180g（二维码）,三鲜鸡精,1.0,7.8,7.8,福建省,福州市,长乐区
3月,2026-03-04,2026,3,4,家凯拼多多,太太乐旗舰店,9126682,A01三鲜鸡精40x180克(二维码),太太乐三鲜鸡精调味料40×180g（二维码）,三鲜鸡精,2.0,13.6962,7.8,贵州省,贵阳市,观山湖区
3月,2026-03-04,2026,3,4,家凯拼多多,太太乐旗舰店,9126682,A01三鲜鸡精40x180克(二维码),太太乐三鲜鸡精调味料40×180g（二维码）,三鲜鸡精,1.0,9.122,7.8,辽宁省,锦州市,凌河区
3月,2026-03-04,2026,3,4,家凯拼多多,太太乐旗舰店,9126682,A01三鲜鸡精40x180克(二维码),太太乐三鲜鸡精调味料40×180g（二维码）,三鲜鸡精,1.0,7.7537,7.8,辽宁省,鞍山市,海城市
3月,2026-03-04,2026,3,4,家凯拼多多,太太乐旗舰店,9126682,A01三鲜鸡精40x180克(二维码),太太乐三鲜鸡精调味料40×180g（二维码）,三鲜鸡精,1.0,9.122,7.8,重庆,重庆市,彭水苗族土家族自治县
3月,2026-03-05,2026,3,5,家凯拼多多,太太乐旗舰店,9126682,A01三鲜鸡精40x180克(二维码),太太乐三鲜鸡精调味料40×180g（二维码）,三鲜鸡精,1.0,7.1192,7.8,上海,上海市,松江区
3月,2026-03-05,2026,3,5,家凯拼多多,太太乐旗舰店,9126682,A01三鲜鸡精40x180克(二维码),太太乐三鲜鸡精调味料40×180g（二维码）,三鲜鸡精,1.0,7.7537,7.8,上海,上海市,浦东新区
3月,2026-03-05,2026,3,5,家凯拼多多,太太乐旗舰店,9126682,A01三鲜鸡精40x180克(二维码),太太乐三鲜鸡精调味料40×180g（二维码）,三鲜鸡精,3.0,21.24,7.8,上海,上海市,金山区
3月,2026-03-05,2026,3,5,家凯拼多多,太太乐TOTOLE调味旗舰店,9126682,A01三鲜鸡精40x180克(二维码),太太乐三鲜鸡精调味料40×180g（二维码）,三鲜鸡精,1.0,10.9,7.8,上海,上海市,青浦区
3月,2026-03-05,2026,3,5,家凯拼多多,太太乐调味料专卖店,9126682,A01三鲜鸡精40x180克(二维码),太太乐三鲜鸡精调味料40×180g（二维码）,三鲜鸡精,40.0,257.4,7.8,云南省,昆明市,五华区
3月,2026-03-05,2026,3,5,家凯拼多多,太太乐旗舰店,9126682,A01三鲜鸡精40x180克(二维码),太太乐三鲜鸡精调味料40×180g（二维码）,三鲜鸡精,3.0,23.7306,7.8,内蒙古自治区,兴安盟,扎赉特旗
3月,2026-03-05,2026,3,5,家凯拼多多,太太乐TOTOLE调味旗舰店,9126682,A01三鲜鸡精40x180克(二维码),太太乐三鲜鸡精调味料40×180g（二维码）,三鲜鸡精,2.0,14.74,7.8,内蒙古自治区,鄂尔多斯市,伊金霍洛旗
3月,2026-03-05,2026,3,5,家凯拼多多,太太乐旗舰店,9126682,A01三鲜鸡精40x180克(二维码),太太乐三鲜鸡精调味料40×180g（二维码）,三鲜鸡精,1.0,10.9,7.8,安徽省,阜阳市,颍州区
3月,2026-03-05,2026,3,5,家凯拼多多,太太乐家凯专卖店,9126682,A01三鲜鸡精40x180克(二维码),太太乐三鲜鸡精调味料40×180g（二维码）,三鲜鸡精,15.0,94.0005,7.8,山东省,菏泽市,巨野县
3月,2026-03-05,2026,3,5,家凯拼多多,太太乐家凯专卖店,9126682,A01三鲜鸡精40x180克(二维码),太太乐三鲜鸡精调味料40×180g（二维码）,三鲜鸡精,15.0,94.0005,7.8,山东省,菏泽市,巨野县
3月,2026-03-05,2026,3,5,家凯拼多多,太太乐调味料专卖店,9126682,A01三鲜鸡精40x180克(二维码),太太乐三鲜鸡精调味料40×180g（二维码）,三鲜鸡精,15.0,109.9995,7.8,山东省,青岛市,市北区
3月,2026-03-05,2026,3,5,家凯拼多多,太太乐旗舰店,9126682,A01三鲜鸡精40x180克(二维码),太太乐三鲜鸡精调味料40×180g（二维码）,三鲜鸡精,2.0,17.1204,7.8,广东省,佛山市,南海区
3月,2026-03-05,2026,3,5,家凯拼多多,太太乐旗舰店,9126682,A01三鲜鸡精40x180克(二维码),太太乐三鲜鸡精调味料40×180g（二维码）,三鲜鸡精,1.0,9.122,7.8,广东省,汕头市,龙湖区
3月,2026-03-05,2026,3,5,家凯拼多多,太太乐TOTOLE调味旗舰店,9126682,A01三鲜鸡精40x180克(二维码),太太乐三鲜鸡精调味料40×180g（二维码）,三鲜鸡精,1.0,2.9,7.8,广东省,江门市,新会区
3月,2026-03-05,2026,3,5,家凯拼多多,太太乐旗舰店,9126682,A01三鲜鸡精40x180克(二维码),太太乐三鲜鸡精调味料40×180g（二维码）,三鲜鸡精,1.0,9.122,7.8,广东省,深圳市,龙岗区
3月,2026-03-05,2026,3,5,家凯拼多多,太太乐旗舰店,9126682,A01三鲜鸡精40x180克(二维码),太太乐三鲜鸡精调味料40×180g（二维码）,三鲜鸡精,1.0,9.122,7.8,广东省,深圳市,龙岗区
3月,2026-03-05,2026,3,5,家凯拼多多,太太乐旗舰店,9126682,A01三鲜鸡精40x180克(二维码),太太乐三鲜鸡精调味料40×180g（二维码）,三鲜鸡精,1.0,9.122,7.8,广东省,珠海市,金湾区
3月,2026-03-05,2026,3,5,家凯拼多多,太太乐旗舰店,9126682,A01三鲜鸡精40x180克(二维码),太太乐三鲜鸡精调味料40×180g（二维码）,三鲜鸡精,1.0,7.139,7.8,江苏省,宿迁市,沭阳县
3月,2026-03-05,2026,3,5,家凯拼多多,太太乐家凯专卖店,9126682,A01三鲜鸡精40x180克(二维码),太太乐三鲜鸡精调味料40×180g（二维码）,三鲜鸡精,15.0,94.9995,7.8,江苏省,盐城市,响水县
3月,2026-03-05,2026,3,5,家凯拼多多,太太乐旗舰店,9126682,A01三鲜鸡精40x180克(二维码),太太乐三鲜鸡精调味料40×180g（二维码）,三鲜鸡精,1.0,9.122,7.8,江苏省,苏州市,昆山市
3月,2026-03-05,2026,3,5,家凯拼多多,太太乐旗舰店,9126682,A01三鲜鸡精40x180克(二维码),太太乐三鲜鸡精调味料40×180g（二维码）,三鲜鸡精,1.0,7.2976,7.8,江西省,吉安市,峡江县
3月,2026-03-05,2026,3,5,家凯拼多多,太太乐旗舰店,9126682,A01三鲜鸡精40x180克(二维码),太太乐三鲜鸡精调味料40×180g（二维码）,三鲜鸡精,3.0,20.1741,7.8,江西省,赣州市,章贡区
3月,2026-03-05,2026,3,5,家凯拼多多,太太乐调味料专卖店,9126682,A01三鲜鸡精40x180克(二维码),太太乐三鲜鸡精调味料40×180g（二维码）,三鲜鸡精,15.0,10.0005,7.8,河北省,石家庄市,新华区
3月,2026-03-05,2026,3,5,家凯拼多多,太太乐旗舰店,9126682,A01三鲜鸡精40x180克(二维码),太太乐三鲜鸡精调味料40×180g（二维码）,三鲜鸡精,3.0,20.7201,7.8,河北省,邢台市,隆尧县
3月,2026-03-05,2026,3,5,家凯拼多多,太太乐调味料专卖店,9126682,A01三鲜鸡精40x180克(二维码),太太乐三鲜鸡精调味料40×180g（二维码）,三鲜鸡精,15.0,94.9995,7.8,浙江省,丽水市,龙泉市
3月,2026-03-05,2026,3,5,家凯拼多多,太太乐旗舰店,9126682,A01三鲜鸡精40x180克(二维码),太太乐三鲜鸡精调味料40×180g（二维码）,三鲜鸡精,1.0,10.9,7.8,浙江省,杭州市,萧山区
3月,2026-03-05,2026,3,5,家凯拼多多,太太乐旗舰店,9126682,A01三鲜鸡精40x180克(二维码),太太乐三鲜鸡精调味料40×180g（二维码）,三鲜鸡精,1.0,9.122,7.8,浙江省,温州市,洞头区
3月,2026-03-05,2026,3,5,家凯拼多多,太太乐调味料专卖店,9126682,A01三鲜鸡精40x180克(二维码),太太乐三鲜鸡精调味料40×180g（二维码）,三鲜鸡精,15.0,109.9995,7.8,浙江省,金华市,磐安县
3月,2026-03-05,2026,3,5,家凯拼多多,太太乐调味料专卖店,9126682,A01三鲜鸡精40x180克(二维码),太太乐三鲜鸡精调味料40×180g（二维码）,三鲜鸡精,15.0,109.9995,7.8,海南省,琼海市,长坡镇
3月,2026-03-05,2026,3,5,家凯拼多多,太太乐旗舰店,9126682,A01三鲜鸡精40x180克(二维码),太太乐三鲜鸡精调味料40×180g（二维码）,三鲜鸡精,1.0,7.5753,7.8,湖北省,武汉市,新洲区
3月,2026-03-05,2026,3,5,家凯拼多多,太太乐旗舰店,9126682,A01三鲜鸡精40x180克(二维码),太太乐三鲜鸡精调味料40×180g（二维码）,三鲜鸡精,3.0,22.02,7.8,湖北省,荆州市,公安县
3月,2026-03-05,2026,3,5,家凯拼多多,太太乐旗舰店,9126682,A01三鲜鸡精40x180克(二维码),太太乐三鲜鸡精调味料40×180g（二维码）,三鲜鸡精,1.0,7.8,7.8,甘肃省,酒泉市,金塔县
3月,2026-03-05,2026,3,5,家凯拼多多,太太乐旗舰店,9126682,A01三鲜鸡精40x180克(二维码),太太乐三鲜鸡精调味料40×180g（二维码）,三鲜鸡精,1.0,9.122,7.8,福建省,厦门市,同安区
3月,2026-03-05,2026,3,5,家凯拼多多,太太乐旗舰店,9126682,A01三鲜鸡精40x180克(二维码),太太乐三鲜鸡精调味料40×180g（二维码）,三鲜鸡精,1.0,9.122,7.8,贵州省,遵义市,湄潭县
3月,2026-03-06,2026,3,6,家凯拼多多,太太乐旗舰店,9126682,A01三鲜鸡精40x180克(二维码),太太乐三鲜鸡精调味料40×180g（二维码）,三鲜鸡精,1.0,9.122,7.8,上海,上海市,徐汇区
3月,2026-03-06,2026,3,6,家凯拼多多,太太乐旗舰店,9126682,A01三鲜鸡精40x180克(二维码),太太乐三鲜鸡精调味料40×180g（二维码）,三鲜鸡精,3.0,25.8999,7.8,上海,上海市,松江区
3月,2026-03-06,2026,3,6,家凯拼多多,太太乐旗舰店,9126682,A01三鲜鸡精40x180克(二维码),太太乐三鲜鸡精调味料40×180g（二维码）,三鲜鸡精,3.0,18.5151,7.8,云南省,红河哈尼族彝族自治州,弥勒市
3月,2026-03-06,2026,3,6,家凯拼多多,太太乐旗舰店,9126682,A01三鲜鸡精40x180克(二维码),太太乐三鲜鸡精调味料40×180g（二维码）,三鲜鸡精,1.0,7.1125,7.8,北京,北京市,通州区
3月,2026-03-06,2026,3,6,家凯拼多多,太太乐旗舰店,9126682,A01三鲜鸡精40x180克(二维码),太太乐三鲜鸡精调味料40×180g（二维码）,三鲜鸡精,1.0,7.7537,7.8,北京,北京市,顺义区
3月,2026-03-06,2026,3,6,家凯拼多多,太太乐TOTOLE调味旗舰店,9126682,A01三鲜鸡精40x180克(二维码),太太乐三鲜鸡精调味料40×180g（二维码）,三鲜鸡精,2.0,18.9,7.8,天津,天津市,宝坻区
3月,2026-03-06,2026,3,6,家凯拼多多,太太乐旗舰店,9126682,A01三鲜鸡精40x180克(二维码),太太乐三鲜鸡精调味料40×180g（二维码）,三鲜鸡精,1.0,2.5119,7.8,安徽省,亳州市,谯城区
3月,2026-03-06,2026,3,6,家凯拼多多,太太乐旗舰店,9126682,A01三鲜鸡精40x180克(二维码),太太乐三鲜鸡精调味料40×180g（二维码）,三鲜鸡精,1.0,7.7537,7.8,安徽省,合肥市,肥西县
3月,2026-03-06,2026,3,6,家凯拼多多,太太乐旗舰店,9126682,A01三鲜鸡精40x180克(二维码),太太乐三鲜鸡精调味料40×180g（二维码）,三鲜鸡精,1.0,9.122,7.8,安徽省,合肥市,长丰县
3月,2026-03-06,2026,3,6,家凯拼多多,太太乐家凯专卖店,9126682,A01三鲜鸡精40x180克(二维码),太太乐三鲜鸡精调味料40×180g（二维码）,三鲜鸡精,15.0,94.9995,7.8,安徽省,宣城市,广德市
3月,2026-03-06,2026,3,6,家凯拼多多,太太乐旗舰店,9126682,A01三鲜鸡精40x180克(二维码),太太乐三鲜鸡精调味料40×180g（二维码）,三鲜鸡精,1.0,9.122,7.8,安徽省,宿州市,埇桥区
3月,2026-03-06,2026,3,6,家凯拼多多,太太乐旗舰店,9126682,A01三鲜鸡精40x180克(二维码),太太乐三鲜鸡精调味料40×180g（二维码）,三鲜鸡精,2.0,17.1204,7.8,安徽省,池州市,东至县
3月,2026-03-06,2026,3,6,家凯拼多多,太太乐旗舰店,9126682,A01三鲜鸡精40x180克(二维码),太太乐三鲜鸡精调味料40×180g（二维码）,三鲜鸡精,6.0,41.04,7.8,安徽省,蚌埠市,蚌山区
3月,2026-03-06,2026,3,6,家凯拼多多,太太乐旗舰店,9126682,A01三鲜鸡精40x180克(二维码),太太乐三鲜鸡精调味料40×180g（二维码）,三鲜鸡精,1.0,7.139,7.8,安徽省,阜阳市,临泉县
3月,2026-03-06,2026,3,6,家凯拼多多,太太乐调味料专卖店,9126682,A01三鲜鸡精40x180克(二维码),太太乐三鲜鸡精调味料40×180g（二维码）,三鲜鸡精,40.0,254.54,7.8,安徽省,阜阳市,颍上县
3月,2026-03-06,2026,3,6,家凯拼多多,太太乐旗舰店,9126682,A01三鲜鸡精40x180克(二维码),太太乐三鲜鸡精调味料40×180g（二维码）,三鲜鸡精,1.0,9.122,7.8,山东省,聊城市,临清市
3月,2026-03-06,2026,3,6,家凯拼多多,太太乐旗舰店,9126682,A01三鲜鸡精40x180克(二维码),太太乐三鲜鸡精调味料40×180g（二维码）,三鲜鸡精,3.0,20.9799,7.8,山东省,青岛市,城阳区
3月,2026-03-06,2026,3,6,家凯拼多多,太太乐调味料专卖店,9126682,A01三鲜鸡精40x180克(二维码),太太乐三鲜鸡精调味料40×180g（二维码）,三鲜鸡精,40.0,243.1,7.8,山西省,太原市,晋源区
3月,2026-03-06,2026,3,6,家凯拼多多,太太乐旗舰店,9126682,A01三鲜鸡精40x180克(二维码),太太乐三鲜鸡精调味料40×180g（二维码）,三鲜鸡精,1.0,9.122,7.8,广东省,东莞市,塘厦镇
3月,2026-03-06,2026,3,6,家凯拼多多,太太乐旗舰店,9126682,A01三鲜鸡精40x180克(二维码),太太乐三鲜鸡精调味料40×180g（二维码）,三鲜鸡精,1.0,7.2976,7.8,广东省,东莞市,桥头镇
3月,2026-03-06,2026,3,6,家凯拼多多,太太乐旗舰店,9126682,A01三鲜鸡精40x180克(二维码),太太乐三鲜鸡精调味料40×180g（二维码）,三鲜鸡精,3.0,23.7306,7.8,广东省,佛山市,顺德区
3月,2026-03-06,2026,3,6,家凯拼多多,太太乐旗舰店,9126682,A01三鲜鸡精40x180克(二维码),太太乐三鲜鸡精调味料40×180g（二维码）,三鲜鸡精,2.0,18.0656,7.8,广东省,广州市,黄埔区
3月,2026-03-06,2026,3,6,家凯拼多多,太太乐旗舰店,9126682,A01三鲜鸡精40x180克(二维码),太太乐三鲜鸡精调味料40×180g（二维码）,三鲜鸡精,3.0,22.02,7.8,广东省,江门市,新会区
3月,2026-03-06,2026,3,6,家凯拼多多,太太乐旗舰店,9126682,A01三鲜鸡精40x180克(二维码),太太乐三鲜鸡精调味料40×180g（二维码）,三鲜鸡精,1.0,10.9,7.8,广东省,深圳市,罗湖区
3月,2026-03-06,2026,3,6,家凯拼多多,太太乐旗舰店,9126682,A01三鲜鸡精40x180克(二维码),太太乐三鲜鸡精调味料40×180g（二维码）,三鲜鸡精,1.0,9.122,7.8,江苏省,南通市,启东市
3月,2026-03-06,2026,3,6,家凯拼多多,太太乐旗舰店,9126682,A01三鲜鸡精40x180克(二维码),太太乐三鲜鸡精调味料40×180g（二维码）,三鲜鸡精,1.0,7.1125,7.8,江苏省,扬州市,江都区
3月,2026-03-06,2026,3,6,家凯拼多多,太太乐旗舰店,9126682,A01三鲜鸡精40x180克(二维码),太太乐三鲜鸡精调味料40×180g（二维码）,三鲜鸡精,1.0,9.122,7.8,江苏省,无锡市,惠山区
3月,2026-03-06,2026,3,6,家凯拼多多,太太乐旗舰店,9126682,A01三鲜鸡精40x180克(二维码),太太乐三鲜鸡精调味料40×180g（二维码）,三鲜鸡精,1.0,10.9,7.8,江苏省,镇江市,京口区
3月,2026-03-06,2026,3,6,家凯拼多多,太太乐旗舰店,9126682,A01三鲜鸡精40x180克(二维码),太太乐三鲜鸡精调味料40×180g（二维码）,三鲜鸡精,1.0,7.1192,7.8,江苏省,镇江市,京口区
3月,2026-03-06,2026,3,6,家凯拼多多,太太乐调味料专卖店,9126682,A01三鲜鸡精40x180克(二维码),太太乐三鲜鸡精调味料40×180g（二维码）,三鲜鸡精,15.0,94.9995,7.8,江西省,南昌市,新建区
3月,2026-03-06,2026,3,6,家凯拼多多,太太乐调味料专卖店,9126682,A01三鲜鸡精40x180克(二维码),太太乐三鲜鸡精调味料40×180g（二维码）,三鲜鸡精,15.0,106.0005,7.8,江西省,南昌市,青云谱区
3月,2026-03-06,2026,3,6,家凯拼多多,太太乐旗舰店,9126682,A01三鲜鸡精40x180克(二维码),太太乐三鲜鸡精调味料40×180g（二维码）,三鲜鸡精,1.0,8.6659,7.8,江西省,南昌市,青山湖区
3月,2026-03-06,2026,3,6,家凯拼多多,太太乐调味料专卖店,9126682,A01三鲜鸡精40x180克(二维码),太太乐三鲜鸡精调味料40×180g（二维码）,三鲜鸡精,40.0,286.0,7.8,江西省,吉安市,永新县
3月,2026-03-06,2026,3,6,家凯拼多多,太太乐旗舰店,9126682,A01三鲜鸡精40x180克(二维码),太太乐三鲜鸡精调味料40×180g（二维码）,三鲜鸡精,1.0,7.7537,7.8,河北省,邢台市,内丘县
3月,2026-03-06,2026,3,6,家凯拼多多,太太乐调味料专卖店,9126682,A01三鲜鸡精40x180克(二维码),太太乐三鲜鸡精调味料40×180g（二维码）,三鲜鸡精,40.0,254.54,7.8,河南省,信阳市,固始县
3月,2026-03-06,2026,3,6,家凯拼多多,太太乐旗舰店,9126682,A01三鲜鸡精40x180克(二维码),太太乐三鲜鸡精调味料40×180g（二维码）,三鲜鸡精,1.0,10.9,7.8,河南省,开封市,龙亭区
3月,2026-03-06,2026,3,6,家凯拼多多,太太乐旗舰店,9126682,A01三鲜鸡精40x180克(二维码),太太乐三鲜鸡精调味料40×180g（二维码）,三鲜鸡精,3.0,20.7201,7.8,浙江省,丽水市,龙泉市
3月,2026-03-06,2026,3,6,家凯拼多多,太太乐旗舰店,9126682,A01三鲜鸡精40x180克(二维码),太太乐三鲜鸡精调味料40×180g（二维码）,三鲜鸡精,1.0,7.7537,7.8,浙江省,杭州市,拱墅区
3月,2026-03-06,2026,3,6,家凯拼多多,太太乐旗舰店,9126682,A01三鲜鸡精40x180克(二维码),太太乐三鲜鸡精调味料40×180g（二维码）,三鲜鸡精,1.0,9.122,7.8,浙江省,杭州市,钱塘区
3月,2026-03-06,2026,3,6,家凯拼多多,太太乐调味料专卖店,9126682,A01三鲜鸡精40x180克(二维码),太太乐三鲜鸡精调味料40×180g（二维码）,三鲜鸡精,40.0,251.68,7.8,浙江省,温州市,苍南县
3月,2026-03-06,2026,3,6,家凯拼多多,太太乐旗舰店,9126682,A01三鲜鸡精40x180克(二维码),太太乐三鲜鸡精调味料40×180g（二维码）,三鲜鸡精,2.0,18.0656,7.8,浙江省,绍兴市,上虞区
3月,2026-03-06,2026,3,6,家凯拼多多,太太乐旗舰店,9126682,A01三鲜鸡精40x180克(二维码),太太乐三鲜鸡精调味料40×180g（二维码）,三鲜鸡精,1.0,9.122,7.8,海南省,海口市,美兰区
3月,2026-03-06,2026,3,6,家凯拼多多,太太乐旗舰店,9126682,A01三鲜鸡精40x180克(二维码),太太乐三鲜鸡精调味料40×180g（二维码）,三鲜鸡精,1.0,10.9,7.8,海南省,省直辖县级行政区划,万宁市
3月,2026-03-06,2026,3,6,家凯拼多多,太太乐旗舰店,9126682,A01三鲜鸡精40x180克(二维码),太太乐三鲜鸡精调味料40×180g（二维码）,三鲜鸡精,1.0,10.9,7.8,湖北省,咸宁市,嘉鱼县
3月,2026-03-06,2026,3,6,家凯拼多多,太太乐旗舰店,9126682,A01三鲜鸡精40x180克(二维码),太太乐三鲜鸡精调味料40×180g（二维码）,三鲜鸡精,1.0,9.122,7.8,湖北省,黄冈市,武穴市
3月,2026-03-06,2026,3,6,家凯拼多多,太太乐调味料专卖店,9126682,A01三鲜鸡精40x180克(二维码),太太乐三鲜鸡精调味料40×180g（二维码）,三鲜鸡精,40.0,245.96,7.8,湖南省,娄底市,新化县
3月,2026-03-06,2026,3,6,家凯拼多多,太太乐调味料专卖店,9126682,A01三鲜鸡精40x180克(二维码),太太乐三鲜鸡精调味料40×180g（二维码）,三鲜鸡精,15.0,90.0,7.8,湖南省,株洲市,茶陵县
3月,2026-03-06,2026,3,6,家凯拼多多,太太乐家凯专卖店,9126682,A01三鲜鸡精40x180克(二维码),太太乐三鲜鸡精调味料40×180g（二维码）,三鲜鸡精,15.0,109.9995,7.8,湖南省,衡阳市,衡山县
3月,2026-03-06,2026,3,6,家凯拼多多,太太乐旗舰店,9126682,A01三鲜鸡精40x180克(二维码),太太乐三鲜鸡精调味料40×180g（二维码）,三鲜鸡精,1.0,9.122,7.8,湖南省,长沙市,芙蓉区
3月,2026-03-06,2026,3,6,家凯拼多多,太太乐旗舰店,9126682,A01三鲜鸡精40x180克(二维码),太太乐三鲜鸡精调味料40×180g（二维码）,三鲜鸡精,30.0,206.409,7.8,贵州省,贵阳市,观山湖区
3月,2026-03-06,2026,3,6,家凯拼多多,太太乐旗舰店,9126682,A01三鲜鸡精40x180克(二维码),太太乐三鲜鸡精调味料40×180g（二维码）,三鲜鸡精,1.0,9.122,7.8,陕西省,延安市,宝塔区
3月,2026-03-07,2026,3,7,家凯拼多多,太太乐旗舰店,9126682,A01三鲜鸡精40x180克(二维码),太太乐三鲜鸡精调味料40×180g（二维码）,三鲜鸡精,2.0,15.7718,7.8,上海,上海市,嘉定区
3月,2026-03-07,2026,3,7,家凯拼多多,太太乐调味料专卖店,9126682,A01三鲜鸡精40x180克(二维码),太太乐三鲜鸡精调味料40×180g（二维码）,三鲜鸡精,40.0,271.7,7.8,上海,上海市,浦东新区
3月,2026-03-07,2026,3,7,家凯拼多多,太太乐旗舰店,9126682,A01三鲜鸡精40x180克(二维码),太太乐三鲜鸡精调味料40×180g（二维码）,三鲜鸡精,1.0,7.1192,7.8,北京,北京市,大兴区
3月,2026-03-07,2026,3,7,家凯拼多多,太太乐旗舰店,9126682,A01三鲜鸡精40x180克(二维码),太太乐三鲜鸡精调味料40×180g（二维码）,三鲜鸡精,1.0,10.9,7.8,四川省,成都市,青羊区
3月,2026-03-07,2026,3,7,家凯拼多多,太太乐旗舰店,9126682,A01三鲜鸡精40x180克(二维码),太太乐三鲜鸡精调味料40×180g（二维码）,三鲜鸡精,1.0,7.7537,7.8,山东省,潍坊市,诸城市
3月,2026-03-07,2026,3,7,家凯拼多多,太太乐家凯专卖店,9126682,A01三鲜鸡精40x180克(二维码),太太乐三鲜鸡精调味料40×180g（二维码）,三鲜鸡精,15.0,97.0005,7.8,山东省,菏泽市,巨野县
3月,2026-03-07,2026,3,7,家凯拼多多,太太乐家凯专卖店,9126682,A01三鲜鸡精40x180克(二维码),太太乐三鲜鸡精调味料40×180g（二维码）,三鲜鸡精,15.0,94.0005,7.8,山东省,菏泽市,巨野县
3月,2026-03-07,2026,3,7,家凯拼多多,太太乐旗舰店,9126682,A01三鲜鸡精40x180克(二维码),太太乐三鲜鸡精调味料40×180g（二维码）,三鲜鸡精,1.0,8.18,7.8,山东省,菏泽市,郓城县
3月,2026-03-07,2026,3,7,家凯拼多多,太太乐旗舰店,9126682,A01三鲜鸡精40x180克(二维码),太太乐三鲜鸡精调味料40×180g（二维码）,三鲜鸡精,2.0,13.6962,7.8,广东省,深圳市,宝安区
3月,2026-03-07,2026,3,7,家凯拼多多,太太乐旗舰店,9126682,A01三鲜鸡精40x180克(二维码),太太乐三鲜鸡精调味料40×180g（二维码）,三鲜鸡精,3.0,18.5085,7.8,广东省,深圳市,龙岗区
3月,2026-03-07,2026,3,7,家凯拼多多,太太乐旗舰店,9126682,A01三鲜鸡精40x180克(二维码),太太乐三鲜鸡精调味料40×180g（二维码）,三鲜鸡精,1.0,7.1125,7.8,广西壮族自治区,南宁市,江南区
3月,2026-03-07,2026,3,7,家凯拼多多,太太乐旗舰店,9126682,A01三鲜鸡精40x180克(二维码),太太乐三鲜鸡精调味料40×180g（二维码）,三鲜鸡精,1.0,9.122,7.8,广西壮族自治区,柳州市,城中区
3月,2026-03-07,2026,3,7,家凯拼多多,太太乐旗舰店,9126682,A01三鲜鸡精40x180克(二维码),太太乐三鲜鸡精调味料40×180g（二维码）,三鲜鸡精,1.0,7.7537,7.8,江苏省,常州市,新北区
3月,2026-03-07,2026,3,7,家凯拼多多,太太乐调味料专卖店,9126682,A01三鲜鸡精40x180克(二维码),太太乐三鲜鸡精调味料40×180g（二维码）,三鲜鸡精,40.0,245.96,7.8,江苏省,无锡市,江阴市
3月,2026-03-07,2026,3,7,家凯拼多多,太太乐旗舰店,9126682,A01三鲜鸡精40x180克(二维码),太太乐三鲜鸡精调味料40×180g（二维码）,三鲜鸡精,2.0,14.5556,7.8,江苏省,苏州市,太仓市
3月,2026-03-07,2026,3,7,家凯拼多多,太太乐调味料专卖店,9126682,A01三鲜鸡精40x180克(二维码),太太乐三鲜鸡精调味料40×180g（二维码）,三鲜鸡精,40.0,274.0,7.8,江西省,景德镇市,乐平市
3月,2026-03-07,2026,3,7,家凯拼多多,太太乐旗舰店,9126682,A01三鲜鸡精40x180克(二维码),太太乐三鲜鸡精调味料40×180g（二维码）,三鲜鸡精,2.0,14.5556,7.8,河南省,新乡市,长垣市
3月,2026-03-07,2026,3,7,家凯拼多多,太太乐旗舰店,9126682,A01三鲜鸡精40x180克(二维码),太太乐三鲜鸡精调味料40×180g（二维码）,三鲜鸡精,1.0,9.122,7.8,浙江省,宁波市,余姚市
3月,2026-03-07,2026,3,7,家凯拼多多,太太乐旗舰店,9126682,A01三鲜鸡精40x180克(二维码),太太乐三鲜鸡精调味料40×180g（二维码）,三鲜鸡精,1.0,9.122,7.8,浙江省,宁波市,鄞州区
3月,2026-03-07,2026,3,7,家凯拼多多,太太乐调味料专卖店,9126682,A01三鲜鸡精40x180克(二维码),太太乐三鲜鸡精调味料40×180g（二维码）,三鲜鸡精,15.0,93.4995,7.8,浙江省,湖州市,德清县
3月,2026-03-07,2026,3,7,家凯拼多多,太太乐旗舰店,9126682,A01三鲜鸡精40x180克(二维码),太太乐三鲜鸡精调味料40×180g（二维码）,三鲜鸡精,1.0,8.72,7.8,浙江省,金华市,东阳市
3月,2026-03-07,2026,3,7,家凯拼多多,太太乐旗舰店,9126682,A01三鲜鸡精40x180克(二维码),太太乐三鲜鸡精调味料40×180g（二维码）,三鲜鸡精,1.0,7.7537,7.8,浙江省,金华市,东阳市
3月,2026-03-07,2026,3,7,家凯拼多多,太太乐旗舰店,9126682,A01三鲜鸡精40x180克(二维码),太太乐三鲜鸡精调味料40×180g（二维码）,三鲜鸡精,2.0,13.3526,7.8,浙江省,金华市,义乌市
3月,2026-03-07,2026,3,7,家凯拼多多,太太乐旗舰店,9126682,A01三鲜鸡精40x180克(二维码),太太乐三鲜鸡精调味料40×180g（二维码）,三鲜鸡精,1.0,9.122,7.8,浙江省,金华市,义乌市
3月,2026-03-07,2026,3,7,家凯拼多多,太太乐旗舰店,9126682,A01三鲜鸡精40x180克(二维码),太太乐三鲜鸡精调味料40×180g（二维码）,三鲜鸡精,1.0,7.4827,7.8,海南省,三亚市,天涯区
3月,2026-03-07,2026,3,7,家凯拼多多,太太乐旗舰店,9126682,A01三鲜鸡精40x180克(二维码),太太乐三鲜鸡精调味料40×180g（二维码）,三鲜鸡精,1.0,9.122,7.8,湖北省,恩施土家族苗族自治州,恩施市
3月,2026-03-07,2026,3,7,家凯拼多多,太太乐旗舰店,9126682,A01三鲜鸡精40x180克(二维码),太太乐三鲜鸡精调味料40×180g（二维码）,三鲜鸡精,1.0,9.122,7.8,湖北省,省直辖县级行政区划,潜江市
3月,2026-03-07,2026,3,7,家凯拼多多,太太乐TOTOLE调味旗舰店,9126682,A01三鲜鸡精40x180克(二维码),太太乐三鲜鸡精调味料40×180g（二维码）,三鲜鸡精,1.0,10.9,7.8,湖南省,怀化市,鹤城区
3月,2026-03-07,2026,3,7,家凯拼多多,太太乐旗舰店,9126682,A01三鲜鸡精40x180克(二维码),太太乐三鲜鸡精调味料40×180g（二维码）,三鲜鸡精,1.0,9.122,7.8,甘肃省,临夏回族自治州,临夏市
3月,2026-03-07,2026,3,7,家凯拼多多,太太乐旗舰店,9126682,A01三鲜鸡精40x180克(二维码),太太乐三鲜鸡精调味料40×180g（二维码）,三鲜鸡精,3.0,25.8999,7.8,福建省,福州市,仓山区
3月,2026-03-08,2026,3,8,家凯拼多多,太太乐调味料专卖店,9126682,A01三鲜鸡精40x180克(二维码),太太乐三鲜鸡精调味料40×180g（二维码）,三鲜鸡精,40.0,286.0,7.8,上海,上海市,嘉定区
3月,2026-03-08,2026,3,8,家凯拼多多,太太乐TOTOLE调味旗舰店,9126682,A01三鲜鸡精40x180克(二维码),太太乐三鲜鸡精调味料40×180g（二维码）,三鲜鸡精,1.0,0.9,7.8,上海,上海市,闵行区
3月,2026-03-08,2026,3,8,家凯拼多多,太太乐旗舰店,9126682,A01三鲜鸡精40x180克(二维码),太太乐三鲜鸡精调味料40×180g（二维码）,三鲜鸡精,1.0,9.122,7.8,北京,北京市,丰台区
3月,2026-03-08,2026,3,8,家凯拼多多,太太乐旗舰店,9126682,A01三鲜鸡精40x180克(二维码),太太乐三鲜鸡精调味料40×180g（二维码）,三鲜鸡精,1.0,9.122,7.8,北京,北京市,大兴区
3月,2026-03-08,2026,3,8,家凯拼多多,太太乐旗舰店,9126682,A01三鲜鸡精40x180克(二维码),太太乐三鲜鸡精调味料40×180g（二维码）,三鲜鸡精,2.0,13.3592,7.8,吉林省,长春市,绿园区
3月,2026-03-08,2026,3,8,家凯拼多多,太太乐旗舰店,9126682,A01三鲜鸡精40x180克(二维码),太太乐三鲜鸡精调味料40×180g（二维码）,三鲜鸡精,1.0,9.122,7.8,安徽省,亳州市,谯城区
3月,2026-03-08,2026,3,8,家凯拼多多,太太乐旗舰店,9126682,A01三鲜鸡精40x180克(二维码),太太乐三鲜鸡精调味料40×180g（二维码）,三鲜鸡精,1.0,9.122,7.8,安徽省,合肥市,肥西县
3月,2026-03-08,2026,3,8,家凯拼多多,太太乐旗舰店,9126682,A01三鲜鸡精40x180克(二维码),太太乐三鲜鸡精调味料40×180g（二维码）,三鲜鸡精,1.0,9.122,7.8,安徽省,合肥市,高新技术开发区
3月,2026-03-08,2026,3,8,家凯拼多多,太太乐家凯专卖店,9126682,A01三鲜鸡精40x180克(二维码),太太乐三鲜鸡精调味料40×180g（二维码）,三鲜鸡精,15.0,95.7,7.8,安徽省,滁州市,凤阳县
3月,2026-03-08,2026,3,8,家凯拼多多,太太乐旗舰店,9126682,A01三鲜鸡精40x180克(二维码),太太乐三鲜鸡精调味料40×180g（二维码）,三鲜鸡精,1.0,3.27,7.8,安徽省,阜阳市,界首市
3月,2026-03-08,2026,3,8,家凯拼多多,太太乐旗舰店,9126682,A01三鲜鸡精40x180克(二维码),太太乐三鲜鸡精调味料40×180g（二维码）,三鲜鸡精,1.0,9.0824,7.8,山东省,威海市,环翠区
3月,2026-03-08,2026,3,8,家凯拼多多,太太乐旗舰店,9126682,A01三鲜鸡精40x180克(二维码),太太乐三鲜鸡精调味料40×180g（二维码）,三鲜鸡精,1.0,9.122,7.8,山东省,烟台市,福山区
3月,2026-03-08,2026,3,8,家凯拼多多,太太乐家凯专卖店,9126682,A01三鲜鸡精40x180克(二维码),太太乐三鲜鸡精调味料40×180g（二维码）,三鲜鸡精,15.0,94.0005,7.8,山东省,菏泽市,巨野县
3月,2026-03-08,2026,3,8,家凯拼多多,太太乐家凯专卖店,9126682,A01三鲜鸡精40x180克(二维码),太太乐三鲜鸡精调味料40×180g（二维码）,三鲜鸡精,15.0,94.0005,7.8,山东省,菏泽市,巨野县
3月,2026-03-08,2026,3,8,家凯拼多多,太太乐家凯专卖店,9126682,A01三鲜鸡精40x180克(二维码),太太乐三鲜鸡精调味料40×180g（二维码）,三鲜鸡精,15.0,94.0005,7.8,山东省,菏泽市,巨野县
3月,2026-03-08,2026,3,8,家凯拼多多,太太乐旗舰店,9126682,A01三鲜鸡精40x180克(二维码),太太乐三鲜鸡精调味料40×180g（二维码）,三鲜鸡精,1.0,9.122,7.8,广东省,东莞市,大朗镇
3月,2026-03-08,2026,3,8,家凯拼多多,太太乐TOTOLE调味旗舰店,9126682,A01三鲜鸡精40x180克(二维码),太太乐三鲜鸡精调味料40×180g（二维码）,三鲜鸡精,2.0,13.9,7.8,广东省,东莞市,寮步镇
3月,2026-03-08,2026,3,8,家凯拼多多,太太乐旗舰店,9126682,A01三鲜鸡精40x180克(二维码),太太乐三鲜鸡精调味料40×180g（二维码）,三鲜鸡精,1.0,8.72,7.8,广东省,东莞市,常平镇
3月,2026-03-08,2026,3,8,家凯拼多多,太太乐旗舰店,9126682,A01三鲜鸡精40x180克(二维码),太太乐三鲜鸡精调味料40×180g（二维码）,三鲜鸡精,1.0,9.122,7.8,广东省,广州市,海珠区
3月,2026-03-08,2026,3,8,家凯拼多多,太太乐旗舰店,9126682,A01三鲜鸡精40x180克(二维码),太太乐三鲜鸡精调味料40×180g（二维码）,三鲜鸡精,1.0,9.27,7.8,广东省,江门市,蓬江区
3月,2026-03-08,2026,3,8,家凯拼多多,太太乐调味料专卖店,9126682,A01三鲜鸡精40x180克(二维码),太太乐三鲜鸡精调味料40×180g（二维码）,三鲜鸡精,40.0,251.68,7.8,广东省,深圳市,宝安区
3月,2026-03-08,2026,3,8,家凯拼多多,太太乐旗舰店,9126682,A01三鲜鸡精40x180克(二维码),太太乐三鲜鸡精调味料40×180g（二维码）,三鲜鸡精,1.0,7.7537,7.8,广西壮族自治区,南宁市,江南区
3月,2026-03-08,2026,3,8,家凯拼多多,太太乐旗舰店,9126682,A01三鲜鸡精40x180克(二维码),太太乐三鲜鸡精调味料40×180g（二维码）,三鲜鸡精,1.0,10.9,7.8,江苏省,南通市,海门区
3月,2026-03-08,2026,3,8,家凯拼多多,太太乐旗舰店,9126682,A01三鲜鸡精40x180克(二维码),太太乐三鲜鸡精调味料40×180g（二维码）,三鲜鸡精,3.0,19.4301,7.8,江苏省,常州市,钟楼区
3月,2026-03-08,2026,3,8,家凯拼多多,太太乐旗舰店,9126682,A01三鲜鸡精40x180克(二维码),太太乐三鲜鸡精调味料40×180g（二维码）,三鲜鸡精,1.0,7.2976,7.8,江苏省,泰州市,靖江市
3月,2026-03-08,2026,3,8,家凯拼多多,太太乐调味料专卖店,9126682,A01三鲜鸡精40x180克(二维码),太太乐三鲜鸡精调味料40×180g（二维码）,三鲜鸡精,15.0,109.9995,7.8,江苏省,盐城市,响水县
3月,2026-03-08,2026,3,8,家凯拼多多,太太乐TOTOLE调味旗舰店,9126682,A01三鲜鸡精40x180克(二维码),太太乐三鲜鸡精调味料40×180g（二维码）,三鲜鸡精,1.0,5.9,7.8,江苏省,盐城市,射阳县
3月,2026-03-08,2026,3,8,家凯拼多多,太太乐旗舰店,9126682,A01三鲜鸡精40x180克(二维码),太太乐三鲜鸡精调味料40×180g（二维码）,三鲜鸡精,1.0,9.122,7.8,江苏省,盐城市,盐都区
3月,2026-03-08,2026,3,8,家凯拼多多,太太乐旗舰店,9126682,A01三鲜鸡精40x180克(二维码),太太乐三鲜鸡精调味料40×180g（二维码）,三鲜鸡精,1.0,9.122,7.8,江苏省,苏州市,吴江区
3月,2026-03-08,2026,3,8,家凯拼多多,太太乐旗舰店,9126682,A01三鲜鸡精40x180克(二维码),太太乐三鲜鸡精调味料40×180g（二维码）,三鲜鸡精,3.0,18.1299,7.8,江西省,九江市,永修县
3月,2026-03-08,2026,3,8,家凯拼多多,太太乐旗舰店,9126682,A01三鲜鸡精40x180克(二维码),太太乐三鲜鸡精调味料40×180g（二维码）,三鲜鸡精,1.0,7.2976,7.8,河南省,郑州市,惠济区
3月,2026-03-08,2026,3,8,家凯拼多多,太太乐旗舰店,9126682,A01三鲜鸡精40x180克(二维码),太太乐三鲜鸡精调味料40×180g（二维码）,三鲜鸡精,1.0,7.2976,7.8,浙江省,台州市,玉环市
3月,2026-03-08,2026,3,8,家凯拼多多,太太乐旗舰店,9126682,A01三鲜鸡精40x180克(二维码),太太乐三鲜鸡精调味料40×180g（二维码）,三鲜鸡精,3.0,24.7899,7.8,浙江省,嘉兴市,海盐县
3月,2026-03-08,2026,3,8,家凯拼多多,太太乐TOTOLE调味旗舰店,9126682,A01三鲜鸡精40x180克(二维码),太太乐三鲜鸡精调味料40×180g（二维码）,三鲜鸡精,2.0,18.9,7.8,浙江省,杭州市,余杭区
3月,2026-03-08,2026,3,8,家凯拼多多,太太乐TOTOLE调味旗舰店,9126682,A01三鲜鸡精40x180克(二维码),太太乐三鲜鸡精调味料40×180g（二维码）,三鲜鸡精,2.0,13.9,7.8,浙江省,温州市,乐清市
3月,2026-03-08,2026,3,8,家凯拼多多,太太乐家凯专卖店,9126682,A01三鲜鸡精40x180克(二维码),太太乐三鲜鸡精调味料40×180g（二维码）,三鲜鸡精,15.0,109.9995,7.8,浙江省,温州市,瑞安市
3月,2026-03-08,2026,3,8,家凯拼多多,太太乐旗舰店,9126682,A01三鲜鸡精40x180克(二维码),太太乐三鲜鸡精调味料40×180g（二维码）,三鲜鸡精,1.0,9.122,7.8,浙江省,衢州市,江山市
3月,2026-03-08,2026,3,8,家凯拼多多,太太乐旗舰店,9126682,A01三鲜鸡精40x180克(二维码),太太乐三鲜鸡精调味料40×180g（二维码）,三鲜鸡精,1.0,7.1192,7.8,浙江省,金华市,东阳市
3月,2026-03-08,2026,3,8,家凯拼多多,太太乐旗舰店,9126682,A01三鲜鸡精40x180克(二维码),太太乐三鲜鸡精调味料40×180g（二维码）,三鲜鸡精,3.0,23.7306,7.8,浙江省,金华市,磐安县
3月,2026-03-08,2026,3,8,家凯拼多多,太太乐旗舰店,9126682,A01三鲜鸡精40x180克(二维码),太太乐三鲜鸡精调味料40×180g（二维码）,三鲜鸡精,1.0,7.7537,7.8,海南省,省直辖县级行政区划,文昌市
3月,2026-03-08,2026,3,8,家凯拼多多,太太乐旗舰店,9126682,A01三鲜鸡精40x180克(二维码),太太乐三鲜鸡精调味料40×180g（二维码）,三鲜鸡精,1.0,7.6678,7.8,湖北省,鄂州市,华容区
3月,2026-03-08,2026,3,8,家凯拼多多,太太乐家凯专卖店,9126682,A01三鲜鸡精40x180克(二维码),太太乐三鲜鸡精调味料40×180g（二维码）,三鲜鸡精,15.0,91.3005,7.8,湖南省,常德市,桃源县
3月,2026-03-08,2026,3,8,家凯拼多多,太太乐旗舰店,9126682,A01三鲜鸡精40x180克(二维码),太太乐三鲜鸡精调味料40×180g（二维码）,三鲜鸡精,1.0,10.9,7.8,福建省,泉州市,晋江市
3月,2026-03-08,2026,3,8,家凯拼多多,太太乐旗舰店,9126682,A01三鲜鸡精40x180克(二维码),太太乐三鲜鸡精调味料40×180g（二维码）,三鲜鸡精,1.0,9.122,7.8,辽宁省,沈阳市,大东区
3月,2026-03-08,2026,3,8,家凯拼多多,太太乐旗舰店,9126682,A01三鲜鸡精40x180克(二维码),太太乐三鲜鸡精调味料40×180g（二维码）,三鲜鸡精,1.0,9.122,7.8,辽宁省,沈阳市,沈北新区
3月,2026-03-08,2026,3,8,家凯拼多多,太太乐旗舰店,9126682,A01三鲜鸡精40x180克(二维码),太太乐三鲜鸡精调味料40×180g（二维码）,三鲜鸡精,2.0,17.1204,7.8,陕西省,西安市,长安区
3月,2026-03-09,2026,3,9,家凯拼多多,太太乐TOTOLE调味旗舰店,9126682,A01三鲜鸡精40x180克(二维码),太太乐三鲜鸡精调味料40×180g（二维码）,三鲜鸡精,2.0,18.9,7.8,上海,上海市,奉贤区
3月,2026-03-09,2026,3,9,家凯拼多多,太太乐旗舰店,9126682,A01三鲜鸡精40x180克(二维码),太太乐三鲜鸡精调味料40×180g（二维码）,三鲜鸡精,1.0,9.122,7.8,上海,上海市,奉贤区
3月,2026-03-09,2026,3,9,家凯拼多多,太太乐旗舰店,9126682,A01三鲜鸡精40x180克(二维码),太太乐三鲜鸡精调味料40×180g（二维码）,三鲜鸡精,1.0,9.122,7.8,上海,上海市,宝山区
3月,2026-03-09,2026,3,9,家凯拼多多,太太乐旗舰店,9126682,A01三鲜鸡精40x180克(二维码),太太乐三鲜鸡精调味料40×180g（二维码）,三鲜鸡精,1.0,9.122,7.8,上海,上海市,松江区
3月,2026-03-09,2026,3,9,家凯拼多多,太太乐旗舰店,9126682,A01三鲜鸡精40x180克(二维码),太太乐三鲜鸡精调味料40×180g（二维码）,三鲜鸡精,1.0,9.122,7.8,上海,上海市,长宁区
3月,2026-03-09,2026,3,9,家凯拼多多,太太乐旗舰店,9126682,A01三鲜鸡精40x180克(二维码),太太乐三鲜鸡精调味料40×180g（二维码）,三鲜鸡精,1.0,9.122,7.8,上海,上海市,青浦区
3月,2026-03-09,2026,3,9,家凯拼多多,太太乐旗舰店,9126682,A01三鲜鸡精40x180克(二维码),太太乐三鲜鸡精调味料40×180g（二维码）,三鲜鸡精,3.0,25.8999,7.8,上海,上海市,静安区
3月,2026-03-09,2026,3,9,家凯拼多多,太太乐TOTOLE调味旗舰店,9126682,A01三鲜鸡精40x180克(二维码),太太乐三鲜鸡精调味料40×180g（二维码）,三鲜鸡精,1.0,10.9,7.8,内蒙古自治区,呼伦贝尔市,牙克石市
3月,2026-03-09,2026,3,9,家凯拼多多,太太乐调味料专卖店,9126682,A01三鲜鸡精40x180克(二维码),太太乐三鲜鸡精调味料40×180g（二维码）,三鲜鸡精,15.0,94.6005,7.8,北京,北京市,朝阳区
3月,2026-03-09,2026,3,9,家凯拼多多,太太乐旗舰店,9126682,A01三鲜鸡精40x180克(二维码),太太乐三鲜鸡精调味料40×180g（二维码）,三鲜鸡精,1.0,10.9,7.8,四川省,乐山市,峨眉山市
3月,2026-03-09,2026,3,9,家凯拼多多,太太乐旗舰店,9126682,A01三鲜鸡精40x180克(二维码),太太乐三鲜鸡精调味料40×180g（二维码）,三鲜鸡精,3.0,23.7306,7.8,安徽省,亳州市,谯城区
3月,2026-03-09,2026,3,9,家凯拼多多,太太乐旗舰店,9126682,A01三鲜鸡精40x180克(二维码),太太乐三鲜鸡精调味料40×180g（二维码）,三鲜鸡精,1.0,9.122,7.8,山东省,临沂市,蒙阴县
3月,2026-03-09,2026,3,9,家凯拼多多,太太乐调味料专卖店,9126682,A01三鲜鸡精40x180克(二维码),太太乐三鲜鸡精调味料40×180g（二维码）,三鲜鸡精,40.0,286.0,7.8,山东省,威海市,环翠区
3月,2026-03-09,2026,3,9,家凯拼多多,太太乐旗舰店,9126682,A01三鲜鸡精40x180克(二维码),太太乐三鲜鸡精调味料40×180g（二维码）,三鲜鸡精,1.0,10.75,7.8,山东省,烟台市,福山区
3月,2026-03-09,2026,3,9,家凯拼多多,太太乐旗舰店,9126682,A01三鲜鸡精40x180克(二维码),太太乐三鲜鸡精调味料40×180g（二维码）,三鲜鸡精,1.0,9.122,7.8,山东省,青岛市,市北区
3月,2026-03-09,2026,3,9,家凯拼多多,太太乐旗舰店,9126682,A01三鲜鸡精40x180克(二维码),太太乐三鲜鸡精调味料40×180g（二维码）,三鲜鸡精,2.0,13.6962,7.8,广东省,东莞市,东城区
3月,2026-03-09,2026,3,9,家凯拼多多,太太乐TOTOLE调味旗舰店,9126682,A01三鲜鸡精40x180克(二维码),太太乐三鲜鸡精调味料40×180g（二维码）,三鲜鸡精,1.0,10.9,7.8,广东省,东莞市,凤岗镇
3月,2026-03-09,2026,3,9,家凯拼多多,太太乐旗舰店,9126682,A01三鲜鸡精40x180克(二维码),太太乐三鲜鸡精调味料40×180g（二维码）,三鲜鸡精,1.0,9.122,7.8,广东省,东莞市,寮步镇
3月,2026-03-09,2026,3,9,家凯拼多多,太太乐旗舰店,9126682,A01三鲜鸡精40x180克(二维码),太太乐三鲜鸡精调味料40×180g（二维码）,三鲜鸡精,1.0,9.122,7.8,广东省,东莞市,谢岗镇
3月,2026-03-09,2026,3,9,家凯拼多多,太太乐旗舰店,9126682,A01三鲜鸡精40x180克(二维码),太太乐三鲜鸡精调味料40×180g（二维码）,三鲜鸡精,3.0,23.7306,7.8,广东省,深圳市,龙华区
3月,2026-03-09,2026,3,9,家凯拼多多,太太乐旗舰店,9126682,A01三鲜鸡精40x180克(二维码),太太乐三鲜鸡精调味料40×180g（二维码）,三鲜鸡精,2.0,21.59,7.8,广东省,深圳市,龙岗区
3月,2026-03-09,2026,3,9,家凯拼多多,太太乐旗舰店,9126682,A01三鲜鸡精40x180克(二维码),太太乐三鲜鸡精调味料40×180g（二维码）,三鲜鸡精,1.0,7.9388,7.8,广东省,深圳市,龙岗区
3月,2026-03-09,2026,3,9,家凯拼多多,太太乐TOTOLE调味旗舰店,9126682,A01三鲜鸡精40x180克(二维码),太太乐三鲜鸡精调味料40×180g（二维码）,三鲜鸡精,2.0,18.9,7.8,广东省,肇庆市,高要区
3月,2026-03-09,2026,3,9,家凯拼多多,太太乐旗舰店,9126682,A01三鲜鸡精40x180克(二维码),太太乐三鲜鸡精调味料40×180g（二维码）,三鲜鸡精,1.0,6.8415,7.8,江苏省,南京市,浦口区
3月,2026-03-09,2026,3,9,家凯拼多多,太太乐旗舰店,9126682,A01三鲜鸡精40x180克(二维码),太太乐三鲜鸡精调味料40×180g（二维码）,三鲜鸡精,1.0,10.9,7.8,江苏省,常州市,新北区
3月,2026-03-09,2026,3,9,家凯拼多多,太太乐TOTOLE调味旗舰店,9126682,A01三鲜鸡精40x180克(二维码),太太乐三鲜鸡精调味料40×180g（二维码）,三鲜鸡精,1.0,10.9,7.8,江苏省,徐州市,鼓楼区
3月,2026-03-09,2026,3,9,家凯拼多多,太太乐旗舰店,9126682,A01三鲜鸡精40x180克(二维码),太太乐三鲜鸡精调味料40×180g（二维码）,三鲜鸡精,3.0,19.8999,7.8,江苏省,盐城市,建湖县
3月,2026-03-09,2026,3,9,家凯拼多多,太太乐旗舰店,9126682,A01三鲜鸡精40x180克(二维码),太太乐三鲜鸡精调味料40×180g（二维码）,三鲜鸡精,1.0,9.122,7.8,江苏省,苏州市,吴中区
3月,2026-03-09,2026,3,9,家凯拼多多,太太乐TOTOLE调味旗舰店,9126682,A01三鲜鸡精40x180克(二维码),太太乐三鲜鸡精调味料40×180g（二维码）,三鲜鸡精,2.0,18.9,7.8,江西省,南昌市,南昌县
3月,2026-03-09,2026,3,9,家凯拼多多,太太乐调味料专卖店,9126682,A01三鲜鸡精40x180克(二维码),太太乐三鲜鸡精调味料40×180g（二维码）,三鲜鸡精,40.0,257.4,7.8,江西省,萍乡市,莲花县
3月,2026-03-09,2026,3,9,家凯拼多多,太太乐旗舰店,9126682,A01三鲜鸡精40x180克(二维码),太太乐三鲜鸡精调味料40×180g（二维码）,三鲜鸡精,1.0,9.122,7.8,江西省,赣州市,章贡区
3月,2026-03-09,2026,3,9,家凯拼多多,太太乐旗舰店,9126682,A01三鲜鸡精40x180克(二维码),太太乐三鲜鸡精调味料40×180g（二维码）,三鲜鸡精,1.0,10.9,7.8,河南省,郑州市,金水区
3月,2026-03-09,2026,3,9,家凯拼多多,太太乐家凯专卖店,9126682,A01三鲜鸡精40x180克(二维码),太太乐三鲜鸡精调味料40×180g（二维码）,三鲜鸡精,15.0,94.9995,7.8,浙江省,丽水市,龙泉市
3月,2026-03-09,2026,3,9,家凯拼多多,太太乐旗舰店,9126682,A01三鲜鸡精40x180克(二维码),太太乐三鲜鸡精调味料40×180g（二维码）,三鲜鸡精,1.0,10.9,7.8,浙江省,嘉兴市,秀洲区
3月,2026-03-09,2026,3,9,家凯拼多多,太太乐TOTOLE调味旗舰店,9126682,A01三鲜鸡精40x180克(二维码),太太乐三鲜鸡精调味料40×180g（二维码）,三鲜鸡精,2.0,18.9,7.8,浙江省,宁波市,北仑区
3月,2026-03-09,2026,3,9,家凯拼多多,太太乐旗舰店,9126682,A01三鲜鸡精40x180克(二维码),太太乐三鲜鸡精调味料40×180g（二维码）,三鲜鸡精,1.0,7.7537,7.8,浙江省,宁波市,慈溪市
3月,2026-03-09,2026,3,9,家凯拼多多,太太乐旗舰店,9126682,A01三鲜鸡精40x180克(二维码),太太乐三鲜鸡精调味料40×180g（二维码）,三鲜鸡精,3.0,22.8999,7.8,浙江省,杭州市,西湖区
3月,2026-03-09,2026,3,9,家凯拼多多,太太乐旗舰店,9126682,A01三鲜鸡精40x180克(二维码),太太乐三鲜鸡精调味料40×180g（二维码）,三鲜鸡精,3.0,19.4301,7.8,湖北省,武汉市,硚口区
3月,2026-03-09,2026,3,9,家凯拼多多,太太乐调味料专卖店,9126682,A01三鲜鸡精40x180克(二维码),太太乐三鲜鸡精调味料40×180g（二维码）,三鲜鸡精,40.0,257.4,7.8,湖南省,湘潭市,岳塘区
3月,2026-03-09,2026,3,9,家凯拼多多,太太乐旗舰店,9126682,A01三鲜鸡精40x180克(二维码),太太乐三鲜鸡精调味料40×180g（二维码）,三鲜鸡精,1.0,9.122,7.8,湖南省,长沙市,雨花区
3月,2026-03-09,2026,3,9,家凯拼多多,太太乐旗舰店,9126682,A01三鲜鸡精40x180克(二维码),太太乐三鲜鸡精调味料40×180g（二维码）,三鲜鸡精,1.0,10.9,7.8,甘肃省,兰州市,城关区
3月,2026-03-09,2026,3,9,家凯拼多多,太太乐调味料专卖店,9126682,A01三鲜鸡精40x180克(二维码),太太乐三鲜鸡精调味料40×180g（二维码）,三鲜鸡精,15.0,109.9995,7.8,福建省,泉州市,安溪县
3月,2026-03-09,2026,3,9,家凯拼多多,太太乐旗舰店,9126682,A01三鲜鸡精40x180克(二维码),太太乐三鲜鸡精调味料40×180g（二维码）,三鲜鸡精,1.0,10.9,7.8,福建省,漳州市,芗城区
3月,2026-03-09,2026,3,9,家凯拼多多,太太乐旗舰店,9126682,A01三鲜鸡精40x180克(二维码),太太乐三鲜鸡精调味料40×180g（二维码）,三鲜鸡精,2.0,15.0712,7.8,贵州省,贵阳市,观山湖区
3月,2026-03-09,2026,3,9,家凯拼多多,太太乐TOTOLE调味旗舰店,9126682,A01三鲜鸡精40x180克(二维码),太太乐三鲜鸡精调味料40×180g（二维码）,三鲜鸡精,2.0,18.9,7.8,重庆,重庆市,长寿区
3月,2026-03-10,2026,3,10,家凯拼多多,太太乐调味料专卖店,9126682,A01三鲜鸡精40x180克(二维码),太太乐三鲜鸡精调味料40×180g（二维码）,三鲜鸡精,40.0,286.0,7.8,云南省,西双版纳傣族自治州,景洪市
3月,2026-03-10,2026,3,10,家凯拼多多,太太乐TOTOLE调味旗舰店,9126682,A01三鲜鸡精40x180克(二维码),太太乐三鲜鸡精调味料40×180g（二维码）,三鲜鸡精,2.0,13.9,7.8,北京,北京市,朝阳区
3月,2026-03-10,2026,3,10,家凯拼多多,太太乐旗舰店,9126682,A01三鲜鸡精40x180克(二维码),太太乐三鲜鸡精调味料40×180g（二维码）,三鲜鸡精,3.0,25.8999,7.8,四川省,内江市,东兴区
3月,2026-03-10,2026,3,10,家凯拼多多,太太乐旗舰店,9126682,A01三鲜鸡精40x180克(二维码),太太乐三鲜鸡精调味料40×180g（二维码）,三鲜鸡精,1.0,5.9,7.8,宁夏回族自治区,石嘴山市,大武口区
3月,2026-03-10,2026,3,10,家凯拼多多,太太乐旗舰店,9126682,A01三鲜鸡精40x180克(二维码),太太乐三鲜鸡精调味料40×180g（二维码）,三鲜鸡精,1.0,7.7537,7.8,安徽省,亳州市,利辛县
3月,2026-03-10,2026,3,10,家凯拼多多,太太乐旗舰店,9126682,A01三鲜鸡精40x180克(二维码),太太乐三鲜鸡精调味料40×180g（二维码）,三鲜鸡精,1.0,10.9,7.8,安徽省,合肥市,经济技术开发区
3月,2026-03-10,2026,3,10,家凯拼多多,太太乐旗舰店,9126682,A01三鲜鸡精40x180克(二维码),太太乐三鲜鸡精调味料40×180g（二维码）,三鲜鸡精,1.0,7.2976,7.8,安徽省,宣城市,广德市
3月,2026-03-10,2026,3,10,家凯拼多多,太太乐TOTOLE调味旗舰店,9126682,A01三鲜鸡精40x180克(二维码),太太乐三鲜鸡精调味料40×180g（二维码）,三鲜鸡精,5.0,34.77,7.8,安徽省,淮南市,凤台县
3月,2026-03-10,2026,3,10,家凯拼多多,太太乐调味料专卖店,9126682,A01三鲜鸡精40x180克(二维码),太太乐三鲜鸡精调味料40×180g（二维码）,三鲜鸡精,40.0,254.54,7.8,安徽省,滁州市,天长市
3月,2026-03-10,2026,3,10,家凯拼多多,太太乐旗舰店,9126682,A01三鲜鸡精40x180克(二维码),太太乐三鲜鸡精调味料40×180g（二维码）,三鲜鸡精,3.0,25.8999,7.8,安徽省,滁州市,天长市
3月,2026-03-10,2026,3,10,家凯拼多多,太太乐旗舰店,9126682,A01三鲜鸡精40x180克(二维码),太太乐三鲜鸡精调味料40×180g（二维码）,三鲜鸡精,3.0,25.8999,7.8,安徽省,芜湖市,镜湖区
3月,2026-03-10,2026,3,10,家凯拼多多,太太乐旗舰店,9126682,A01三鲜鸡精40x180克(二维码),太太乐三鲜鸡精调味料40×180g（二维码）,三鲜鸡精,1.0,9.122,7.8,山东省,东营市,东营区
3月,2026-03-10,2026,3,10,家凯拼多多,太太乐旗舰店,9126682,A01三鲜鸡精40x180克(二维码),太太乐三鲜鸡精调味料40×180g（二维码）,三鲜鸡精,1.0,8.0314,7.8,山东省,临沂市,兰山区
3月,2026-03-10,2026,3,10,家凯拼多多,太太乐旗舰店,9126682,A01三鲜鸡精40x180克(二维码),太太乐三鲜鸡精调味料40×180g（二维码）,三鲜鸡精,1.0,8.2098,7.8,山东省,烟台市,福山区
3月,2026-03-10,2026,3,10,家凯拼多多,太太乐家凯专卖店,9126682,A01三鲜鸡精40x180克(二维码),太太乐三鲜鸡精调味料40×180g（二维码）,三鲜鸡精,15.0,94.0005,7.8,山东省,菏泽市,巨野县
3月,2026-03-10,2026,3,10,家凯拼多多,太太乐家凯专卖店,9126682,A01三鲜鸡精40x180克(二维码),太太乐三鲜鸡精调味料40×180g（二维码）,三鲜鸡精,15.0,94.0005,7.8,山东省,菏泽市,巨野县
3月,2026-03-10,2026,3,10,家凯拼多多,太太乐家凯专卖店,9126682,A01三鲜鸡精40x180克(二维码),太太乐三鲜鸡精调味料40×180g（二维码）,三鲜鸡精,15.0,90.0,7.8,山东省,菏泽市,巨野县
3月,2026-03-10,2026,3,10,家凯拼多多,太太乐旗舰店,9126682,A01三鲜鸡精40x180克(二维码),太太乐三鲜鸡精调味料40×180g（二维码）,三鲜鸡精,1.0,7.6678,7.8,广东省,广州市,增城区
3月,2026-03-10,2026,3,10,家凯拼多多,太太乐旗舰店,9126682,A01三鲜鸡精40x180克(二维码),太太乐三鲜鸡精调味料40×180g（二维码）,三鲜鸡精,1.0,7.1192,7.8,广东省,广州市,番禺区
3月,2026-03-10,2026,3,10,家凯拼多多,太太乐旗舰店,9126682,A01三鲜鸡精40x180克(二维码),太太乐三鲜鸡精调味料40×180g（二维码）,三鲜鸡精,1.0,8.2098,7.8,广东省,广州市,白云区
3月,2026-03-10,2026,3,10,家凯拼多多,太太乐TOTOLE调味旗舰店,9126682,A01三鲜鸡精40x180克(二维码),太太乐三鲜鸡精调味料40×180g（二维码）,三鲜鸡精,1.0,9.35,7.8,广东省,揭阳市,普宁市
3月,2026-03-10,2026,3,10,家凯拼多多,太太乐TOTOLE调味旗舰店,9126682,A01三鲜鸡精40x180克(二维码),太太乐三鲜鸡精调味料40×180g（二维码）,三鲜鸡精,1.0,10.9,7.8,广东省,深圳市,福田区
3月,2026-03-10,2026,3,10,家凯拼多多,太太乐旗舰店,9126682,A01三鲜鸡精40x180克(二维码),太太乐三鲜鸡精调味料40×180g（二维码）,三鲜鸡精,1.0,7.7537,7.8,广东省,深圳市,龙岗区
3月,2026-03-10,2026,3,10,家凯拼多多,太太乐家凯专卖店,9126682,A01三鲜鸡精40x180克(二维码),太太乐三鲜鸡精调味料40×180g（二维码）,三鲜鸡精,15.0,90.0,7.8,广东省,潮州市,潮安区
3月,2026-03-10,2026,3,10,家凯拼多多,太太乐家凯专卖店,9126682,A01三鲜鸡精40x180克(二维码),太太乐三鲜鸡精调味料40×180g（二维码）,三鲜鸡精,15.0,90.0,7.8,广西壮族自治区,南宁市,西乡塘区
3月,2026-03-10,2026,3,10,家凯拼多多,太太乐旗舰店,9126682,A01三鲜鸡精40x180克(二维码),太太乐三鲜鸡精调味料40×180g（二维码）,三鲜鸡精,1.0,7.2976,7.8,广西壮族自治区,河池市,金城江区
3月,2026-03-10,2026,3,10,家凯拼多多,太太乐TOTOLE调味旗舰店,9126682,A01三鲜鸡精40x180克(二维码),太太乐三鲜鸡精调味料40×180g（二维码）,三鲜鸡精,1.0,8.51,7.8,江苏省,南京市,鼓楼区
3月,2026-03-10,2026,3,10,家凯拼多多,太太乐家凯专卖店,9126682,A01三鲜鸡精40x180克(二维码),太太乐三鲜鸡精调味料40×180g（二维码）,三鲜鸡精,15.0,90.0,7.8,江苏省,常州市,钟楼区
3月,2026-03-10,2026,3,10,家凯拼多多,太太乐家凯专卖店,9126682,A01三鲜鸡精40x180克(二维码),太太乐三鲜鸡精调味料40×180g（二维码）,三鲜鸡精,15.0,90.0,7.8,江苏省,常州市,钟楼区
3月,2026-03-10,2026,3,10,家凯拼多多,太太乐家凯专卖店,9126682,A01三鲜鸡精40x180克(二维码),太太乐三鲜鸡精调味料40×180g（二维码）,三鲜鸡精,15.0,90.0,7.8,江苏省,徐州市,铜山区
3月,2026-03-10,2026,3,10,家凯拼多多,太太乐TOTOLE调味旗舰店,9126682,A01三鲜鸡精40x180克(二维码),太太乐三鲜鸡精调味料40×180g（二维码）,三鲜鸡精,1.0,10.9,7.8,江苏省,徐州市,鼓楼区
3月,2026-03-10,2026,3,10,家凯拼多多,太太乐调味料专卖店,9126682,A01三鲜鸡精40x180克(二维码),太太乐三鲜鸡精调味料40×180g（二维码）,三鲜鸡精,15.0,109.9995,7.8,江苏省,无锡市,新吴区
3月,2026-03-10,2026,3,10,家凯拼多多,太太乐家凯专卖店,9126682,A01三鲜鸡精40x180克(二维码),太太乐三鲜鸡精调味料40×180g（二维码）,三鲜鸡精,15.0,90.0,7.8,江苏省,泰州市,靖江市
3月,2026-03-10,2026,3,10,家凯拼多多,太太乐旗舰店,9126682,A01三鲜鸡精40x180克(二维码),太太乐三鲜鸡精调味料40×180g（二维码）,三鲜鸡精,2.0,17.1204,7.8,江苏省,淮安市,清江浦区
3月,2026-03-10,2026,3,10,家凯拼多多,太太乐旗舰店,9126682,A01三鲜鸡精40x180克(二维码),太太乐三鲜鸡精调味料40×180g（二维码）,三鲜鸡精,1.0,7.7537,7.8,江苏省,苏州市,太仓市
3月,2026-03-10,2026,3,10,家凯拼多多,太太乐TOTOLE调味旗舰店,9126682,A01三鲜鸡精40x180克(二维码),太太乐三鲜鸡精调味料40×180g（二维码）,三鲜鸡精,2.0,18.9,7.8,江苏省,苏州市,张家港市
3月,2026-03-10,2026,3,10,家凯拼多多,太太乐旗舰店,9126682,A01三鲜鸡精40x180克(二维码),太太乐三鲜鸡精调味料40×180g（二维码）,三鲜鸡精,1.0,10.9,7.8,江苏省,苏州市,昆山市
3月,2026-03-10,2026,3,10,家凯拼多多,太太乐旗舰店,9126682,A01三鲜鸡精40x180克(二维码),太太乐三鲜鸡精调味料40×180g（二维码）,三鲜鸡精,1.0,9.122,7.8,江西省,九江市,浔阳区
3月,2026-03-10,2026,3,10,家凯拼多多,太太乐家凯专卖店,9126682,A01三鲜鸡精40x180克(二维码),太太乐三鲜鸡精调味料40×180g（二维码）,三鲜鸡精,15.0,90.0,7.8,江西省,南昌市,西湖区
3月,2026-03-10,2026,3,10,家凯拼多多,太太乐TOTOLE调味旗舰店,9126682,A01三鲜鸡精40x180克(二维码),太太乐三鲜鸡精调味料40×180g（二维码）,三鲜鸡精,1.0,8.72,7.8,江西省,南昌市,青山湖区
3月,2026-03-10,2026,3,10,家凯拼多多,太太乐旗舰店,9126682,A01三鲜鸡精40x180克(二维码),太太乐三鲜鸡精调味料40×180g（二维码）,三鲜鸡精,3.0,25.8999,7.8,江西省,吉安市,新干县
3月,2026-03-10,2026,3,10,家凯拼多多,太太乐家凯专卖店,9126682,A01三鲜鸡精40x180克(二维码),太太乐三鲜鸡精调味料40×180g（二维码）,三鲜鸡精,15.0,90.0,7.8,江西省,新余市,渝水区
3月,2026-03-10,2026,3,10,家凯拼多多,太太乐调味料专卖店,9126682,A01三鲜鸡精40x180克(二维码),太太乐三鲜鸡精调味料40×180g（二维码）,三鲜鸡精,40.0,286.0,7.8,浙江省,丽水市,缙云县
3月,2026-03-10,2026,3,10,家凯拼多多,太太乐旗舰店,9126682,A01三鲜鸡精40x180克(二维码),太太乐三鲜鸡精调味料40×180g（二维码）,三鲜鸡精,1.0,8.0314,7.8,浙江省,丽水市,青田县
3月,2026-03-10,2026,3,10,家凯拼多多,太太乐旗舰店,9126682,A01三鲜鸡精40x180克(二维码),太太乐三鲜鸡精调味料40×180g（二维码）,三鲜鸡精,1.0,9.122,7.8,浙江省,宁波市,余姚市
3月,2026-03-10,2026,3,10,家凯拼多多,太太乐调味料专卖店,9126682,A01三鲜鸡精40x180克(二维码),太太乐三鲜鸡精调味料40×180g（二维码）,三鲜鸡精,40.0,286.0,7.8,浙江省,宁波市,北仑区
3月,2026-03-10,2026,3,10,家凯拼多多,太太乐旗舰店,9126682,A01三鲜鸡精40x180克(二维码),太太乐三鲜鸡精调味料40×180g（二维码）,三鲜鸡精,1.0,7.2976,7.8,浙江省,宁波市,宁海县
3月,2026-03-10,2026,3,10,家凯拼多多,太太乐旗舰店,9126682,A01三鲜鸡精40x180克(二维码),太太乐三鲜鸡精调味料40×180g（二维码）,三鲜鸡精,1.0,9.122,7.8,浙江省,杭州市,萧山区
3月,2026-03-10,2026,3,10,家凯拼多多,太太乐调味料专卖店,9126682,A01三鲜鸡精40x180克(二维码),太太乐三鲜鸡精调味料40×180g（二维码）,三鲜鸡精,40.0,245.96,7.8,浙江省,温州市,瑞安市
3月,2026-03-10,2026,3,10,家凯拼多多,太太乐旗舰店,9126682,A01三鲜鸡精40x180克(二维码),太太乐三鲜鸡精调味料40×180g（二维码）,三鲜鸡精,1.0,7.2976,7.8,湖北省,武汉市,江岸区
3月,2026-03-10,2026,3,10,家凯拼多多,太太乐TOTOLE调味旗舰店,9126682,A01三鲜鸡精40x180克(二维码),太太乐三鲜鸡精调味料40×180g（二维码）,三鲜鸡精,2.0,18.9,7.8,湖北省,荆州市,洪湖市
3月,2026-03-10,2026,3,10,家凯拼多多,太太乐旗舰店,9126682,A01三鲜鸡精40x180克(二维码),太太乐三鲜鸡精调味料40×180g（二维码）,三鲜鸡精,1.0,5.8169,7.8,湖南省,长沙市,岳麓区
3月,2026-03-10,2026,3,10,家凯拼多多,太太乐TOTOLE调味旗舰店,9126682,A01三鲜鸡精40x180克(二维码),太太乐三鲜鸡精调味料40×180g（二维码）,三鲜鸡精,1.0,10.9,7.8,甘肃省,兰州市,西固区
3月,2026-03-10,2026,3,10,家凯拼多多,太太乐调味料专卖店,9126682,A01三鲜鸡精40x180克(二维码),太太乐三鲜鸡精调味料40×180g（二维码）,三鲜鸡精,40.0,286.0,7.8,甘肃省,嘉峪关市,嘉峪关市
3月,2026-03-10,2026,3,10,家凯拼多多,太太乐旗舰店,9126682,A01三鲜鸡精40x180克(二维码),太太乐三鲜鸡精调味料40×180g（二维码）,三鲜鸡精,1.0,10.9,7.8,福建省,南平市,延平区
3月,2026-03-10,2026,3,10,家凯拼多多,太太乐家凯专卖店,9126682,A01三鲜鸡精40x180克(二维码),太太乐三鲜鸡精调味料40×180g（二维码）,三鲜鸡精,15.0,90.0,7.8,福建省,宁德市,蕉城区
3月,2026-03-10,2026,3,10,家凯拼多多,太太乐家凯专卖店,9126682,A01三鲜鸡精40x180克(二维码),太太乐三鲜鸡精调味料40×180g（二维码）,三鲜鸡精,15.0,90.0,7.8,福建省,漳州市,龙海区
3月,2026-03-10,2026,3,10,家凯拼多多,太太乐旗舰店,9126682,A01三鲜鸡精40x180克(二维码),太太乐三鲜鸡精调味料40×180g（二维码）,三鲜鸡精,1.0,9.122,7.8,福建省,福州市,闽侯县
3月,2026-03-10,2026,3,10,家凯拼多多,太太乐TOTOLE调味旗舰店,9126682,A01三鲜鸡精40x180克(二维码),太太乐三鲜鸡精调味料40×180g（二维码）,三鲜鸡精,3.0,26.9001,7.8,福建省,莆田市,荔城区
3月,2026-03-10,2026,3,10,家凯拼多多,太太乐旗舰店,9126682,A01三鲜鸡精40x180克(二维码),太太乐三鲜鸡精调味料40×180g（二维码）,三鲜鸡精,1.0,8.2098,7.8,辽宁省,大连市,旅顺口区
3月,2026-03-10,2026,3,10,家凯拼多多,太太乐TOTOLE调味旗舰店,9126682,A01三鲜鸡精40x180克(二维码),太太乐三鲜鸡精调味料40×180g（二维码）,三鲜鸡精,1.0,8.72,7.8,陕西省,咸阳市,秦都区
3月,2026-03-11,2026,3,11,家凯拼多多,太太乐旗舰店,9126682,A01三鲜鸡精40x180克(二维码),太太乐三鲜鸡精调味料40×180g（二维码）,三鲜鸡精,2.0,17.1204,7.8,上海,上海市,闵行区
3月,2026-03-11,2026,3,11,家凯拼多多,太太乐旗舰店,9126682,A01三鲜鸡精40x180克(二维码),太太乐三鲜鸡精调味料40×180g（二维码）,三鲜鸡精,1.0,9.27,7.8,北京,北京市,昌平区
3月,2026-03-11,2026,3,11,家凯拼多多,太太乐旗舰店,9126682,A01三鲜鸡精40x180克(二维码),太太乐三鲜鸡精调味料40×180g（二维码）,三鲜鸡精,1.0,4.0983,7.8,吉林省,长春市,农安县
3月,2026-03-11,2026,3,11,家凯拼多多,太太乐旗舰店,9126682,A01三鲜鸡精40x180克(二维码),太太乐三鲜鸡精调味料40×180g（二维码）,三鲜鸡精,1.0,8.18,7.8,吉林省,长春市,榆树市
3月,2026-03-11,2026,3,11,家凯拼多多,太太乐旗舰店,9126682,A01三鲜鸡精40x180克(二维码),太太乐三鲜鸡精调味料40×180g（二维码）,三鲜鸡精,1.0,9.122,7.8,四川省,成都市,武侯区
3月,2026-03-11,2026,3,11,家凯拼多多,太太乐旗舰店,9126682,A01三鲜鸡精40x180克(二维码),太太乐三鲜鸡精调味料40×180g（二维码）,三鲜鸡精,1.0,9.122,7.8,宁夏回族自治区,银川市,西夏区
3月,2026-03-11,2026,3,11,家凯拼多多,太太乐旗舰店,9126682,A01三鲜鸡精40x180克(二维码),太太乐三鲜鸡精调味料40×180g（二维码）,三鲜鸡精,3.0,25.8999,7.8,安徽省,合肥市,长丰县
3月,2026-03-11,2026,3,11,家凯拼多多,太太乐家凯专卖店,9126682,A01三鲜鸡精40x180克(二维码),太太乐三鲜鸡精调味料40×180g（二维码）,三鲜鸡精,15.0,109.9995,7.8,安徽省,淮南市,凤台县
3月,2026-03-11,2026,3,11,家凯拼多多,太太乐旗舰店,9126682,A01三鲜鸡精40x180克(二维码),太太乐三鲜鸡精调味料40×180g（二维码）,三鲜鸡精,1.0,9.122,7.8,安徽省,芜湖市,鸠江区
3月,2026-03-11,2026,3,11,家凯拼多多,太太乐旗舰店,9126682,A01三鲜鸡精40x180克(二维码),太太乐三鲜鸡精调味料40×180g（二维码）,三鲜鸡精,1.0,9.122,7.8,安徽省,黄山市,屯溪区
3月,2026-03-11,2026,3,11,家凯拼多多,太太乐旗舰店,9126682,A01三鲜鸡精40x180克(二维码),太太乐三鲜鸡精调味料40×180g（二维码）,三鲜鸡精,1.0,9.49,7.8,山东省,临沂市,罗庄区
3月,2026-03-11,2026,3,11,家凯拼多多,太太乐TOTOLE调味旗舰店,9126682,A01三鲜鸡精40x180克(二维码),太太乐三鲜鸡精调味料40×180g（二维码）,三鲜鸡精,2.0,18.47,7.8,山东省,威海市,环翠区
3月,2026-03-11,2026,3,11,家凯拼多多,太太乐旗舰店,9126682,A01三鲜鸡精40x180克(二维码),太太乐三鲜鸡精调味料40×180g（二维码）,三鲜鸡精,1.0,9.122,7.8,山东省,威海市,环翠区
3月,2026-03-11,2026,3,11,家凯拼多多,太太乐TOTOLE调味旗舰店,9126682,A01三鲜鸡精40x180克(二维码),太太乐三鲜鸡精调味料40×180g（二维码）,三鲜鸡精,2.0,18.9,7.8,山东省,德州市,德城区
3月,2026-03-11,2026,3,11,家凯拼多多,太太乐家凯专卖店,9126682,A01三鲜鸡精40x180克(二维码),太太乐三鲜鸡精调味料40×180g（二维码）,三鲜鸡精,15.0,109.9995,7.8,山东省,枣庄市,峄城区
3月,2026-03-11,2026,3,11,家凯拼多多,太太乐旗舰店,9126682,A01三鲜鸡精40x180克(二维码),太太乐三鲜鸡精调味料40×180g（二维码）,三鲜鸡精,1.0,7.1192,7.8,山东省,枣庄市,薛城区
3月,2026-03-11,2026,3,11,家凯拼多多,太太乐旗舰店,9126682,A01三鲜鸡精40x180克(二维码),太太乐三鲜鸡精调味料40×180g（二维码）,三鲜鸡精,1.0,7.7537,7.8,山东省,聊城市,东昌府区
3月,2026-03-11,2026,3,11,家凯拼多多,太太乐TOTOLE调味旗舰店,9126682,A01三鲜鸡精40x180克(二维码),太太乐三鲜鸡精调味料40×180g（二维码）,三鲜鸡精,2.0,14.74,7.8,山东省,青岛市,胶州市
3月,2026-03-11,2026,3,11,家凯拼多多,太太乐旗舰店,9126682,A01三鲜鸡精40x180克(二维码),太太乐三鲜鸡精调味料40×180g（二维码）,三鲜鸡精,1.0,7.5753,7.8,山西省,太原市,尖草坪区
3月,2026-03-11,2026,3,11,家凯拼多多,太太乐旗舰店,9126682,A01三鲜鸡精40x180克(二维码),太太乐三鲜鸡精调味料40×180g（二维码）,三鲜鸡精,1.0,10.9,7.8,山西省,忻州市,繁峙县
3月,2026-03-11,2026,3,11,家凯拼多多,太太乐旗舰店,9126682,A01三鲜鸡精40x180克(二维码),太太乐三鲜鸡精调味料40×180g（二维码）,三鲜鸡精,1.0,9.122,7.8,广东省,佛山市,南海区
3月,2026-03-11,2026,3,11,家凯拼多多,太太乐旗舰店,9126682,A01三鲜鸡精40x180克(二维码),太太乐三鲜鸡精调味料40×180g（二维码）,三鲜鸡精,1.0,9.122,7.8,广东省,深圳市,南山区
3月,2026-03-11,2026,3,11,家凯拼多多,太太乐旗舰店,9126682,A01三鲜鸡精40x180克(二维码),太太乐三鲜鸡精调味料40×180g（二维码）,三鲜鸡精,3.0,23.7306,7.8,广东省,深圳市,坪山区
3月,2026-03-11,2026,3,11,家凯拼多多,太太乐TOTOLE调味旗舰店,9126682,A01三鲜鸡精40x180克(二维码),太太乐三鲜鸡精调味料40×180g（二维码）,三鲜鸡精,2.0,15.9,7.8,广东省,深圳市,宝安区
3月,2026-03-11,2026,3,11,家凯拼多多,太太乐旗舰店,9126682,A01三鲜鸡精40x180克(二维码),太太乐三鲜鸡精调味料40×180g（二维码）,三鲜鸡精,1.0,7.7537,7.8,广东省,深圳市,龙岗区
3月,2026-03-11,2026,3,11,家凯拼多多,太太乐旗舰店,9126682,A01三鲜鸡精40x180克(二维码),太太乐三鲜鸡精调味料40×180g（二维码）,三鲜鸡精,3.0,16.6113,7.8,广东省,潮州市,饶平县
3月,2026-03-11,2026,3,11,家凯拼多多,太太乐TOTOLE调味旗舰店,9126682,A01三鲜鸡精40x180克(二维码),太太乐三鲜鸡精调味料40×180g（二维码）,三鲜鸡精,2.0,13.9,7.8,广东省,珠海市,香洲区
3月,2026-03-11,2026,3,11,家凯拼多多,太太乐旗舰店,9126682,A01三鲜鸡精40x180克(二维码),太太乐三鲜鸡精调味料40×180g（二维码）,三鲜鸡精,1.0,9.122,7.8,广东省,珠海市,香洲区
3月,2026-03-11,2026,3,11,家凯拼多多,太太乐旗舰店,9126682,A01三鲜鸡精40x180克(二维码),太太乐三鲜鸡精调味料40×180g（二维码）,三鲜鸡精,1.0,7.4827,7.8,广西壮族自治区,柳州市,鹿寨县
3月,2026-03-11,2026,3,11,家凯拼多多,太太乐旗舰店,9126682,A01三鲜鸡精40x180克(二维码),太太乐三鲜鸡精调味料40×180g（二维码）,三鲜鸡精,1.0,9.122,7.8,江苏省,无锡市,惠山区
3月,2026-03-11,2026,3,11,家凯拼多多,太太乐旗舰店,9126682,A01三鲜鸡精40x180克(二维码),太太乐三鲜鸡精调味料40×180g（二维码）,三鲜鸡精,1.0,7.1192,7.8,江苏省,无锡市,江阴市
3月,2026-03-11,2026,3,11,家凯拼多多,太太乐旗舰店,9126682,A01三鲜鸡精40x180克(二维码),太太乐三鲜鸡精调味料40×180g（二维码）,三鲜鸡精,1.0,9.122,7.8,江苏省,泰州市,海陵区
3月,2026-03-11,2026,3,11,家凯拼多多,太太乐旗舰店,9126682,A01三鲜鸡精40x180克(二维码),太太乐三鲜鸡精调味料40×180g（二维码）,三鲜鸡精,1.0,10.9,7.8,江苏省,苏州市,吴江区
3月,2026-03-11,2026,3,11,家凯拼多多,太太乐旗舰店,9126682,A01三鲜鸡精40x180克(二维码),太太乐三鲜鸡精调味料40×180g（二维码）,三鲜鸡精,1.0,5.1559,7.8,江苏省,苏州市,工业园区
3月,2026-03-11,2026,3,11,家凯拼多多,太太乐旗舰店,9126682,A01三鲜鸡精40x180克(二维码),太太乐三鲜鸡精调味料40×180g（二维码）,三鲜鸡精,1.0,9.122,7.8,江苏省,苏州市,昆山市
3月,2026-03-11,2026,3,11,家凯拼多多,太太乐旗舰店,9126682,A01三鲜鸡精40x180克(二维码),太太乐三鲜鸡精调味料40×180g（二维码）,三鲜鸡精,2.0,13.3526,7.8,江西省,吉安市,万安县
3月,2026-03-11,2026,3,11,家凯拼多多,太太乐旗舰店,9126682,A01三鲜鸡精40x180克(二维码),太太乐三鲜鸡精调味料40×180g（二维码）,三鲜鸡精,2.0,17.1204,7.8,河南省,漯河市,郾城区
3月,2026-03-11,2026,3,11,家凯拼多多,太太乐调味料专卖店,9126682,A01三鲜鸡精40x180克(二维码),太太乐三鲜鸡精调味料40×180g（二维码）,三鲜鸡精,40.0,254.54,7.8,浙江省,台州市,天台县
3月,2026-03-11,2026,3,11,家凯拼多多,太太乐旗舰店,9126682,A01三鲜鸡精40x180克(二维码),太太乐三鲜鸡精调味料40×180g（二维码）,三鲜鸡精,1.0,9.122,7.8,浙江省,嘉兴市,桐乡市
3月,2026-03-11,2026,3,11,家凯拼多多,太太乐旗舰店,9126682,A01三鲜鸡精40x180克(二维码),太太乐三鲜鸡精调味料40×180g（二维码）,三鲜鸡精,3.0,25.8999,7.8,浙江省,杭州市,萧山区
3月,2026-03-11,2026,3,11,家凯拼多多,太太乐旗舰店,9126682,A01三鲜鸡精40x180克(二维码),太太乐三鲜鸡精调味料40×180g（二维码）,三鲜鸡精,1.0,7.8463,7.8,浙江省,温州市,平阳县
3月,2026-03-11,2026,3,11,家凯拼多多,太太乐旗舰店,9126682,A01三鲜鸡精40x180克(二维码),太太乐三鲜鸡精调味料40×180g（二维码）,三鲜鸡精,1.0,3.72,7.8,浙江省,温州市,瑞安市
3月,2026-03-11,2026,3,11,家凯拼多多,太太乐旗舰店,9126682,A01三鲜鸡精40x180克(二维码),太太乐三鲜鸡精调味料40×180g（二维码）,三鲜鸡精,2.0,17.1204,7.8,浙江省,绍兴市,诸暨市
3月,2026-03-11,2026,3,11,家凯拼多多,太太乐旗舰店,9126682,A01三鲜鸡精40x180克(二维码),太太乐三鲜鸡精调味料40×180g（二维码）,三鲜鸡精,1.0,9.122,7.8,浙江省,金华市,东阳市
3月,2026-03-11,2026,3,11,家凯拼多多,太太乐旗舰店,9126682,A01三鲜鸡精40x180克(二维码),太太乐三鲜鸡精调味料40×180g（二维码）,三鲜鸡精,1.0,7.2976,7.8,浙江省,金华市,永康市
3月,2026-03-11,2026,3,11,家凯拼多多,太太乐TOTOLE调味旗舰店,9126682,A01三鲜鸡精40x180克(二维码),太太乐三鲜鸡精调味料40×180g（二维码）,三鲜鸡精,2.0,18.9,7.8,海南省,海口市,琼山区
3月,2026-03-11,2026,3,11,家凯拼多多,太太乐旗舰店,9126682,A01三鲜鸡精40x180克(二维码),太太乐三鲜鸡精调味料40×180g（二维码）,三鲜鸡精,1.0,7.2976,7.8,海南省,海口市,龙华区
3月,2026-03-11,2026,3,11,家凯拼多多,太太乐旗舰店,9126682,A01三鲜鸡精40x180克(二维码),太太乐三鲜鸡精调味料40×180g（二维码）,三鲜鸡精,1.0,9.122,7.8,海南省,省直辖县级行政区划,昌江黎族自治县
3月,2026-03-11,2026,3,11,家凯拼多多,太太乐旗舰店,9126682,A01三鲜鸡精40x180克(二维码),太太乐三鲜鸡精调味料40×180g（二维码）,三鲜鸡精,1.0,8.0314,7.8,湖北省,咸宁市,通山县
3月,2026-03-11,2026,3,11,家凯拼多多,太太乐旗舰店,9126682,A01三鲜鸡精40x180克(二维码),太太乐三鲜鸡精调味料40×180g（二维码）,三鲜鸡精,2.0,13.6962,7.8,湖北省,黄石市,西塞山区
3月,2026-03-11,2026,3,11,家凯拼多多,太太乐旗舰店,9126682,A01三鲜鸡精40x180克(二维码),太太乐三鲜鸡精调味料40×180g（二维码）,三鲜鸡精,1.0,7.7537,7.8,湖南省,长沙市,望城区
3月,2026-03-11,2026,3,11,家凯拼多多,太太乐旗舰店,9126682,A01三鲜鸡精40x180克(二维码),太太乐三鲜鸡精调味料40×180g（二维码）,三鲜鸡精,1.0,9.122,7.8,福建省,龙岩市,连城县
3月,2026-03-11,2026,3,11,家凯拼多多,太太乐旗舰店,9126682,A01三鲜鸡精40x180克(二维码),太太乐三鲜鸡精调味料40×180g（二维码）,三鲜鸡精,1.0,5.8169,7.8,贵州省,铜仁市,碧江区
3月,2026-03-11,2026,3,11,家凯拼多多,太太乐家凯专卖店,9126682,A01三鲜鸡精40x180克(二维码),太太乐三鲜鸡精调味料40×180g（二维码）,三鲜鸡精,15.0,90.0,7.8,辽宁省,抚顺市,望花区
3月,2026-03-11,2026,3,11,家凯拼多多,太太乐旗舰店,9126682,A01三鲜鸡精40x180克(二维码),太太乐三鲜鸡精调味料40×180g（二维码）,三鲜鸡精,1.0,9.122,7.8,辽宁省,沈阳市,大东区
3月,2026-03-11,2026,3,11,家凯拼多多,太太乐旗舰店,9126682,A01三鲜鸡精40x180克(二维码),太太乐三鲜鸡精调味料40×180g（二维码）,三鲜鸡精,1.0,5.8169,7.8,陕西省,延安市,延长县
3月,2026-03-11,2026,3,11,家凯拼多多,太太乐TOTOLE调味旗舰店,9126682,A01三鲜鸡精40x180克(二维码),太太乐三鲜鸡精调味料40×180g（二维码）,三鲜鸡精,1.0,10.9,7.8,陕西省,西安市,碑林区
3月,2026-03-11,2026,3,11,家凯拼多多,太太乐TOTOLE调味旗舰店,9126682,A01三鲜鸡精40x180克(二维码),太太乐三鲜鸡精调味料40×180g（二维码）,三鲜鸡精,2.0,18.9,7.8,黑龙江省,哈尔滨市,松北区
3月,2026-03-12,2026,3,12,家凯拼多多,太太乐TOTOLE调味旗舰店,9126682,A01三鲜鸡精40x180克(二维码),太太乐三鲜鸡精调味料40×180g（二维码）,三鲜鸡精,3.0,26.9001,7.8,上海,上海市,宝山区
3月,2026-03-12,2026,3,12,家凯拼多多,太太乐旗舰店,9126682,A01三鲜鸡精40x180克(二维码),太太乐三鲜鸡精调味料40×180g（二维码）,三鲜鸡精,1.0,9.122,7.8,上海,上海市,宝山区
3月,2026-03-12,2026,3,12,家凯拼多多,太太乐旗舰店,9126682,A01三鲜鸡精40x180克(二维码),太太乐三鲜鸡精调味料40×180g（二维码）,三鲜鸡精,3.0,23.7306,7.8,上海,上海市,松江区
3月,2026-03-12,2026,3,12,家凯拼多多,太太乐旗舰店,9126682,A01三鲜鸡精40x180克(二维码),太太乐三鲜鸡精调味料40×180g（二维码）,三鲜鸡精,1.0,5.8169,7.8,上海,上海市,松江区
3月,2026-03-12,2026,3,12,家凯拼多多,太太乐旗舰店,9126682,A01三鲜鸡精40x180克(二维码),太太乐三鲜鸡精调味料40×180g（二维码）,三鲜鸡精,1.0,9.122,7.8,上海,上海市,浦东新区
3月,2026-03-12,2026,3,12,家凯拼多多,太太乐旗舰店,9126682,A01三鲜鸡精40x180克(二维码),太太乐三鲜鸡精调味料40×180g（二维码）,三鲜鸡精,1.0,9.122,7.8,上海,上海市,浦东新区
3月,2026-03-12,2026,3,12,家凯拼多多,太太乐旗舰店,9126682,A01三鲜鸡精40x180克(二维码),太太乐三鲜鸡精调味料40×180g（二维码）,三鲜鸡精,1.0,10.9,7.8,上海,上海市,青浦区
3月,2026-03-12,2026,3,12,家凯拼多多,太太乐旗舰店,9126682,A01三鲜鸡精40x180克(二维码),太太乐三鲜鸡精调味料40×180g（二维码）,三鲜鸡精,2.0,17.1204,7.8,上海,上海市,黄浦区
3月,2026-03-12,2026,3,12,家凯拼多多,太太乐旗舰店,9126682,A01三鲜鸡精40x180克(二维码),太太乐三鲜鸡精调味料40×180g（二维码）,三鲜鸡精,1.0,7.7537,7.8,云南省,昆明市,晋宁区
3月,2026-03-12,2026,3,12,家凯拼多多,太太乐旗舰店,9126682,A01三鲜鸡精40x180克(二维码),太太乐三鲜鸡精调味料40×180g（二维码）,三鲜鸡精,1.0,9.122,7.8,北京,北京市,海淀区
3月,2026-03-12,2026,3,12,家凯拼多多,太太乐旗舰店,9126682,A01三鲜鸡精40x180克(二维码),太太乐三鲜鸡精调味料40×180g（二维码）,三鲜鸡精,3.0,20.7201,7.8,四川省,宜宾市,翠屏区
3月,2026-03-12,2026,3,12,家凯拼多多,太太乐旗舰店,9126682,A01三鲜鸡精40x180克(二维码),太太乐三鲜鸡精调味料40×180g（二维码）,三鲜鸡精,1.0,10.9,7.8,四川省,成都市,金牛区
3月,2026-03-12,2026,3,12,家凯拼多多,太太乐旗舰店,9126682,A01三鲜鸡精40x180克(二维码),太太乐三鲜鸡精调味料40×180g（二维码）,三鲜鸡精,2.0,16.109,7.8,四川省,泸州市,龙马潭区
3月,2026-03-12,2026,3,12,家凯拼多多,太太乐旗舰店,9126682,A01三鲜鸡精40x180克(二维码),太太乐三鲜鸡精调味料40×180g（二维码）,三鲜鸡精,1.0,7.7537,7.8,四川省,眉山市,东坡区
3月,2026-03-12,2026,3,12,家凯拼多多,太太乐旗舰店,9126682,A01三鲜鸡精40x180克(二维码),太太乐三鲜鸡精调味料40×180g（二维码）,三鲜鸡精,1.0,9.122,7.8,安徽省,合肥市,巢湖市
3月,2026-03-12,2026,3,12,家凯拼多多,太太乐旗舰店,9126682,A01三鲜鸡精40x180克(二维码),太太乐三鲜鸡精调味料40×180g（二维码）,三鲜鸡精,1.0,9.122,7.8,安徽省,合肥市,高新技术开发区
3月,2026-03-12,2026,3,12,家凯拼多多,太太乐旗舰店,9126682,A01三鲜鸡精40x180克(二维码),太太乐三鲜鸡精调味料40×180g（二维码）,三鲜鸡精,1.0,9.122,7.8,安徽省,宣城市,郎溪县
3月,2026-03-12,2026,3,12,家凯拼多多,太太乐旗舰店,9126682,A01三鲜鸡精40x180克(二维码),太太乐三鲜鸡精调味料40×180g（二维码）,三鲜鸡精,1.0,7.7537,7.8,安徽省,马鞍山市,含山县
3月,2026-03-12,2026,3,12,家凯拼多多,太太乐旗舰店,9126682,A01三鲜鸡精40x180克(二维码),太太乐三鲜鸡精调味料40×180g（二维码）,三鲜鸡精,1.0,9.122,7.8,山东省,临沂市,郯城县
3月,2026-03-12,2026,3,12,家凯拼多多,太太乐旗舰店,9126682,A01三鲜鸡精40x180克(二维码),太太乐三鲜鸡精调味料40×180g（二维码）,三鲜鸡精,1.0,9.122,7.8,山东省,威海市,环翠区
3月,2026-03-12,2026,3,12,家凯拼多多,太太乐旗舰店,9126682,A01三鲜鸡精40x180克(二维码),太太乐三鲜鸡精调味料40×180g（二维码）,三鲜鸡精,1.0,9.122,7.8,山东省,枣庄市,山亭区
3月,2026-03-12,2026,3,12,家凯拼多多,太太乐旗舰店,9126682,A01三鲜鸡精40x180克(二维码),太太乐三鲜鸡精调味料40×180g（二维码）,三鲜鸡精,1.0,9.122,7.8,山东省,烟台市,福山区
3月,2026-03-12,2026,3,12,家凯拼多多,太太乐旗舰店,9126682,A01三鲜鸡精40x180克(二维码),太太乐三鲜鸡精调味料40×180g（二维码）,三鲜鸡精,1.0,9.122,7.8,山东省,青岛市,胶州市
3月,2026-03-12,2026,3,12,家凯拼多多,太太乐TOTOLE调味旗舰店,9126682,A01三鲜鸡精40x180克(二维码),太太乐三鲜鸡精调味料40×180g（二维码）,三鲜鸡精,1.0,10.9,7.8,广东省,东莞市,长安镇
3月,2026-03-12,2026,3,12,家凯拼多多,太太乐旗舰店,9126682,A01三鲜鸡精40x180克(二维码),太太乐三鲜鸡精调味料40×180g（二维码）,三鲜鸡精,1.0,9.122,7.8,广东省,中山市,大涌镇
3月,2026-03-12,2026,3,12,家凯拼多多,太太乐TOTOLE调味旗舰店,9126682,A01三鲜鸡精40x180克(二维码),太太乐三鲜鸡精调味料40×180g（二维码）,三鲜鸡精,5.0,35.9,7.8,广东省,佛山市,三水区
3月,2026-03-12,2026,3,12,家凯拼多多,太太乐旗舰店,9126682,A01三鲜鸡精40x180克(二维码),太太乐三鲜鸡精调味料40×180g（二维码）,三鲜鸡精,1.0,7.7537,7.8,广东省,佛山市,三水区
3月,2026-03-12,2026,3,12,家凯拼多多,太太乐旗舰店,9126682,A01三鲜鸡精40x180克(二维码),太太乐三鲜鸡精调味料40×180g（二维码）,三鲜鸡精,1.0,8.18,7.8,广东省,广州市,番禺区
3月,2026-03-12,2026,3,12,家凯拼多多,太太乐旗舰店,9126682,A01三鲜鸡精40x180克(二维码),太太乐三鲜鸡精调味料40×180g（二维码）,三鲜鸡精,3.0,20.7201,7.8,广东省,惠州市,惠城区
3月,2026-03-12,2026,3,12,家凯拼多多,太太乐旗舰店,9126682,A01三鲜鸡精40x180克(二维码),太太乐三鲜鸡精调味料40×180g（二维码）,三鲜鸡精,1.0,9.122,7.8,广东省,惠州市,惠城区
3月,2026-03-12,2026,3,12,家凯拼多多,太太乐TOTOLE调味旗舰店,9126682,A01三鲜鸡精40x180克(二维码),太太乐三鲜鸡精调味料40×180g（二维码）,三鲜鸡精,1.0,10.9,7.8,广东省,汕尾市,海丰县
3月,2026-03-12,2026,3,12,家凯拼多多,太太乐旗舰店,9126682,A01三鲜鸡精40x180克(二维码),太太乐三鲜鸡精调味料40×180g（二维码）,三鲜鸡精,1.0,2.5119,7.8,广西壮族自治区,南宁市,良庆区
3月,2026-03-12,2026,3,12,家凯拼多多,太太乐旗舰店,9126682,A01三鲜鸡精40x180克(二维码),太太乐三鲜鸡精调味料40×180g（二维码）,三鲜鸡精,1.0,9.122,7.8,江苏省,南京市,江宁区
3月,2026-03-12,2026,3,12,家凯拼多多,太太乐旗舰店,9126682,A01三鲜鸡精40x180克(二维码),太太乐三鲜鸡精调味料40×180g（二维码）,三鲜鸡精,3.0,20.7201,7.8,江苏省,南京市,雨花台区
3月,2026-03-12,2026,3,12,家凯拼多多,太太乐旗舰店,9126682,A01三鲜鸡精40x180克(二维码),太太乐三鲜鸡精调味料40×180g（二维码）,三鲜鸡精,2.0,21.59,7.8,江苏省,盐城市,亭湖区
3月,2026-03-12,2026,3,12,家凯拼多多,太太乐旗舰店,9126682,A01三鲜鸡精40x180克(二维码),太太乐三鲜鸡精调味料40×180g（二维码）,三鲜鸡精,2.0,13.6962,7.8,江苏省,盐城市,建湖县
3月,2026-03-12,2026,3,12,家凯拼多多,太太乐旗舰店,9126682,A01三鲜鸡精40x180克(二维码),太太乐三鲜鸡精调味料40×180g（二维码）,三鲜鸡精,1.0,9.122,7.8,江苏省,连云港市,灌南县
3月,2026-03-12,2026,3,12,家凯拼多多,太太乐旗舰店,9126682,A01三鲜鸡精40x180克(二维码),太太乐三鲜鸡精调味料40×180g（二维码）,三鲜鸡精,1.0,9.122,7.8,江西省,宜春市,樟树市
3月,2026-03-12,2026,3,12,家凯拼多多,太太乐调味料专卖店,9126682,A01三鲜鸡精40x180克(二维码),太太乐三鲜鸡精调味料40×180g（二维码）,三鲜鸡精,40.0,251.68,7.8,河北省,保定市,定州市
3月,2026-03-12,2026,3,12,家凯拼多多,太太乐旗舰店,9126682,A01三鲜鸡精40x180克(二维码),太太乐三鲜鸡精调味料40×180g（二维码）,三鲜鸡精,1.0,7.7537,7.8,河南省,信阳市,罗山县
3月,2026-03-12,2026,3,12,家凯拼多多,太太乐家凯专卖店,9126682,A01三鲜鸡精40x180克(二维码),太太乐三鲜鸡精调味料40×180g（二维码）,三鲜鸡精,15.0,100.0005,7.8,河南省,洛阳市,汝阳县
3月,2026-03-12,2026,3,12,家凯拼多多,太太乐旗舰店,9126682,A01三鲜鸡精40x180克(二维码),太太乐三鲜鸡精调味料40×180g（二维码）,三鲜鸡精,1.0,8.6659,7.8,河南省,许昌市,魏都区
3月,2026-03-12,2026,3,12,家凯拼多多,太太乐旗舰店,9126682,A01三鲜鸡精40x180克(二维码),太太乐三鲜鸡精调味料40×180g（二维码）,三鲜鸡精,1.0,9.122,7.8,浙江省,嘉兴市,嘉善县
3月,2026-03-12,2026,3,12,家凯拼多多,太太乐旗舰店,9126682,A01三鲜鸡精40x180克(二维码),太太乐三鲜鸡精调味料40×180g（二维码）,三鲜鸡精,1.0,7.7537,7.8,浙江省,嘉兴市,桐乡市
3月,2026-03-12,2026,3,12,家凯拼多多,太太乐旗舰店,9126682,A01三鲜鸡精40x180克(二维码),太太乐三鲜鸡精调味料40×180g（二维码）,三鲜鸡精,1.0,8.51,7.8,浙江省,杭州市,余杭区
3月,2026-03-12,2026,3,12,家凯拼多多,太太乐旗舰店,9126682,A01三鲜鸡精40x180克(二维码),太太乐三鲜鸡精调味料40×180g（二维码）,三鲜鸡精,1.0,9.27,7.8,浙江省,杭州市,拱墅区
3月,2026-03-12,2026,3,12,家凯拼多多,太太乐旗舰店,9126682,A01三鲜鸡精40x180克(二维码),太太乐三鲜鸡精调味料40×180g（二维码）,三鲜鸡精,3.0,18.1299,7.8,浙江省,温州市,瓯海区
3月,2026-03-12,2026,3,12,家凯拼多多,太太乐旗舰店,9126682,A01三鲜鸡精40x180克(二维码),太太乐三鲜鸡精调味料40×180g（二维码）,三鲜鸡精,1.0,9.0361,7.8,浙江省,湖州市,吴兴区
3月,2026-03-12,2026,3,12,家凯拼多多,太太乐调味料专卖店,9126682,A01三鲜鸡精40x180克(二维码),太太乐三鲜鸡精调味料40×180g（二维码）,三鲜鸡精,40.0,263.12,7.8,海南省,省直辖县级行政区划,万宁市
3月,2026-03-12,2026,3,12,家凯拼多多,太太乐调味料专卖店,9126682,A01三鲜鸡精40x180克(二维码),太太乐三鲜鸡精调味料40×180g（二维码）,三鲜鸡精,40.0,286.0,7.8,海南省,省直辖县级行政区划,临高县
3月,2026-03-12,2026,3,12,家凯拼多多,太太乐家凯专卖店,9126682,A01三鲜鸡精40x180克(二维码),太太乐三鲜鸡精调味料40×180g（二维码）,三鲜鸡精,15.0,90.0,7.8,海南省,省直辖县级行政区划,澄迈县
3月,2026-03-12,2026,3,12,家凯拼多多,太太乐TOTOLE调味旗舰店,9126682,A01三鲜鸡精40x180克(二维码),太太乐三鲜鸡精调味料40×180g（二维码）,三鲜鸡精,2.0,18.9,7.8,海南省,省直辖县级行政区划,澄迈县
3月,2026-03-12,2026,3,12,家凯拼多多,太太乐旗舰店,9126682,A01三鲜鸡精40x180克(二维码),太太乐三鲜鸡精调味料40×180g（二维码）,三鲜鸡精,1.0,7.63,7.8,湖北省,孝感市,汉川市
3月,2026-03-12,2026,3,12,家凯拼多多,太太乐调味料专卖店,9126682,A01三鲜鸡精40x180克(二维码),太太乐三鲜鸡精调味料40×180g（二维码）,三鲜鸡精,40.0,286.0,7.8,湖北省,宜昌市,猇亭区
3月,2026-03-12,2026,3,12,家凯拼多多,太太乐旗舰店,9126682,A01三鲜鸡精40x180克(二维码),太太乐三鲜鸡精调味料40×180g（二维码）,三鲜鸡精,1.0,9.122,7.8,湖北省,武汉市,江夏区
3月,2026-03-12,2026,3,12,家凯拼多多,太太乐旗舰店,9126682,A01三鲜鸡精40x180克(二维码),太太乐三鲜鸡精调味料40×180g（二维码）,三鲜鸡精,1.0,9.122,7.8,福建省,宁德市,古田县
3月,2026-03-12,2026,3,12,家凯拼多多,太太乐TOTOLE调味旗舰店,9126682,A01三鲜鸡精40x180克(二维码),太太乐三鲜鸡精调味料40×180g（二维码）,三鲜鸡精,1.0,8.17,7.8,福建省,福州市,仓山区
3月,2026-03-12,2026,3,12,家凯拼多多,太太乐旗舰店,9126682,A01三鲜鸡精40x180克(二维码),太太乐三鲜鸡精调味料40×180g（二维码）,三鲜鸡精,1.0,8.18,7.8,贵州省,安顺市,平坝区
3月,2026-03-12,2026,3,12,家凯拼多多,太太乐旗舰店,9126682,A01三鲜鸡精40x180克(二维码),太太乐三鲜鸡精调味料40×180g（二维码）,三鲜鸡精,1.0,7.2976,7.8,贵州省,贵阳市,花溪区
3月,2026-03-12,2026,3,12,家凯拼多多,太太乐旗舰店,9126682,A01三鲜鸡精40x180克(二维码),太太乐三鲜鸡精调味料40×180g（二维码）,三鲜鸡精,1.0,9.27,7.8,重庆,重庆市,璧山区
3月,2026-03-12,2026,3,12,家凯拼多多,太太乐TOTOLE调味旗舰店,9126682,A01三鲜鸡精40x180克(二维码),太太乐三鲜鸡精调味料40×180g（二维码）,三鲜鸡精,3.0,26.9001,7.8,陕西省,咸阳市,渭城区
3月,2026-03-12,2026,3,12,家凯拼多多,太太乐旗舰店,9126682,A01三鲜鸡精40x180克(二维码),太太乐三鲜鸡精调味料40×180g（二维码）,三鲜鸡精,1.0,8.0314,7.8,陕西省,西安市,高陵区
3月,2026-03-12,2026,3,12,家凯拼多多,太太乐旗舰店,9126682,A01三鲜鸡精40x180克(二维码),太太乐三鲜鸡精调味料40×180g（二维码）,三鲜鸡精,1.0,7.7537,7.8,黑龙江省,黑河市,爱辉区
3月,2026-03-13,2026,3,13,家凯拼多多,太太乐旗舰店,9126682,A01三鲜鸡精40x180克(二维码),太太乐三鲜鸡精调味料40×180g（二维码）,三鲜鸡精,1.0,10.9,7.8,上海,上海市,松江区
3月,2026-03-13,2026,3,13,家凯拼多多,太太乐旗舰店,9126682,A01三鲜鸡精40x180克(二维码),太太乐三鲜鸡精调味料40×180g（二维码）,三鲜鸡精,1.0,9.122,7.8,上海,上海市,浦东新区
3月,2026-03-13,2026,3,13,家凯拼多多,太太乐旗舰店,9126682,A01三鲜鸡精40x180克(二维码),太太乐三鲜鸡精调味料40×180g（二维码）,三鲜鸡精,1.0,7.139,7.8,上海,上海市,浦东新区
3月,2026-03-13,2026,3,13,家凯拼多多,太太乐旗舰店,9126682,A01三鲜鸡精40x180克(二维码),太太乐三鲜鸡精调味料40×180g（二维码）,三鲜鸡精,1.0,6.9341,7.8,云南省,昆明市,西山区
3月,2026-03-13,2026,3,13,家凯拼多多,太太乐旗舰店,9126682,A01三鲜鸡精40x180克(二维码),太太乐三鲜鸡精调味料40×180g（二维码）,三鲜鸡精,2.0,17.1204,7.8,内蒙古自治区,鄂尔多斯市,达拉特旗
3月,2026-03-13,2026,3,13,家凯拼多多,太太乐旗舰店,9126682,A01三鲜鸡精40x180克(二维码),太太乐三鲜鸡精调味料40×180g（二维码）,三鲜鸡精,1.0,9.122,7.8,宁夏回族自治区,固原市,西吉县
3月,2026-03-13,2026,3,13,家凯拼多多,太太乐旗舰店,9126682,A01三鲜鸡精40x180克(二维码),太太乐三鲜鸡精调味料40×180g（二维码）,三鲜鸡精,1.0,7.7537,7.8,安徽省,安庆市,大观区
3月,2026-03-13,2026,3,13,家凯拼多多,太太乐旗舰店,9126682,A01三鲜鸡精40x180克(二维码),太太乐三鲜鸡精调味料40×180g（二维码）,三鲜鸡精,3.0,22.5474,7.8,安徽省,安庆市,宜秀区
3月,2026-03-13,2026,3,13,家凯拼多多,太太乐旗舰店,9126682,A01三鲜鸡精40x180克(二维码),太太乐三鲜鸡精调味料40×180g（二维码）,三鲜鸡精,1.0,9.122,7.8,安徽省,宣城市,郎溪县
3月,2026-03-13,2026,3,13,家凯拼多多,太太乐旗舰店,9126682,A01三鲜鸡精40x180克(二维码),太太乐三鲜鸡精调味料40×180g（二维码）,三鲜鸡精,2.0,14.0928,7.8,安徽省,蚌埠市,龙子湖区
3月,2026-03-13,2026,3,13,家凯拼多多,太太乐旗舰店,9126682,A01三鲜鸡精40x180克(二维码),太太乐三鲜鸡精调味料40×180g（二维码）,三鲜鸡精,1.0,9.122,7.8,山东省,威海市,环翠区
3月,2026-03-13,2026,3,13,家凯拼多多,太太乐TOTOLE调味旗舰店,9126682,A01三鲜鸡精40x180克(二维码),太太乐三鲜鸡精调味料40×180g（二维码）,三鲜鸡精,3.0,26.9001,7.8,山东省,聊城市,东昌府区
3月,2026-03-13,2026,3,13,家凯拼多多,太太乐旗舰店,9126682,A01三鲜鸡精40x180克(二维码),太太乐三鲜鸡精调味料40×180g（二维码）,三鲜鸡精,1.0,6.7556,7.8,山东省,青岛市,胶州市
3月,2026-03-13,2026,3,13,家凯拼多多,太太乐TOTOLE调味旗舰店,9126682,A01三鲜鸡精40x180克(二维码),太太乐三鲜鸡精调味料40×180g（二维码）,三鲜鸡精,3.0,26.9001,7.8,广东省,佛山市,三水区
3月,2026-03-13,2026,3,13,家凯拼多多,太太乐旗舰店,9126682,A01三鲜鸡精40x180克(二维码),太太乐三鲜鸡精调味料40×180g（二维码）,三鲜鸡精,2.0,17.1204,7.8,广东省,佛山市,南海区
3月,2026-03-13,2026,3,13,家凯拼多多,太太乐旗舰店,9126682,A01三鲜鸡精40x180克(二维码),太太乐三鲜鸡精调味料40×180g（二维码）,三鲜鸡精,1.0,9.122,7.8,广东省,佛山市,南海区
3月,2026-03-13,2026,3,13,家凯拼多多,太太乐旗舰店,9126682,A01三鲜鸡精40x180克(二维码),太太乐三鲜鸡精调味料40×180g（二维码）,三鲜鸡精,1.0,7.7537,7.8,广东省,广州市,增城区
3月,2026-03-13,2026,3,13,家凯拼多多,太太乐旗舰店,9126682,A01三鲜鸡精40x180克(二维码),太太乐三鲜鸡精调味料40×180g（二维码）,三鲜鸡精,1.0,9.122,7.8,广东省,广州市,白云区
3月,2026-03-13,2026,3,13,家凯拼多多,太太乐旗舰店,9126682,A01三鲜鸡精40x180克(二维码),太太乐三鲜鸡精调味料40×180g（二维码）,三鲜鸡精,2.0,17.1204,7.8,广东省,广州市,黄埔区
3月,2026-03-13,2026,3,13,家凯拼多多,太太乐旗舰店,9126682,A01三鲜鸡精40x180克(二维码),太太乐三鲜鸡精调味料40×180g（二维码）,三鲜鸡精,3.0,18.9843,7.8,广东省,惠州市,惠城区
3月,2026-03-13,2026,3,13,家凯拼多多,太太乐TOTOLE调味旗舰店,9126682,A01三鲜鸡精40x180克(二维码),太太乐三鲜鸡精调味料40×180g（二维码）,三鲜鸡精,3.0,26.9001,7.8,广东省,汕头市,澄海区
3月,2026-03-13,2026,3,13,家凯拼多多,太太乐旗舰店,9126682,A01三鲜鸡精40x180克(二维码),太太乐三鲜鸡精调味料40×180g（二维码）,三鲜鸡精,3.0,15.2901,7.8,广西壮族自治区,南宁市,江南区
3月,2026-03-13,2026,3,13,家凯拼多多,太太乐调味料专卖店,9126682,A01三鲜鸡精40x180克(二维码),太太乐三鲜鸡精调味料40×180g（二维码）,三鲜鸡精,15.0,94.9995,7.8,江苏省,南通市,如皋市
3月,2026-03-13,2026,3,13,家凯拼多多,太太乐旗舰店,9126682,A01三鲜鸡精40x180克(二维码),太太乐三鲜鸡精调味料40×180g（二维码）,三鲜鸡精,2.0,14.549,7.8,江苏省,淮安市,清河区
3月,2026-03-13,2026,3,13,家凯拼多多,太太乐旗舰店,9126682,A01三鲜鸡精40x180克(二维码),太太乐三鲜鸡精调味料40×180g（二维码）,三鲜鸡精,3.0,19.4301,7.8,江苏省,盐城市,大丰区
3月,2026-03-13,2026,3,13,家凯拼多多,太太乐旗舰店,9126682,A01三鲜鸡精40x180克(二维码),太太乐三鲜鸡精调味料40×180g（二维码）,三鲜鸡精,1.0,8.0314,7.8,江苏省,苏州市,吴中区
3月,2026-03-13,2026,3,13,家凯拼多多,太太乐旗舰店,9126682,A01三鲜鸡精40x180克(二维码),太太乐三鲜鸡精调味料40×180g（二维码）,三鲜鸡精,1.0,8.0314,7.8,江苏省,苏州市,常熟市
3月,2026-03-13,2026,3,13,家凯拼多多,太太乐旗舰店,9126682,A01三鲜鸡精40x180克(二维码),太太乐三鲜鸡精调味料40×180g（二维码）,三鲜鸡精,3.0,21.5001,7.8,江苏省,苏州市,虎丘区
3月,2026-03-13,2026,3,13,家凯拼多多,太太乐旗舰店,9126682,A01三鲜鸡精40x180克(二维码),太太乐三鲜鸡精调味料40×180g（二维码）,三鲜鸡精,1.0,8.72,7.8,江苏省,连云港市,赣榆区
3月,2026-03-13,2026,3,13,家凯拼多多,太太乐旗舰店,9126682,A01三鲜鸡精40x180克(二维码),太太乐三鲜鸡精调味料40×180g（二维码）,三鲜鸡精,1.0,7.7537,7.8,江西省,上饶市,广丰区
3月,2026-03-13,2026,3,13,家凯拼多多,太太乐旗舰店,9126682,A01三鲜鸡精40x180克(二维码),太太乐三鲜鸡精调味料40×180g（二维码）,三鲜鸡精,3.0,19.4301,7.8,江西省,九江市,武宁县
3月,2026-03-13,2026,3,13,家凯拼多多,太太乐旗舰店,9126682,A01三鲜鸡精40x180克(二维码),太太乐三鲜鸡精调味料40×180g（二维码）,三鲜鸡精,1.0,7.2117,7.8,江西省,赣州市,南康区
3月,2026-03-13,2026,3,13,家凯拼多多,太太乐旗舰店,9126682,A01三鲜鸡精40x180克(二维码),太太乐三鲜鸡精调味料40×180g（二维码）,三鲜鸡精,1.0,6.3854,7.8,浙江省,嘉兴市,南湖区
3月,2026-03-13,2026,3,13,家凯拼多多,太太乐调味料专卖店,9126682,A01三鲜鸡精40x180克(二维码),太太乐三鲜鸡精调味料40×180g（二维码）,三鲜鸡精,40.0,286.0,7.8,浙江省,宁波市,鄞州区
3月,2026-03-13,2026,3,13,家凯拼多多,太太乐旗舰店,9126682,A01三鲜鸡精40x180克(二维码),太太乐三鲜鸡精调味料40×180g（二维码）,三鲜鸡精,1.0,9.122,7.8,浙江省,杭州市,上城区
3月,2026-03-13,2026,3,13,家凯拼多多,太太乐旗舰店,9126682,A01三鲜鸡精40x180克(二维码),太太乐三鲜鸡精调味料40×180g（二维码）,三鲜鸡精,3.0,25.8999,7.8,浙江省,湖州市,长兴县
3月,2026-03-13,2026,3,13,家凯拼多多,太太乐旗舰店,9126682,A01三鲜鸡精40x180克(二维码),太太乐三鲜鸡精调味料40×180g（二维码）,三鲜鸡精,3.0,22.02,7.8,浙江省,金华市,武义县
3月,2026-03-13,2026,3,13,家凯拼多多,太太乐旗舰店,9126682,A01三鲜鸡精40x180克(二维码),太太乐三鲜鸡精调味料40×180g（二维码）,三鲜鸡精,1.0,8.2098,7.8,浙江省,金华市,浦江县
3月,2026-03-13,2026,3,13,家凯拼多多,太太乐旗舰店,9126682,A01三鲜鸡精40x180克(二维码),太太乐三鲜鸡精调味料40×180g（二维码）,三鲜鸡精,1.0,10.9,7.8,海南省,三亚市,三亚市
3月,2026-03-13,2026,3,13,家凯拼多多,太太乐调味料专卖店,9126682,A01三鲜鸡精40x180克(二维码),太太乐三鲜鸡精调味料40×180g（二维码）,三鲜鸡精,80.0,492.672,7.8,海南省,海口市,秀英区
3月,2026-03-13,2026,3,13,家凯拼多多,太太乐TOTOLE调味旗舰店,9126682,A01三鲜鸡精40x180克(二维码),太太乐三鲜鸡精调味料40×180g（二维码）,三鲜鸡精,2.0,16.07,7.8,海南省,省直辖县级行政区划,澄迈县
3月,2026-03-13,2026,3,13,家凯拼多多,太太乐旗舰店,9126682,A01三鲜鸡精40x180克(二维码),太太乐三鲜鸡精调味料40×180g（二维码）,三鲜鸡精,1.0,7.3902,7.8,海南省,省直辖县级行政区划,琼海市
3月,2026-03-13,2026,3,13,家凯拼多多,太太乐旗舰店,9126682,A01三鲜鸡精40x180克(二维码),太太乐三鲜鸡精调味料40×180g（二维码）,三鲜鸡精,1.0,9.122,7.8,湖北省,孝感市,孝南区
3月,2026-03-13,2026,3,13,家凯拼多多,太太乐旗舰店,9126682,A01三鲜鸡精40x180克(二维码),太太乐三鲜鸡精调味料40×180g（二维码）,三鲜鸡精,1.0,10.9,7.8,湖北省,孝感市,汉川市
3月,2026-03-13,2026,3,13,家凯拼多多,太太乐旗舰店,9126682,A01三鲜鸡精40x180克(二维码),太太乐三鲜鸡精调味料40×180g（二维码）,三鲜鸡精,1.0,8.0314,7.8,湖北省,省直辖县级行政区划,仙桃市
3月,2026-03-13,2026,3,13,家凯拼多多,太太乐旗舰店,9126682,A01三鲜鸡精40x180克(二维码),太太乐三鲜鸡精调味料40×180g（二维码）,三鲜鸡精,1.0,7.2976,7.8,湖北省,省直辖县级行政区划,仙桃市
3月,2026-03-13,2026,3,13,家凯拼多多,太太乐旗舰店,9126682,A01三鲜鸡精40x180克(二维码),太太乐三鲜鸡精调味料40×180g（二维码）,三鲜鸡精,2.0,15.1372,7.8,湖北省,襄阳市,樊城区
3月,2026-03-13,2026,3,13,家凯拼多多,太太乐旗舰店,9126682,A01三鲜鸡精40x180克(二维码),太太乐三鲜鸡精调味料40×180g（二维码）,三鲜鸡精,1.0,7.1192,7.8,湖南省,永州市,冷水滩区
3月,2026-03-13,2026,3,13,家凯拼多多,太太乐旗舰店,9126682,A01三鲜鸡精40x180克(二维码),太太乐三鲜鸡精调味料40×180g（二维码）,三鲜鸡精,1.0,9.122,7.8,湖南省,长沙市,浏阳市
3月,2026-03-13,2026,3,13,家凯拼多多,太太乐旗舰店,9126682,A01三鲜鸡精40x180克(二维码),太太乐三鲜鸡精调味料40×180g（二维码）,三鲜鸡精,1.0,9.122,7.8,甘肃省,兰州市,西固区
3月,2026-03-13,2026,3,13,家凯拼多多,太太乐旗舰店,9126682,A01三鲜鸡精40x180克(二维码),太太乐三鲜鸡精调味料40×180g（二维码）,三鲜鸡精,1.0,12.99,7.8,甘肃省,白银市,白银区
3月,2026-03-13,2026,3,13,家凯拼多多,太太乐旗舰店,9126682,A01三鲜鸡精40x180克(二维码),太太乐三鲜鸡精调味料40×180g（二维码）,三鲜鸡精,1.0,9.122,7.8,福建省,泉州市,丰泽区
3月,2026-03-13,2026,3,13,家凯拼多多,太太乐旗舰店,9126682,A01三鲜鸡精40x180克(二维码),太太乐三鲜鸡精调味料40×180g（二维码）,三鲜鸡精,1.0,9.122,7.8,福建省,莆田市,荔城区
3月,2026-03-13,2026,3,13,家凯拼多多,太太乐TOTOLE调味旗舰店,9126682,A01三鲜鸡精40x180克(二维码),太太乐三鲜鸡精调味料40×180g（二维码）,三鲜鸡精,2.0,18.9,7.8,贵州省,黔南布依族苗族自治州,都匀市
3月,2026-03-13,2026,3,13,家凯拼多多,太太乐旗舰店,9126682,A01三鲜鸡精40x180克(二维码),太太乐三鲜鸡精调味料40×180g（二维码）,三鲜鸡精,2.0,17.1204,7.8,辽宁省,丹东市,东港市
3月,2026-03-13,2026,3,13,家凯拼多多,太太乐旗舰店,9126682,A01三鲜鸡精40x180克(二维码),太太乐三鲜鸡精调味料40×180g（二维码）,三鲜鸡精,1.0,7.1192,7.8,辽宁省,大连市,沙河口区
3月,2026-03-13,2026,3,13,家凯拼多多,太太乐旗舰店,9126682,A01三鲜鸡精40x180克(二维码),太太乐三鲜鸡精调味料40×180g（二维码）,三鲜鸡精,1.0,7.6678,7.8,辽宁省,沈阳市,皇姑区
3月,2026-03-13,2026,3,13,家凯拼多多,太太乐旗舰店,9126682,A01三鲜鸡精40x180克(二维码),太太乐三鲜鸡精调味料40×180g（二维码）,三鲜鸡精,1.0,8.72,7.8,辽宁省,铁岭市,调兵山市
3月,2026-03-13,2026,3,13,家凯拼多多,太太乐旗舰店,9126682,A01三鲜鸡精40x180克(二维码),太太乐三鲜鸡精调味料40×180g（二维码）,三鲜鸡精,1.0,7.2976,7.8,陕西省,咸阳市,渭城区
3月,2026-03-13,2026,3,13,家凯拼多多,太太乐旗舰店,9126682,A01三鲜鸡精40x180克(二维码),太太乐三鲜鸡精调味料40×180g（二维码）,三鲜鸡精,3.0,14.43,7.8,黑龙江省,齐齐哈尔市,龙沙区
3月,2026-03-14,2026,3,14,家凯拼多多,太太乐旗舰店,9126682,A01三鲜鸡精40x180克(二维码),太太乐三鲜鸡精调味料40×180g（二维码）,三鲜鸡精,1.0,9.122,7.8,上海,上海市,浦东新区
3月,2026-03-14,2026,3,14,家凯拼多多,太太乐旗舰店,9126682,A01三鲜鸡精40x180克(二维码),太太乐三鲜鸡精调味料40×180g（二维码）,三鲜鸡精,1.0,9.122,7.8,吉林省,长春市,二道区
3月,2026-03-14,2026,3,14,家凯拼多多,太太乐旗舰店,9126682,A01三鲜鸡精40x180克(二维码),太太乐三鲜鸡精调味料40×180g（二维码）,三鲜鸡精,3.0,25.8999,7.8,四川省,成都市,温江区
3月,2026-03-14,2026,3,14,家凯拼多多,太太乐TOTOLE调味旗舰店,9126682,A01三鲜鸡精40x180克(二维码),太太乐三鲜鸡精调味料40×180g（二维码）,三鲜鸡精,1.0,5.9,7.8,天津,天津市,河东区
3月,2026-03-14,2026,3,14,家凯拼多多,太太乐旗舰店,9126682,A01三鲜鸡精40x180克(二维码),太太乐三鲜鸡精调味料40×180g（二维码）,三鲜鸡精,2.0,15.4084,7.8,山东省,威海市,环翠区
3月,2026-03-14,2026,3,14,家凯拼多多,太太乐旗舰店,9126682,A01三鲜鸡精40x180克(二维码),太太乐三鲜鸡精调味料40×180g（二维码）,三鲜鸡精,1.0,9.122,7.8,山东省,威海市,环翠区
3月,2026-03-14,2026,3,14,家凯拼多多,太太乐TOTOLE调味旗舰店,9126682,A01三鲜鸡精40x180克(二维码),太太乐三鲜鸡精调味料40×180g（二维码）,三鲜鸡精,4.0,32.43,7.8,山东省,烟台市,福山区
3月,2026-03-14,2026,3,14,家凯拼多多,太太乐旗舰店,9126682,A01三鲜鸡精40x180克(二维码),太太乐三鲜鸡精调味料40×180g（二维码）,三鲜鸡精,2.0,17.1204,7.8,山东省,烟台市,芝罘区
3月,2026-03-14,2026,3,14,家凯拼多多,太太乐旗舰店,9126682,A01三鲜鸡精40x180克(二维码),太太乐三鲜鸡精调味料40×180g（二维码）,三鲜鸡精,1.0,9.27,7.8,山东省,青岛市,市北区
3月,2026-03-14,2026,3,14,家凯拼多多,太太乐旗舰店,9126682,A01三鲜鸡精40x180克(二维码),太太乐三鲜鸡精调味料40×180g（二维码）,三鲜鸡精,1.0,7.63,7.8,山东省,青岛市,市北区
3月,2026-03-14,2026,3,14,家凯拼多多,太太乐旗舰店,9126682,A01三鲜鸡精40x180克(二维码),太太乐三鲜鸡精调味料40×180g（二维码）,三鲜鸡精,2.0,13.8152,7.8,山西省,大同市,平城区
3月,2026-03-14,2026,3,14,家凯拼多多,太太乐旗舰店,9126682,A01三鲜鸡精40x180克(二维码),太太乐三鲜鸡精调味料40×180g（二维码）,三鲜鸡精,1.0,8.6659,7.8,广东省,东莞市,企石镇
3月,2026-03-14,2026,3,14,家凯拼多多,太太乐旗舰店,9126682,A01三鲜鸡精40x180克(二维码),太太乐三鲜鸡精调味料40×180g（二维码）,三鲜鸡精,1.0,9.122,7.8,广东省,中山市,南头镇
3月,2026-03-14,2026,3,14,家凯拼多多,太太乐TOTOLE调味旗舰店,9126682,A01三鲜鸡精40x180克(二维码),太太乐三鲜鸡精调味料40×180g（二维码）,三鲜鸡精,1.0,10.9,7.8,广东省,广州市,花都区
3月,2026-03-14,2026,3,14,家凯拼多多,太太乐TOTOLE调味旗舰店,9126682,A01三鲜鸡精40x180克(二维码),太太乐三鲜鸡精调味料40×180g（二维码）,三鲜鸡精,5.0,40.9,7.8,广东省,深圳市,福田区
3月,2026-03-14,2026,3,14,家凯拼多多,太太乐旗舰店,9126682,A01三鲜鸡精40x180克(二维码),太太乐三鲜鸡精调味料40×180g（二维码）,三鲜鸡精,1.0,6.9407,7.8,广东省,深圳市,福田区
3月,2026-03-14,2026,3,14,家凯拼多多,太太乐旗舰店,9126682,A01三鲜鸡精40x180克(二维码),太太乐三鲜鸡精调味料40×180g（二维码）,三鲜鸡精,1.0,7.7537,7.8,广西壮族自治区,桂林市,兴安县
3月,2026-03-14,2026,3,14,家凯拼多多,太太乐旗舰店,9126682,A01三鲜鸡精40x180克(二维码),太太乐三鲜鸡精调味料40×180g（二维码）,三鲜鸡精,3.0,18.9843,7.8,广西壮族自治区,桂林市,灵川县
3月,2026-03-14,2026,3,14,家凯拼多多,太太乐旗舰店,9126682,A01三鲜鸡精40x180克(二维码),太太乐三鲜鸡精调味料40×180g（二维码）,三鲜鸡精,1.0,9.122,7.8,江苏省,南通市,启东市
3月,2026-03-14,2026,3,14,家凯拼多多,太太乐调味料专卖店,9126682,A01三鲜鸡精40x180克(二维码),太太乐三鲜鸡精调味料40×180g（二维码）,三鲜鸡精,40.0,286.0,7.8,江苏省,南通市,海门区
3月,2026-03-14,2026,3,14,家凯拼多多,太太乐TOTOLE调味旗舰店,9126682,A01三鲜鸡精40x180克(二维码),太太乐三鲜鸡精调味料40×180g（二维码）,三鲜鸡精,3.0,26.9001,7.8,江苏省,常州市,武进区
3月,2026-03-14,2026,3,14,家凯拼多多,太太乐旗舰店,9126682,A01三鲜鸡精40x180克(二维码),太太乐三鲜鸡精调味料40×180g（二维码）,三鲜鸡精,1.0,8.72,7.8,江苏省,泰州市,靖江市
3月,2026-03-14,2026,3,14,家凯拼多多,太太乐旗舰店,9126682,A01三鲜鸡精40x180克(二维码),太太乐三鲜鸡精调味料40×180g（二维码）,三鲜鸡精,1.0,7.139,7.8,江苏省,苏州市,昆山市
3月,2026-03-14,2026,3,14,家凯拼多多,太太乐旗舰店,9126682,A01三鲜鸡精40x180克(二维码),太太乐三鲜鸡精调味料40×180g（二维码）,三鲜鸡精,3.0,18.1299,7.8,江西省,九江市,湖口县
3月,2026-03-14,2026,3,14,家凯拼多多,太太乐旗舰店,9126682,A01三鲜鸡精40x180克(二维码),太太乐三鲜鸡精调味料40×180g（二维码）,三鲜鸡精,2.0,17.1204,7.8,河南省,商丘市,柘城县
3月,2026-03-14,2026,3,14,家凯拼多多,太太乐旗舰店,9126682,A01三鲜鸡精40x180克(二维码),太太乐三鲜鸡精调味料40×180g（二维码）,三鲜鸡精,1.0,8.18,7.8,浙江省,台州市,温岭市
3月,2026-03-14,2026,3,14,家凯拼多多,太太乐旗舰店,9126682,A01三鲜鸡精40x180克(二维码),太太乐三鲜鸡精调味料40×180g（二维码）,三鲜鸡精,1.0,7.2976,7.8,浙江省,台州市,路桥区
3月,2026-03-14,2026,3,14,家凯拼多多,太太乐旗舰店,9126682,A01三鲜鸡精40x180克(二维码),太太乐三鲜鸡精调味料40×180g（二维码）,三鲜鸡精,1.0,8.72,7.8,浙江省,宁波市,北仑区
3月,2026-03-14,2026,3,14,家凯拼多多,太太乐旗舰店,9126682,A01三鲜鸡精40x180克(二维码),太太乐三鲜鸡精调味料40×180g（二维码）,三鲜鸡精,1.0,6.9341,7.8,浙江省,宁波市,北仑区
3月,2026-03-14,2026,3,14,家凯拼多多,太太乐旗舰店,9126682,A01三鲜鸡精40x180克(二维码),太太乐三鲜鸡精调味料40×180g（二维码）,三鲜鸡精,3.0,18.5085,7.8,浙江省,杭州市,临安区
3月,2026-03-14,2026,3,14,家凯拼多多,太太乐调味料专卖店,9126682,A01三鲜鸡精40x180克(二维码),太太乐三鲜鸡精调味料40×180g（二维码）,三鲜鸡精,40.0,286.0,7.8,浙江省,金华市,义乌市
3月,2026-03-14,2026,3,14,家凯拼多多,太太乐TOTOLE调味旗舰店,9126682,A01三鲜鸡精40x180克(二维码),太太乐三鲜鸡精调味料40×180g（二维码）,三鲜鸡精,1.0,10.9,7.8,浙江省,金华市,永康市
3月,2026-03-14,2026,3,14,家凯拼多多,太太乐旗舰店,9126682,A01三鲜鸡精40x180克(二维码),太太乐三鲜鸡精调味料40×180g（二维码）,三鲜鸡精,1.0,9.6,7.8,海南省,海口市,秀英区
3月,2026-03-14,2026,3,14,家凯拼多多,太太乐旗舰店,9126682,A01三鲜鸡精40x180克(二维码),太太乐三鲜鸡精调味料40×180g（二维码）,三鲜鸡精,1.0,9.122,7.8,海南省,海口市,秀英区
3月,2026-03-14,2026,3,14,家凯拼多多,太太乐旗舰店,9126682,A01三鲜鸡精40x180克(二维码),太太乐三鲜鸡精调味料40×180g（二维码）,三鲜鸡精,1.0,9.27,7.8,湖北省,十堰市,房县
3月,2026-03-14,2026,3,14,家凯拼多多,太太乐调味料专卖店,9126682,A01三鲜鸡精40x180克(二维码),太太乐三鲜鸡精调味料40×180g（二维码）,三鲜鸡精,40.0,254.54,7.8,湖北省,孝感市,汉川市
3月,2026-03-14,2026,3,14,家凯拼多多,太太乐TOTOLE调味旗舰店,9126682,A01三鲜鸡精40x180克(二维码),太太乐三鲜鸡精调味料40×180g（二维码）,三鲜鸡精,2.0,18.9,7.8,湖南省,长沙市,长沙县
3月,2026-03-14,2026,3,14,家凯拼多多,太太乐旗舰店,9126682,A01三鲜鸡精40x180克(二维码),太太乐三鲜鸡精调味料40×180g（二维码）,三鲜鸡精,1.0,8.18,7.8,辽宁省,沈阳市,于洪区
3月,2026-03-14,2026,3,14,家凯拼多多,太太乐调味料专卖店,9126682,A01三鲜鸡精40x180克(二维码),太太乐三鲜鸡精调味料40×180g（二维码）,三鲜鸡精,15.0,109.9995,7.8,青海省,海东市,民和回族土族自治县
3月,2026-03-15,2026,3,15,家凯拼多多,太太乐旗舰店,9126682,A01三鲜鸡精40x180克(二维码),太太乐三鲜鸡精调味料40×180g（二维码）,三鲜鸡精,1.0,9.122,7.8,上海,上海市,嘉定区
3月,2026-03-15,2026,3,15,家凯拼多多,太太乐TOTOLE调味旗舰店,9126682,A01三鲜鸡精40x180克(二维码),太太乐三鲜鸡精调味料40×180g（二维码）,三鲜鸡精,1.0,10.9,7.8,上海,上海市,浦东新区
3月,2026-03-15,2026,3,15,家凯拼多多,太太乐旗舰店,9126682,A01三鲜鸡精40x180克(二维码),太太乐三鲜鸡精调味料40×180g（二维码）,三鲜鸡精,1.0,5.8169,7.8,上海,上海市,金山区
3月,2026-03-15,2026,3,15,家凯拼多多,太太乐旗舰店,9126682,A01三鲜鸡精40x180克(二维码),太太乐三鲜鸡精调味料40×180g（二维码）,三鲜鸡精,1.0,9.122,7.8,上海,上海市,闵行区
3月,2026-03-15,2026,3,15,家凯拼多多,太太乐旗舰店,9126682,A01三鲜鸡精40x180克(二维码),太太乐三鲜鸡精调味料40×180g（二维码）,三鲜鸡精,1.0,8.0314,7.8,上海,上海市,青浦区
3月,2026-03-15,2026,3,15,家凯拼多多,太太乐旗舰店,9126682,A01三鲜鸡精40x180克(二维码),太太乐三鲜鸡精调味料40×180g（二维码）,三鲜鸡精,1.0,10.9,7.8,上海,上海市,静安区
3月,2026-03-15,2026,3,15,家凯拼多多,太太乐旗舰店,9126682,A01三鲜鸡精40x180克(二维码),太太乐三鲜鸡精调味料40×180g（二维码）,三鲜鸡精,1.0,9.122,7.8,北京,北京市,丰台区
3月,2026-03-15,2026,3,15,家凯拼多多,太太乐旗舰店,9126682,A01三鲜鸡精40x180克(二维码),太太乐三鲜鸡精调味料40×180g（二维码）,三鲜鸡精,1.0,9.122,7.8,北京,北京市,朝阳区
3月,2026-03-15,2026,3,15,家凯拼多多,太太乐旗舰店,9126682,A01三鲜鸡精40x180克(二维码),太太乐三鲜鸡精调味料40×180g（二维码）,三鲜鸡精,1.0,10.9,7.8,北京,北京市,通州区
3月,2026-03-15,2026,3,15,家凯拼多多,太太乐旗舰店,9126682,A01三鲜鸡精40x180克(二维码),太太乐三鲜鸡精调味料40×180g（二维码）,三鲜鸡精,2.0,17.1204,7.8,四川省,南充市,南部县
3月,2026-03-15,2026,3,15,家凯拼多多,太太乐旗舰店,9126682,A01三鲜鸡精40x180克(二维码),太太乐三鲜鸡精调味料40×180g（二维码）,三鲜鸡精,1.0,6.8415,7.8,安徽省,亳州市,蒙城县
3月,2026-03-15,2026,3,15,家凯拼多多,太太乐旗舰店,9126682,A01三鲜鸡精40x180克(二维码),太太乐三鲜鸡精调味料40×180g（二维码）,三鲜鸡精,1.0,7.7537,7.8,安徽省,亳州市,谯城区
3月,2026-03-15,2026,3,15,家凯拼多多,太太乐调味料专卖店,9126682,A01三鲜鸡精40x180克(二维码),太太乐三鲜鸡精调味料40×180g（二维码）,三鲜鸡精,15.0,109.9995,7.8,安徽省,马鞍山市,花山区
3月,2026-03-15,2026,3,15,家凯拼多多,太太乐旗舰店,9126682,A01三鲜鸡精40x180克(二维码),太太乐三鲜鸡精调味料40×180g（二维码）,三鲜鸡精,1.0,9.122,7.8,山东省,威海市,环翠区
3月,2026-03-15,2026,3,15,家凯拼多多,太太乐旗舰店,9126682,A01三鲜鸡精40x180克(二维码),太太乐三鲜鸡精调味料40×180g（二维码）,三鲜鸡精,1.0,7.2976,7.8,山东省,德州市,夏津县
3月,2026-03-15,2026,3,15,家凯拼多多,太太乐旗舰店,9126682,A01三鲜鸡精40x180克(二维码),太太乐三鲜鸡精调味料40×180g（二维码）,三鲜鸡精,1.0,9.122,7.8,山东省,济宁市,鱼台县
3月,2026-03-15,2026,3,15,家凯拼多多,太太乐旗舰店,9126682,A01三鲜鸡精40x180克(二维码),太太乐三鲜鸡精调味料40×180g（二维码）,三鲜鸡精,1.0,7.7537,7.8,广东省,东莞市,寮步镇
3月,2026-03-15,2026,3,15,家凯拼多多,太太乐旗舰店,9126682,A01三鲜鸡精40x180克(二维码),太太乐三鲜鸡精调味料40×180g（二维码）,三鲜鸡精,1.0,7.4827,7.8,广东省,佛山市,顺德区
3月,2026-03-15,2026,3,15,家凯拼多多,太太乐TOTOLE调味旗舰店,9126682,A01三鲜鸡精40x180克(二维码),太太乐三鲜鸡精调味料40×180g（二维码）,三鲜鸡精,1.0,10.9,7.8,广东省,广州市,花都区
3月,2026-03-15,2026,3,15,家凯拼多多,太太乐TOTOLE调味旗舰店,9126682,A01三鲜鸡精40x180克(二维码),太太乐三鲜鸡精调味料40×180g（二维码）,三鲜鸡精,2.0,18.9,7.8,广东省,惠州市,惠城区
3月,2026-03-15,2026,3,15,家凯拼多多,太太乐TOTOLE调味旗舰店,9126682,A01三鲜鸡精40x180克(二维码),太太乐三鲜鸡精调味料40×180g（二维码）,三鲜鸡精,2.0,18.9,7.8,广东省,珠海市,香洲区
3月,2026-03-15,2026,3,15,家凯拼多多,太太乐旗舰店,9126682,A01三鲜鸡精40x180克(二维码),太太乐三鲜鸡精调味料40×180g（二维码）,三鲜鸡精,1.0,2.5119,7.8,广西壮族自治区,南宁市,兴宁区
3月,2026-03-15,2026,3,15,家凯拼多多,太太乐旗舰店,9126682,A01三鲜鸡精40x180克(二维码),太太乐三鲜鸡精调味料40×180g（二维码）,三鲜鸡精,2.0,17.1204,7.8,广西壮族自治区,柳州市,融水苗族自治县
3月,2026-03-15,2026,3,15,家凯拼多多,太太乐旗舰店,9126682,A01三鲜鸡精40x180克(二维码),太太乐三鲜鸡精调味料40×180g（二维码）,三鲜鸡精,1.0,9.122,7.8,江苏省,南京市,浦口区
3月,2026-03-15,2026,3,15,家凯拼多多,太太乐TOTOLE调味旗舰店,9126682,A01三鲜鸡精40x180克(二维码),太太乐三鲜鸡精调味料40×180g（二维码）,三鲜鸡精,2.0,18.9,7.8,江苏省,无锡市,梁溪区
3月,2026-03-15,2026,3,15,家凯拼多多,太太乐旗舰店,9126682,A01三鲜鸡精40x180克(二维码),太太乐三鲜鸡精调味料40×180g（二维码）,三鲜鸡精,1.0,10.9,7.8,江苏省,泰州市,泰兴市
3月,2026-03-15,2026,3,15,家凯拼多多,太太乐旗舰店,9126682,A01三鲜鸡精40x180克(二维码),太太乐三鲜鸡精调味料40×180g（二维码）,三鲜鸡精,1.0,10.9,7.8,江苏省,盐城市,建湖县
3月,2026-03-15,2026,3,15,家凯拼多多,太太乐TOTOLE调味旗舰店,9126682,A01三鲜鸡精40x180克(二维码),太太乐三鲜鸡精调味料40×180g（二维码）,三鲜鸡精,1.0,10.9,7.8,江西省,南昌市,青山湖区
3月,2026-03-15,2026,3,15,家凯拼多多,太太乐旗舰店,9126682,A01三鲜鸡精40x180克(二维码),太太乐三鲜鸡精调味料40×180g（二维码）,三鲜鸡精,3.0,23.7306,7.8,江西省,萍乡市,莲花县
3月,2026-03-15,2026,3,15,家凯拼多多,太太乐旗舰店,9126682,A01三鲜鸡精40x180克(二维码),太太乐三鲜鸡精调味料40×180g（二维码）,三鲜鸡精,1.0,7.4827,7.8,河北省,石家庄市,长安区
3月,2026-03-15,2026,3,15,家凯拼多多,太太乐旗舰店,9126682,A01三鲜鸡精40x180克(二维码),太太乐三鲜鸡精调味料40×180g（二维码）,三鲜鸡精,1.0,8.0314,7.8,河北省,邢台市,宁晋县
3月,2026-03-15,2026,3,15,家凯拼多多,太太乐旗舰店,9126682,A01三鲜鸡精40x180克(二维码),太太乐三鲜鸡精调味料40×180g（二维码）,三鲜鸡精,1.0,7.7537,7.8,河南省,洛阳市,栾川县
3月,2026-03-15,2026,3,15,家凯拼多多,太太乐TOTOLE调味旗舰店,9126682,A01三鲜鸡精40x180克(二维码),太太乐三鲜鸡精调味料40×180g（二维码）,三鲜鸡精,1.0,10.9,7.8,浙江省,宁波市,慈溪市
3月,2026-03-15,2026,3,15,家凯拼多多,太太乐旗舰店,9126682,A01三鲜鸡精40x180克(二维码),太太乐三鲜鸡精调味料40×180g（二维码）,三鲜鸡精,1.0,9.122,7.8,浙江省,宁波市,海曙区
3月,2026-03-15,2026,3,15,家凯拼多多,太太乐旗舰店,9126682,A01三鲜鸡精40x180克(二维码),太太乐三鲜鸡精调味料40×180g（二维码）,三鲜鸡精,1.0,7.139,7.8,浙江省,温州市,洞头区
3月,2026-03-15,2026,3,15,家凯拼多多,太太乐调味料专卖店,9126682,A01三鲜鸡精40x180克(二维码),太太乐三鲜鸡精调味料40×180g（二维码）,三鲜鸡精,15.0,94.9995,7.8,浙江省,温州市,瑞安市
3月,2026-03-15,2026,3,15,家凯拼多多,太太乐旗舰店,9126682,A01三鲜鸡精40x180克(二维码),太太乐三鲜鸡精调味料40×180g（二维码）,三鲜鸡精,1.0,7.2976,7.8,浙江省,温州市,鹿城区
3月,2026-03-15,2026,3,15,家凯拼多多,太太乐旗舰店,9126682,A01三鲜鸡精40x180克(二维码),太太乐三鲜鸡精调味料40×180g（二维码）,三鲜鸡精,3.0,25.8999,7.8,海南省,三亚市,吉阳区
3月,2026-03-15,2026,3,15,家凯拼多多,太太乐TOTOLE调味旗舰店,9126682,A01三鲜鸡精40x180克(二维码),太太乐三鲜鸡精调味料40×180g（二维码）,三鲜鸡精,1.0,0.9,7.8,海南省,三亚市,天涯区
3月,2026-03-15,2026,3,15,家凯拼多多,太太乐调味料专卖店,9126682,A01三鲜鸡精40x180克(二维码),太太乐三鲜鸡精调味料40×180g（二维码）,三鲜鸡精,40.0,286.0,7.8,湖北省,咸宁市,赤壁市
3月,2026-03-15,2026,3,15,家凯拼多多,太太乐旗舰店,9126682,A01三鲜鸡精40x180克(二维码),太太乐三鲜鸡精调味料40×180g（二维码）,三鲜鸡精,1.0,7.63,7.8,湖北省,武汉市,武昌区
3月,2026-03-15,2026,3,15,家凯拼多多,太太乐调味料专卖店,9126682,A01三鲜鸡精40x180克(二维码),太太乐三鲜鸡精调味料40×180g（二维码）,三鲜鸡精,40.0,248.82,7.8,湖北省,荆州市,监利市
3月,2026-03-15,2026,3,15,家凯拼多多,太太乐旗舰店,9126682,A01三鲜鸡精40x180克(二维码),太太乐三鲜鸡精调味料40×180g（二维码）,三鲜鸡精,1.0,9.122,7.8,湖北省,黄石市,下陆区
3月,2026-03-15,2026,3,15,家凯拼多多,太太乐旗舰店,9126682,A01三鲜鸡精40x180克(二维码),太太乐三鲜鸡精调味料40×180g（二维码）,三鲜鸡精,1.0,7.7537,7.8,湖南省,岳阳市,湘阴县
3月,2026-03-15,2026,3,15,家凯拼多多,太太乐旗舰店,9126682,A01三鲜鸡精40x180克(二维码),太太乐三鲜鸡精调味料40×180g（二维码）,三鲜鸡精,1.0,9.122,7.8,湖南省,益阳市,南县
3月,2026-03-15,2026,3,15,家凯拼多多,太太乐TOTOLE调味旗舰店,9126682,A01三鲜鸡精40x180克(二维码),太太乐三鲜鸡精调味料40×180g（二维码）,三鲜鸡精,1.0,8.72,7.8,湖南省,长沙市,芙蓉区
3月,2026-03-15,2026,3,15,家凯拼多多,太太乐旗舰店,9126682,A01三鲜鸡精40x180克(二维码),太太乐三鲜鸡精调味料40×180g（二维码）,三鲜鸡精,1.0,10.9,7.8,辽宁省,抚顺市,东洲区
3月,2026-03-15,2026,3,15,家凯拼多多,太太乐旗舰店,9126682,A01三鲜鸡精40x180克(二维码),太太乐三鲜鸡精调味料40×180g（二维码）,三鲜鸡精,1.0,9.122,7.8,辽宁省,鞍山市,岫岩满族自治县
3月,2026-03-15,2026,3,15,家凯拼多多,太太乐调味料专卖店,9126682,A01三鲜鸡精40x180克(二维码),太太乐三鲜鸡精调味料40×180g（二维码）,三鲜鸡精,15.0,106.9995,7.8,陕西省,咸阳市,兴平市
3月,2026-03-15,2026,3,15,家凯拼多多,太太乐旗舰店,9126682,A01三鲜鸡精40x180克(二维码),太太乐三鲜鸡精调味料40×180g（二维码）,三鲜鸡精,1.0,9.122,7.8,陕西省,咸阳市,秦都区
3月,2026-03-15,2026,3,15,家凯拼多多,太太乐旗舰店,9126682,A01三鲜鸡精40x180克(二维码),太太乐三鲜鸡精调味料40×180g（二维码）,三鲜鸡精,1.0,7.7537,7.8,陕西省,西安市,未央区
3月,2026-03-15,2026,3,15,家凯拼多多,太太乐旗舰店,9126682,A01三鲜鸡精40x180克(二维码),太太乐三鲜鸡精调味料40×180g（二维码）,三鲜鸡精,1.0,6.9341,7.8,陕西省,西安市,莲湖区
3月,2026-03-15,2026,3,15,家凯拼多多,太太乐旗舰店,9126682,A01三鲜鸡精40x180克(二维码),太太乐三鲜鸡精调味料40×180g（二维码）,三鲜鸡精,3.0,25.8999,7.8,陕西省,西安市,鄠邑区
3月,2026-03-16,2026,3,16,家凯拼多多,太太乐旗舰店,9126682,A01三鲜鸡精40x180克(二维码),太太乐三鲜鸡精调味料40×180g（二维码）,三鲜鸡精,1.0,9.122,7.8,上海,上海市,嘉定区
3月,2026-03-16,2026,3,16,家凯拼多多,太太乐旗舰店,9126682,A01三鲜鸡精40x180克(二维码),太太乐三鲜鸡精调味料40×180g（二维码）,三鲜鸡精,1.0,9.122,7.8,上海,上海市,宝山区
3月,2026-03-16,2026,3,16,家凯拼多多,太太乐旗舰店,9126682,A01三鲜鸡精40x180克(二维码),太太乐三鲜鸡精调味料40×180g（二维码）,三鲜鸡精,1.0,8.0314,7.8,上海,上海市,杨浦区
3月,2026-03-16,2026,3,16,家凯拼多多,太太乐旗舰店,9126682,A01三鲜鸡精40x180克(二维码),太太乐三鲜鸡精调味料40×180g（二维码）,三鲜鸡精,1.0,7.139,7.8,上海,上海市,松江区
3月,2026-03-16,2026,3,16,家凯拼多多,太太乐旗舰店,9126682,A01三鲜鸡精40x180克(二维码),太太乐三鲜鸡精调味料40×180g（二维码）,三鲜鸡精,1.0,7.9,7.8,上海,上海市,浦东新区
3月,2026-03-16,2026,3,16,家凯拼多多,太太乐旗舰店,9126682,A01三鲜鸡精40x180克(二维码),太太乐三鲜鸡精调味料40×180g（二维码）,三鲜鸡精,1.0,9.122,7.8,上海,上海市,金山区
3月,2026-03-16,2026,3,16,家凯拼多多,太太乐旗舰店,9126682,A01三鲜鸡精40x180克(二维码),太太乐三鲜鸡精调味料40×180g（二维码）,三鲜鸡精,1.0,9.122,7.8,上海,上海市,青浦区
3月,2026-03-16,2026,3,16,家凯拼多多,太太乐旗舰店,9126682,A01三鲜鸡精40x180克(二维码),太太乐三鲜鸡精调味料40×180g（二维码）,三鲜鸡精,1.0,8.2098,7.8,内蒙古自治区,呼和浩特市,新城区
3月,2026-03-16,2026,3,16,家凯拼多多,太太乐旗舰店,9126682,A01三鲜鸡精40x180克(二维码),太太乐三鲜鸡精调味料40×180g（二维码）,三鲜鸡精,1.0,7.7537,7.8,北京,北京市,东城区
3月,2026-03-16,2026,3,16,家凯拼多多,太太乐旗舰店,9126682,A01三鲜鸡精40x180克(二维码),太太乐三鲜鸡精调味料40×180g（二维码）,三鲜鸡精,1.0,9.122,7.8,北京,北京市,房山区
3月,2026-03-16,2026,3,16,家凯拼多多,太太乐旗舰店,9126682,A01三鲜鸡精40x180克(二维码),太太乐三鲜鸡精调味料40×180g（二维码）,三鲜鸡精,1.0,9.122,7.8,北京,北京市,海淀区
3月,2026-03-16,2026,3,16,家凯拼多多,太太乐TOTOLE调味旗舰店,9126682,A01三鲜鸡精40x180克(二维码),太太乐三鲜鸡精调味料40×180g（二维码）,三鲜鸡精,2.0,18.9,7.8,吉林省,松原市,前郭尔罗斯蒙古族自治县
3月,2026-03-16,2026,3,16,家凯拼多多,太太乐旗舰店,9126682,A01三鲜鸡精40x180克(二维码),太太乐三鲜鸡精调味料40×180g（二维码）,三鲜鸡精,2.0,15.0712,7.8,安徽省,亳州市,谯城区
3月,2026-03-16,2026,3,16,家凯拼多多,太太乐TOTOLE调味旗舰店,9126682,A01三鲜鸡精40x180克(二维码),太太乐三鲜鸡精调味料40×180g（二维码）,三鲜鸡精,2.0,18.9,7.8,安徽省,合肥市,巢湖市
3月,2026-03-16,2026,3,16,家凯拼多多,太太乐旗舰店,9126682,A01三鲜鸡精40x180克(二维码),太太乐三鲜鸡精调味料40×180g（二维码）,三鲜鸡精,1.0,7.7537,7.8,安徽省,合肥市,蜀山区
3月,2026-03-16,2026,3,16,家凯拼多多,太太乐旗舰店,9126682,A01三鲜鸡精40x180克(二维码),太太乐三鲜鸡精调味料40×180g（二维码）,三鲜鸡精,1.0,10.9,7.8,山东省,威海市,文登区
3月,2026-03-16,2026,3,16,家凯拼多多,太太乐旗舰店,9126682,A01三鲜鸡精40x180克(二维码),太太乐三鲜鸡精调味料40×180g（二维码）,三鲜鸡精,3.0,23.7306,7.8,山东省,威海市,环翠区
3月,2026-03-16,2026,3,16,家凯拼多多,太太乐旗舰店,9126682,A01三鲜鸡精40x180克(二维码),太太乐三鲜鸡精调味料40×180g（二维码）,三鲜鸡精,2.0,17.1204,7.8,山东省,烟台市,福山区
3月,2026-03-16,2026,3,16,家凯拼多多,太太乐旗舰店,9126682,A01三鲜鸡精40x180克(二维码),太太乐三鲜鸡精调味料40×180g（二维码）,三鲜鸡精,1.0,7.7537,7.8,山东省,烟台市,福山区
3月,2026-03-16,2026,3,16,家凯拼多多,太太乐旗舰店,9126682,A01三鲜鸡精40x180克(二维码),太太乐三鲜鸡精调味料40×180g（二维码）,三鲜鸡精,1.0,7.8463,7.8,山西省,太原市,万柏林区
3月,2026-03-16,2026,3,16,家凯拼多多,太太乐旗舰店,9126682,A01三鲜鸡精40x180克(二维码),太太乐三鲜鸡精调味料40×180g（二维码）,三鲜鸡精,1.0,9.122,7.8,广东省,东莞市,厚街镇
3月,2026-03-16,2026,3,16,家凯拼多多,太太乐旗舰店,9126682,A01三鲜鸡精40x180克(二维码),太太乐三鲜鸡精调味料40×180g（二维码）,三鲜鸡精,1.0,9.122,7.8,广东省,东莞市,虎门镇
3月,2026-03-16,2026,3,16,家凯拼多多,太太乐旗舰店,9126682,A01三鲜鸡精40x180克(二维码),太太乐三鲜鸡精调味料40×180g（二维码）,三鲜鸡精,1.0,7.2976,7.8,广东省,东莞市,长安镇
3月,2026-03-16,2026,3,16,家凯拼多多,太太乐旗舰店,9126682,A01三鲜鸡精40x180克(二维码),太太乐三鲜鸡精调味料40×180g（二维码）,三鲜鸡精,1.0,7.7537,7.8,广东省,东莞市,黄江镇
3月,2026-03-16,2026,3,16,家凯拼多多,太太乐TOTOLE调味旗舰店,9126682,A01三鲜鸡精40x180克(二维码),太太乐三鲜鸡精调味料40×180g（二维码）,三鲜鸡精,3.0,20.9799,7.8,广东省,佛山市,南海区
3月,2026-03-16,2026,3,16,家凯拼多多,太太乐旗舰店,9126682,A01三鲜鸡精40x180克(二维码),太太乐三鲜鸡精调味料40×180g（二维码）,三鲜鸡精,1.0,9.122,7.8,广东省,佛山市,南海区
3月,2026-03-16,2026,3,16,家凯拼多多,太太乐旗舰店,9126682,A01三鲜鸡精40x180克(二维码),太太乐三鲜鸡精调味料40×180g（二维码）,三鲜鸡精,1.0,0.9,7.8,广东省,广州市,白云区
3月,2026-03-16,2026,3,16,家凯拼多多,太太乐旗舰店,9126682,A01三鲜鸡精40x180克(二维码),太太乐三鲜鸡精调味料40×180g（二维码）,三鲜鸡精,2.0,17.1204,7.8,广东省,深圳市,宝安区
3月,2026-03-16,2026,3,16,家凯拼多多,太太乐旗舰店,9126682,A01三鲜鸡精40x180克(二维码),太太乐三鲜鸡精调味料40×180g（二维码）,三鲜鸡精,1.0,7.2976,7.8,广东省,深圳市,宝安区
3月,2026-03-16,2026,3,16,家凯拼多多,太太乐旗舰店,9126682,A01三鲜鸡精40x180克(二维码),太太乐三鲜鸡精调味料40×180g（二维码）,三鲜鸡精,1.0,8.2098,7.8,广东省,潮州市,饶平县
3月,2026-03-16,2026,3,16,家凯拼多多,太太乐旗舰店,9126682,A01三鲜鸡精40x180克(二维码),太太乐三鲜鸡精调味料40×180g（二维码）,三鲜鸡精,1.0,7.9,7.8,江苏省,南京市,鼓楼区
3月,2026-03-16,2026,3,16,家凯拼多多,太太乐旗舰店,9126682,A01三鲜鸡精40x180克(二维码),太太乐三鲜鸡精调味料40×180g（二维码）,三鲜鸡精,1.0,9.122,7.8,江苏省,南通市,通州区
3月,2026-03-16,2026,3,16,家凯拼多多,太太乐调味料专卖店,9126682,A01三鲜鸡精40x180克(二维码),太太乐三鲜鸡精调味料40×180g（二维码）,三鲜鸡精,40.0,248.82,7.8,江苏省,扬州市,江都区
3月,2026-03-16,2026,3,16,家凯拼多多,太太乐旗舰店,9126682,A01三鲜鸡精40x180克(二维码),太太乐三鲜鸡精调味料40×180g（二维码）,三鲜鸡精,1.0,8.18,7.8,江苏省,苏州市,工业园区
3月,2026-03-16,2026,3,16,家凯拼多多,太太乐旗舰店,9126682,A01三鲜鸡精40x180克(二维码),太太乐三鲜鸡精调味料40×180g（二维码）,三鲜鸡精,2.0,17.1204,7.8,江苏省,苏州市,昆山市
3月,2026-03-16,2026,3,16,家凯拼多多,太太乐旗舰店,9126682,A01三鲜鸡精40x180克(二维码),太太乐三鲜鸡精调味料40×180g（二维码）,三鲜鸡精,1.0,8.2098,7.8,江苏省,苏州市,昆山市
3月,2026-03-16,2026,3,16,家凯拼多多,太太乐旗舰店,9126682,A01三鲜鸡精40x180克(二维码),太太乐三鲜鸡精调味料40×180g（二维码）,三鲜鸡精,1.0,6.9341,7.8,江苏省,苏州市,昆山市
3月,2026-03-16,2026,3,16,家凯拼多多,太太乐TOTOLE调味旗舰店,9126682,A01三鲜鸡精40x180克(二维码),太太乐三鲜鸡精调味料40×180g（二维码）,三鲜鸡精,2.0,15.12,7.8,江西省,景德镇市,乐平市
3月,2026-03-16,2026,3,16,家凯拼多多,太太乐旗舰店,9126682,A01三鲜鸡精40x180克(二维码),太太乐三鲜鸡精调味料40×180g（二维码）,三鲜鸡精,1.0,9.122,7.8,河北省,石家庄市,长安区
3月,2026-03-16,2026,3,16,家凯拼多多,太太乐旗舰店,9126682,A01三鲜鸡精40x180克(二维码),太太乐三鲜鸡精调味料40×180g（二维码）,三鲜鸡精,1.0,6.8415,7.8,河南省,驻马店市,驿城区
3月,2026-03-16,2026,3,16,家凯拼多多,太太乐旗舰店,9126682,A01三鲜鸡精40x180克(二维码),太太乐三鲜鸡精调味料40×180g（二维码）,三鲜鸡精,1.0,9.122,7.8,浙江省,嘉兴市,海宁市
3月,2026-03-16,2026,3,16,家凯拼多多,太太乐旗舰店,9126682,A01三鲜鸡精40x180克(二维码),太太乐三鲜鸡精调味料40×180g（二维码）,三鲜鸡精,2.0,17.1204,7.8,浙江省,嘉兴市,秀洲区
3月,2026-03-16,2026,3,16,家凯拼多多,太太乐调味料专卖店,9126682,A01三鲜鸡精40x180克(二维码),太太乐三鲜鸡精调味料40×180g（二维码）,三鲜鸡精,30.0,217.8,7.8,浙江省,杭州市,上城区
3月,2026-03-16,2026,3,16,家凯拼多多,太太乐旗舰店,9126682,A01三鲜鸡精40x180克(二维码),太太乐三鲜鸡精调味料40×180g（二维码）,三鲜鸡精,2.0,17.1204,7.8,浙江省,杭州市,下城区
3月,2026-03-16,2026,3,16,家凯拼多多,太太乐旗舰店,9126682,A01三鲜鸡精40x180克(二维码),太太乐三鲜鸡精调味料40×180g（二维码）,三鲜鸡精,1.0,9.122,7.8,浙江省,杭州市,萧山区
3月,2026-03-16,2026,3,16,家凯拼多多,太太乐旗舰店,9126682,A01三鲜鸡精40x180克(二维码),太太乐三鲜鸡精调味料40×180g（二维码）,三鲜鸡精,1.0,7.139,7.8,浙江省,温州市,鹿城区
3月,2026-03-16,2026,3,16,家凯拼多多,太太乐旗舰店,9126682,A01三鲜鸡精40x180克(二维码),太太乐三鲜鸡精调味料40×180g（二维码）,三鲜鸡精,3.0,19.4301,7.8,浙江省,金华市,东阳市
3月,2026-03-16,2026,3,16,家凯拼多多,太太乐旗舰店,9126682,A01三鲜鸡精40x180克(二维码),太太乐三鲜鸡精调味料40×180g（二维码）,三鲜鸡精,1.0,9.122,7.8,浙江省,金华市,东阳市
3月,2026-03-16,2026,3,16,家凯拼多多,太太乐旗舰店,9126682,A01三鲜鸡精40x180克(二维码),太太乐三鲜鸡精调味料40×180g（二维码）,三鲜鸡精,2.0,13.6962,7.8,海南省,省直辖县级行政区划,澄迈县
3月,2026-03-16,2026,3,16,家凯拼多多,太太乐旗舰店,9126682,A01三鲜鸡精40x180克(二维码),太太乐三鲜鸡精调味料40×180g（二维码）,三鲜鸡精,1.0,9.122,7.8,湖北省,省直辖县级行政区划,仙桃市
3月,2026-03-16,2026,3,16,家凯拼多多,太太乐旗舰店,9126682,A01三鲜鸡精40x180克(二维码),太太乐三鲜鸡精调味料40×180g（二维码）,三鲜鸡精,1.0,7.7537,7.8,甘肃省,庆阳市,西峰区
3月,2026-03-16,2026,3,16,家凯拼多多,太太乐旗舰店,9126682,A01三鲜鸡精40x180克(二维码),太太乐三鲜鸡精调味料40×180g（二维码）,三鲜鸡精,1.0,7.8463,7.8,贵州省,安顺市,西秀区
3月,2026-03-16,2026,3,16,家凯拼多多,太太乐旗舰店,9126682,A01三鲜鸡精40x180克(二维码),太太乐三鲜鸡精调味料40×180g（二维码）,三鲜鸡精,1.0,7.7537,7.8,辽宁省,沈阳市,苏家屯区
3月,2026-03-16,2026,3,16,家凯拼多多,太太乐旗舰店,9126682,A01三鲜鸡精40x180克(二维码),太太乐三鲜鸡精调味料40×180g（二维码）,三鲜鸡精,1.0,9.122,7.8,重庆,重庆市,沙坪坝区
3月,2026-03-16,2026,3,16,家凯拼多多,太太乐旗舰店,9126682,A01三鲜鸡精40x180克(二维码),太太乐三鲜鸡精调味料40×180g（二维码）,三鲜鸡精,1.0,9.122,7.8,陕西省,榆林市,榆阳区
3月,2026-03-16,2026,3,16,家凯拼多多,太太乐旗舰店,9126682,A01三鲜鸡精40x180克(二维码),太太乐三鲜鸡精调味料40×180g（二维码）,三鲜鸡精,1.0,8.18,7.8,陕西省,西安市,高陵区
3月,2026-03-16,2026,3,16,家凯拼多多,太太乐旗舰店,9126682,A01三鲜鸡精40x180克(二维码),太太乐三鲜鸡精调味料40×180g（二维码）,三鲜鸡精,1.0,9.122,7.8,黑龙江省,哈尔滨市,阿城区
3月,2026-03-16,2026,3,16,家凯拼多多,太太乐旗舰店,9126682,A01三鲜鸡精40x180克(二维码),太太乐三鲜鸡精调味料40×180g（二维码）,三鲜鸡精,1.0,2.5119,7.8,黑龙江省,哈尔滨市,香坊区
3月,2026-03-17,2026,3,17,家凯拼多多,太太乐旗舰店,9126682,A01三鲜鸡精40x180克(二维码),太太乐三鲜鸡精调味料40×180g（二维码）,三鲜鸡精,1.0,9.122,7.8,上海,上海市,松江区
3月,2026-03-17,2026,3,17,家凯拼多多,太太乐旗舰店,9126682,A01三鲜鸡精40x180克(二维码),太太乐三鲜鸡精调味料40×180g（二维码）,三鲜鸡精,1.0,7.9388,7.8,上海,上海市,浦东新区
3月,2026-03-17,2026,3,17,家凯拼多多,太太乐旗舰店,9126682,A01三鲜鸡精40x180克(二维码),太太乐三鲜鸡精调味料40×180g（二维码）,三鲜鸡精,1.0,7.6678,7.8,内蒙古自治区,通辽市,奈曼旗
3月,2026-03-17,2026,3,17,家凯拼多多,太太乐旗舰店,9126682,A01三鲜鸡精40x180克(二维码),太太乐三鲜鸡精调味料40×180g（二维码）,三鲜鸡精,1.0,9.122,7.8,北京,北京市,朝阳区
3月,2026-03-17,2026,3,17,家凯拼多多,太太乐旗舰店,9126682,A01三鲜鸡精40x180克(二维码),太太乐三鲜鸡精调味料40×180g（二维码）,三鲜鸡精,1.0,9.122,7.8,安徽省,合肥市,包河区
3月,2026-03-17,2026,3,17,家凯拼多多,太太乐旗舰店,9126682,A01三鲜鸡精40x180克(二维码),太太乐三鲜鸡精调味料40×180g（二维码）,三鲜鸡精,1.0,7.7537,7.8,安徽省,合肥市,蜀山区
3月,2026-03-17,2026,3,17,家凯拼多多,太太乐旗舰店,9126682,A01三鲜鸡精40x180克(二维码),太太乐三鲜鸡精调味料40×180g（二维码）,三鲜鸡精,3.0,20.1741,7.8,安徽省,宣城市,广德市
3月,2026-03-17,2026,3,17,家凯拼多多,太太乐旗舰店,9126682,A01三鲜鸡精40x180克(二维码),太太乐三鲜鸡精调味料40×180g（二维码）,三鲜鸡精,1.0,7.2976,7.8,安徽省,池州市,石台县
3月,2026-03-17,2026,3,17,家凯拼多多,太太乐旗舰店,9126682,A01三鲜鸡精40x180克(二维码),太太乐三鲜鸡精调味料40×180g（二维码）,三鲜鸡精,1.0,7.2976,7.8,安徽省,淮南市,凤台县
3月,2026-03-17,2026,3,17,家凯拼多多,太太乐旗舰店,9126682,A01三鲜鸡精40x180克(二维码),太太乐三鲜鸡精调味料40×180g（二维码）,三鲜鸡精,1.0,7.139,7.8,安徽省,淮南市,田家庵区
3月,2026-03-17,2026,3,17,家凯拼多多,太太乐旗舰店,9126682,A01三鲜鸡精40x180克(二维码),太太乐三鲜鸡精调味料40×180g（二维码）,三鲜鸡精,1.0,8.1239,7.8,安徽省,滁州市,南谯区
3月,2026-03-17,2026,3,17,家凯拼多多,太太乐旗舰店,9126682,A01三鲜鸡精40x180克(二维码),太太乐三鲜鸡精调味料40×180g（二维码）,三鲜鸡精,1.0,2.5119,7.8,安徽省,蚌埠市,怀远县
3月,2026-03-17,2026,3,17,家凯拼多多,太太乐TOTOLE调味旗舰店,9126682,A01三鲜鸡精40x180克(二维码),太太乐三鲜鸡精调味料40×180g（二维码）,三鲜鸡精,2.0,18.9,7.8,山东省,威海市,环翠区
3月,2026-03-17,2026,3,17,家凯拼多多,太太乐旗舰店,9126682,A01三鲜鸡精40x180克(二维码),太太乐三鲜鸡精调味料40×180g（二维码）,三鲜鸡精,3.0,22.7193,7.8,山东省,济宁市,任城区
3月,2026-03-17,2026,3,17,家凯拼多多,太太乐旗舰店,9126682,A01三鲜鸡精40x180克(二维码),太太乐三鲜鸡精调味料40×180g（二维码）,三鲜鸡精,1.0,7.7537,7.8,山东省,济宁市,邹城市
3月,2026-03-17,2026,3,17,家凯拼多多,太太乐旗舰店,9126682,A01三鲜鸡精40x180克(二维码),太太乐三鲜鸡精调味料40×180g（二维码）,三鲜鸡精,1.0,9.27,7.8,山西省,太原市,万柏林区
3月,2026-03-17,2026,3,17,家凯拼多多,太太乐旗舰店,9126682,A01三鲜鸡精40x180克(二维码),太太乐三鲜鸡精调味料40×180g（二维码）,三鲜鸡精,1.0,7.7537,7.8,山西省,忻州市,保德县
3月,2026-03-17,2026,3,17,家凯拼多多,太太乐旗舰店,9126682,A01三鲜鸡精40x180克(二维码),太太乐三鲜鸡精调味料40×180g（二维码）,三鲜鸡精,1.0,7.7537,7.8,广东省,东莞市,东城街道
3月,2026-03-17,2026,3,17,家凯拼多多,太太乐旗舰店,9126682,A01三鲜鸡精40x180克(二维码),太太乐三鲜鸡精调味料40×180g（二维码）,三鲜鸡精,1.0,9.122,7.8,广东省,东莞市,大朗镇
3月,2026-03-17,2026,3,17,家凯拼多多,太太乐TOTOLE调味旗舰店,9126682,A01三鲜鸡精40x180克(二维码),太太乐三鲜鸡精调味料40×180g（二维码）,三鲜鸡精,1.0,10.9,7.8,广东省,广州市,增城区
3月,2026-03-17,2026,3,17,家凯拼多多,太太乐旗舰店,9126682,A01三鲜鸡精40x180克(二维码),太太乐三鲜鸡精调味料40×180g（二维码）,三鲜鸡精,1.0,6.8415,7.8,广东省,广州市,增城区
3月,2026-03-17,2026,3,17,家凯拼多多,太太乐旗舰店,9126682,A01三鲜鸡精40x180克(二维码),太太乐三鲜鸡精调味料40×180g（二维码）,三鲜鸡精,1.0,2.5119,7.8,广东省,广州市,海珠区
3月,2026-03-17,2026,3,17,家凯拼多多,太太乐旗舰店,9126682,A01三鲜鸡精40x180克(二维码),太太乐三鲜鸡精调味料40×180g（二维码）,三鲜鸡精,1.0,9.122,7.8,广东省,广州市,白云区
3月,2026-03-17,2026,3,17,家凯拼多多,太太乐旗舰店,9126682,A01三鲜鸡精40x180克(二维码),太太乐三鲜鸡精调味料40×180g（二维码）,三鲜鸡精,1.0,8.07,7.8,广东省,广州市,白云区
3月,2026-03-17,2026,3,17,家凯拼多多,太太乐旗舰店,9126682,A01三鲜鸡精40x180克(二维码),太太乐三鲜鸡精调味料40×180g（二维码）,三鲜鸡精,1.0,9.122,7.8,广东省,广州市,黄埔区
3月,2026-03-17,2026,3,17,家凯拼多多,太太乐旗舰店,9126682,A01三鲜鸡精40x180克(二维码),太太乐三鲜鸡精调味料40×180g（二维码）,三鲜鸡精,1.0,9.122,7.8,广东省,深圳市,龙华区
3月,2026-03-17,2026,3,17,家凯拼多多,太太乐旗舰店,9126682,A01三鲜鸡精40x180克(二维码),太太乐三鲜鸡精调味料40×180g（二维码）,三鲜鸡精,1.0,7.4827,7.8,广东省,深圳市,龙岗区
3月,2026-03-17,2026,3,17,家凯拼多多,太太乐旗舰店,9126682,A01三鲜鸡精40x180克(二维码),太太乐三鲜鸡精调味料40×180g（二维码）,三鲜鸡精,1.0,9.122,7.8,广西壮族自治区,南宁市,西乡塘区
3月,2026-03-17,2026,3,17,家凯拼多多,太太乐旗舰店,9126682,A01三鲜鸡精40x180克(二维码),太太乐三鲜鸡精调味料40×180g（二维码）,三鲜鸡精,1.0,9.122,7.8,江苏省,南京市,江宁区
3月,2026-03-17,2026,3,17,家凯拼多多,太太乐TOTOLE调味旗舰店,9126682,A01三鲜鸡精40x180克(二维码),太太乐三鲜鸡精调味料40×180g（二维码）,三鲜鸡精,1.0,10.9,7.8,江苏省,南京市,浦口区
3月,2026-03-17,2026,3,17,家凯拼多多,太太乐TOTOLE调味旗舰店,9126682,A01三鲜鸡精40x180克(二维码),太太乐三鲜鸡精调味料40×180g（二维码）,三鲜鸡精,1.0,10.9,7.8,江苏省,南京市,浦口区
3月,2026-03-17,2026,3,17,家凯拼多多,太太乐旗舰店,9126682,A01三鲜鸡精40x180克(二维码),太太乐三鲜鸡精调味料40×180g（二维码）,三鲜鸡精,1.0,9.122,7.8,江苏省,南通市,崇川区
3月,2026-03-17,2026,3,17,家凯拼多多,太太乐旗舰店,9126682,A01三鲜鸡精40x180克(二维码),太太乐三鲜鸡精调味料40×180g（二维码）,三鲜鸡精,1.0,7.139,7.8,江苏省,常州市,溧阳市
3月,2026-03-17,2026,3,17,家凯拼多多,太太乐TOTOLE调味旗舰店,9126682,A01三鲜鸡精40x180克(二维码),太太乐三鲜鸡精调味料40×180g（二维码）,三鲜鸡精,1.0,10.9,7.8,江苏省,常州市,金坛区
3月,2026-03-17,2026,3,17,家凯拼多多,太太乐旗舰店,9126682,A01三鲜鸡精40x180克(二维码),太太乐三鲜鸡精调味料40×180g（二维码）,三鲜鸡精,1.0,8.6395,7.8,江苏省,无锡市,梁溪区
3月,2026-03-17,2026,3,17,家凯拼多多,太太乐旗舰店,9126682,A01三鲜鸡精40x180克(二维码),太太乐三鲜鸡精调味料40×180g（二维码）,三鲜鸡精,1.0,9.122,7.8,江苏省,苏州市,张家港市
3月,2026-03-17,2026,3,17,家凯拼多多,太太乐旗舰店,9126682,A01三鲜鸡精40x180克(二维码),太太乐三鲜鸡精调味料40×180g（二维码）,三鲜鸡精,3.0,20.7201,7.8,江苏省,苏州市,昆山市
3月,2026-03-17,2026,3,17,家凯拼多多,太太乐旗舰店,9126682,A01三鲜鸡精40x180克(二维码),太太乐三鲜鸡精调味料40×180g（二维码）,三鲜鸡精,1.0,7.7537,7.8,江西省,南昌市,安义县
3月,2026-03-17,2026,3,17,家凯拼多多,太太乐旗舰店,9126682,A01三鲜鸡精40x180克(二维码),太太乐三鲜鸡精调味料40×180g（二维码）,三鲜鸡精,1.0,9.122,7.8,浙江省,丽水市,龙泉市
3月,2026-03-17,2026,3,17,家凯拼多多,太太乐调味料专卖店,9126682,A01三鲜鸡精40x180克(二维码),太太乐三鲜鸡精调味料40×180g（二维码）,三鲜鸡精,3.0,20.4174,7.8,浙江省,嘉兴市,海盐县
3月,2026-03-17,2026,3,17,家凯拼多多,太太乐调味料专卖店,9126682,A01三鲜鸡精40x180克(二维码),太太乐三鲜鸡精调味料40×180g（二维码）,三鲜鸡精,3.0,20.4174,7.8,浙江省,嘉兴市,海盐县
3月,2026-03-17,2026,3,17,家凯拼多多,太太乐调味料专卖店,9126682,A01三鲜鸡精40x180克(二维码),太太乐三鲜鸡精调味料40×180g（二维码）,三鲜鸡精,3.0,20.4174,7.8,浙江省,嘉兴市,海盐县
3月,2026-03-17,2026,3,17,家凯拼多多,太太乐旗舰店,9126682,A01三鲜鸡精40x180克(二维码),太太乐三鲜鸡精调味料40×180g（二维码）,三鲜鸡精,1.0,7.7537,7.8,浙江省,宁波市,慈溪市
3月,2026-03-17,2026,3,17,家凯拼多多,太太乐旗舰店,9126682,A01三鲜鸡精40x180克(二维码),太太乐三鲜鸡精调味料40×180g（二维码）,三鲜鸡精,1.0,7.6678,7.8,浙江省,宁波市,鄞州区
3月,2026-03-17,2026,3,17,家凯拼多多,太太乐旗舰店,9126682,A01三鲜鸡精40x180克(二维码),太太乐三鲜鸡精调味料40×180g（二维码）,三鲜鸡精,1.0,9.122,7.8,浙江省,杭州市,上城区
3月,2026-03-17,2026,3,17,家凯拼多多,太太乐旗舰店,9126682,A01三鲜鸡精40x180克(二维码),太太乐三鲜鸡精调味料40×180g（二维码）,三鲜鸡精,1.0,9.122,7.8,浙江省,杭州市,拱墅区
3月,2026-03-17,2026,3,17,家凯拼多多,太太乐调味料专卖店,9126682,A01三鲜鸡精40x180克(二维码),太太乐三鲜鸡精调味料40×180g（二维码）,三鲜鸡精,15.0,103.0005,7.8,浙江省,杭州市,萧山区
3月,2026-03-17,2026,3,17,家凯拼多多,太太乐旗舰店,9126682,A01三鲜鸡精40x180克(二维码),太太乐三鲜鸡精调味料40×180g（二维码）,三鲜鸡精,1.0,8.94,7.8,浙江省,温州市,鹿城区
3月,2026-03-17,2026,3,17,家凯拼多多,太太乐旗舰店,9126682,A01三鲜鸡精40x180克(二维码),太太乐三鲜鸡精调味料40×180g（二维码）,三鲜鸡精,2.0,17.1204,7.8,浙江省,湖州市,吴兴区
3月,2026-03-17,2026,3,17,家凯拼多多,太太乐旗舰店,9126682,A01三鲜鸡精40x180克(二维码),太太乐三鲜鸡精调味料40×180g（二维码）,三鲜鸡精,3.0,23.7306,7.8,浙江省,绍兴市,上虞区
3月,2026-03-17,2026,3,17,家凯拼多多,太太乐旗舰店,9126682,A01三鲜鸡精40x180克(二维码),太太乐三鲜鸡精调味料40×180g（二维码）,三鲜鸡精,2.0,13.6962,7.8,浙江省,绍兴市,柯桥区
3月,2026-03-17,2026,3,17,家凯拼多多,太太乐旗舰店,9126682,A01三鲜鸡精40x180克(二维码),太太乐三鲜鸡精调味料40×180g（二维码）,三鲜鸡精,1.0,8.62,7.8,浙江省,金华市,东阳市
3月,2026-03-17,2026,3,17,家凯拼多多,太太乐旗舰店,9126682,A01三鲜鸡精40x180克(二维码),太太乐三鲜鸡精调味料40×180g（二维码）,三鲜鸡精,1.0,9.122,7.8,浙江省,金华市,义乌市
3月,2026-03-17,2026,3,17,家凯拼多多,太太乐家凯专卖店,9126682,A01三鲜鸡精40x180克(二维码),太太乐三鲜鸡精调味料40×180g（二维码）,三鲜鸡精,15.0,92.4,7.8,海南省,省直辖县级行政区划,临高县
3月,2026-03-17,2026,3,17,家凯拼多多,太太乐旗舰店,9126682,A01三鲜鸡精40x180克(二维码),太太乐三鲜鸡精调味料40×180g（二维码）,三鲜鸡精,1.0,9.122,7.8,湖北省,黄冈市,黄州区
3月,2026-03-17,2026,3,17,家凯拼多多,太太乐旗舰店,9126682,A01三鲜鸡精40x180克(二维码),太太乐三鲜鸡精调味料40×180g（二维码）,三鲜鸡精,1.0,6.3854,7.8,湖南省,衡阳市,雁峰区
3月,2026-03-17,2026,3,17,家凯拼多多,太太乐旗舰店,9126682,A01三鲜鸡精40x180克(二维码),太太乐三鲜鸡精调味料40×180g（二维码）,三鲜鸡精,2.0,17.1204,7.8,湖南省,长沙市,芙蓉区
3月,2026-03-17,2026,3,17,家凯拼多多,太太乐旗舰店,9126682,A01三鲜鸡精40x180克(二维码),太太乐三鲜鸡精调味料40×180g（二维码）,三鲜鸡精,1.0,9.122,7.8,甘肃省,陇南市,宕昌县
3月,2026-03-17,2026,3,17,家凯拼多多,太太乐旗舰店,9126682,A01三鲜鸡精40x180克(二维码),太太乐三鲜鸡精调味料40×180g（二维码）,三鲜鸡精,1.0,7.7537,7.8,福建省,厦门市,思明区
3月,2026-03-17,2026,3,17,家凯拼多多,太太乐旗舰店,9126682,A01三鲜鸡精40x180克(二维码),太太乐三鲜鸡精调味料40×180g（二维码）,三鲜鸡精,1.0,9.122,7.8,福建省,泉州市,惠安县
3月,2026-03-17,2026,3,17,家凯拼多多,太太乐旗舰店,9126682,A01三鲜鸡精40x180克(二维码),太太乐三鲜鸡精调味料40×180g（二维码）,三鲜鸡精,3.0,20.7201,7.8,福建省,漳州市,云霄县
3月,2026-03-17,2026,3,17,家凯拼多多,太太乐旗舰店,9126682,A01三鲜鸡精40x180克(二维码),太太乐三鲜鸡精调味料40×180g（二维码）,三鲜鸡精,3.0,23.7306,7.8,福建省,漳州市,漳浦县
3月,2026-03-17,2026,3,17,家凯拼多多,太太乐旗舰店,9126682,A01三鲜鸡精40x180克(二维码),太太乐三鲜鸡精调味料40×180g（二维码）,三鲜鸡精,1.0,7.2976,7.8,贵州省,贵阳市,南明区
3月,2026-03-17,2026,3,17,家凯拼多多,太太乐旗舰店,9126682,A01三鲜鸡精40x180克(二维码),太太乐三鲜鸡精调味料40×180g（二维码）,三鲜鸡精,1.0,9.122,7.8,重庆,重庆市,巴南区
3月,2026-03-17,2026,3,17,家凯拼多多,太太乐旗舰店,9126682,A01三鲜鸡精40x180克(二维码),太太乐三鲜鸡精调味料40×180g（二维码）,三鲜鸡精,1.0,8.0314,7.8,陕西省,西安市,碑林区
3月,2026-03-17,2026,3,17,家凯拼多多,太太乐旗舰店,9126682,A01三鲜鸡精40x180克(二维码),太太乐三鲜鸡精调味料40×180g（二维码）,三鲜鸡精,1.0,6.3854,7.8,陕西省,西安市,长安区
3月,2026-03-17,2026,3,17,家凯拼多多,太太乐旗舰店,9126682,A01三鲜鸡精40x180克(二维码),太太乐三鲜鸡精调味料40×180g（二维码）,三鲜鸡精,1.0,9.122,7.8,青海省,西宁市,城西区
3月,2026-03-17,2026,3,17,家凯拼多多,太太乐旗舰店,9126682,A01三鲜鸡精40x180克(二维码),太太乐三鲜鸡精调味料40×180g（二维码）,三鲜鸡精,1.0,9.122,7.8,黑龙江省,齐齐哈尔市,建华区
3月,2026-03-18,2026,3,18,家凯拼多多,太太乐旗舰店,9126682,A01三鲜鸡精40x180克(二维码),太太乐三鲜鸡精调味料40×180g（二维码）,三鲜鸡精,1.0,9.122,7.8,上海,上海市,徐汇区
3月,2026-03-18,2026,3,18,家凯拼多多,太太乐旗舰店,9126682,A01三鲜鸡精40x180克(二维码),太太乐三鲜鸡精调味料40×180g（二维码）,三鲜鸡精,1.0,9.122,7.8,上海,上海市,浦东新区
3月,2026-03-18,2026,3,18,家凯拼多多,太太乐旗舰店,9126682,A01三鲜鸡精40x180克(二维码),太太乐三鲜鸡精调味料40×180g（二维码）,三鲜鸡精,1.0,8.2098,7.8,上海,上海市,青浦区
3月,2026-03-18,2026,3,18,家凯拼多多,太太乐旗舰店,9126682,A01三鲜鸡精40x180克(二维码),太太乐三鲜鸡精调味料40×180g（二维码）,三鲜鸡精,1.0,9.122,7.8,上海,上海市,静安区
3月,2026-03-18,2026,3,18,家凯拼多多,太太乐旗舰店,9126682,A01三鲜鸡精40x180克(二维码),太太乐三鲜鸡精调味料40×180g（二维码）,三鲜鸡精,1.0,9.122,7.8,云南省,昆明市,官渡区
3月,2026-03-18,2026,3,18,家凯拼多多,太太乐旗舰店,9126682,A01三鲜鸡精40x180克(二维码),太太乐三鲜鸡精调味料40×180g（二维码）,三鲜鸡精,1.0,9.122,7.8,北京,北京市,海淀区
3月,2026-03-18,2026,3,18,家凯拼多多,太太乐旗舰店,9126682,A01三鲜鸡精40x180克(二维码),太太乐三鲜鸡精调味料40×180g（二维码）,三鲜鸡精,1.0,9.122,7.8,四川省,成都市,郫都区
3月,2026-03-18,2026,3,18,家凯拼多多,太太乐旗舰店,9126682,A01三鲜鸡精40x180克(二维码),太太乐三鲜鸡精调味料40×180g（二维码）,三鲜鸡精,2.0,13.3592,7.8,安徽省,亳州市,谯城区
3月,2026-03-18,2026,3,18,家凯拼多多,太太乐旗舰店,9126682,A01三鲜鸡精40x180克(二维码),太太乐三鲜鸡精调味料40×180g（二维码）,三鲜鸡精,1.0,9.122,7.8,山东省,威海市,环翠区
3月,2026-03-18,2026,3,18,家凯拼多多,太太乐旗舰店,9126682,A01三鲜鸡精40x180克(二维码),太太乐三鲜鸡精调味料40×180g（二维码）,三鲜鸡精,2.0,13.6962,7.8,山东省,济南市,天桥区
3月,2026-03-18,2026,3,18,家凯拼多多,太太乐旗舰店,9126682,A01三鲜鸡精40x180克(二维码),太太乐三鲜鸡精调味料40×180g（二维码）,三鲜鸡精,3.0,19.89,7.8,山东省,潍坊市,高新区
3月,2026-03-18,2026,3,18,家凯拼多多,太太乐旗舰店,9126682,A01三鲜鸡精40x180克(二维码),太太乐三鲜鸡精调味料40×180g（二维码）,三鲜鸡精,1.0,9.122,7.8,山东省,烟台市,福山区
3月,2026-03-18,2026,3,18,家凯拼多多,太太乐旗舰店,9126682,A01三鲜鸡精40x180克(二维码),太太乐三鲜鸡精调味料40×180g（二维码）,三鲜鸡精,1.0,10.36,7.8,山东省,聊城市,冠县
3月,2026-03-18,2026,3,18,家凯拼多多,太太乐旗舰店,9126682,A01三鲜鸡精40x180克(二维码),太太乐三鲜鸡精调味料40×180g（二维码）,三鲜鸡精,3.0,17.8011,7.8,山西省,阳泉市,郊区
3月,2026-03-18,2026,3,18,家凯拼多多,太太乐旗舰店,9126682,A01三鲜鸡精40x180克(二维码),太太乐三鲜鸡精调味料40×180g（二维码）,三鲜鸡精,1.0,7.7537,7.8,广东省,东莞市,茶山镇
3月,2026-03-18,2026,3,18,家凯拼多多,太太乐旗舰店,9126682,A01三鲜鸡精40x180克(二维码),太太乐三鲜鸡精调味料40×180g（二维码）,三鲜鸡精,3.0,20.1741,7.8,广东省,东莞市,虎门镇
3月,2026-03-18,2026,3,18,家凯拼多多,太太乐旗舰店,9126682,A01三鲜鸡精40x180克(二维码),太太乐三鲜鸡精调味料40×180g（二维码）,三鲜鸡精,1.0,9.122,7.8,广东省,东莞市,黄江镇
3月,2026-03-18,2026,3,18,家凯拼多多,太太乐旗舰店,9126682,A01三鲜鸡精40x180克(二维码),太太乐三鲜鸡精调味料40×180g（二维码）,三鲜鸡精,1.0,8.0314,7.8,广东省,广州市,白云区
3月,2026-03-18,2026,3,18,家凯拼多多,太太乐调味料专卖店,9126682,A01三鲜鸡精40x180克(二维码),太太乐三鲜鸡精调味料40×180g（二维码）,三鲜鸡精,3.0,20.4174,7.8,广东省,深圳市,宝安区
3月,2026-03-18,2026,3,18,家凯拼多多,太太乐调味料专卖店,9126682,A01三鲜鸡精40x180克(二维码),太太乐三鲜鸡精调味料40×180g（二维码）,三鲜鸡精,3.0,20.4174,7.8,广东省,深圳市,宝安区
3月,2026-03-18,2026,3,18,家凯拼多多,太太乐调味料专卖店,9126682,A01三鲜鸡精40x180克(二维码),太太乐三鲜鸡精调味料40×180g（二维码）,三鲜鸡精,3.0,20.4174,7.8,广东省,深圳市,宝安区
3月,2026-03-18,2026,3,18,家凯拼多多,太太乐旗舰店,9126682,A01三鲜鸡精40x180克(二维码),太太乐三鲜鸡精调味料40×180g（二维码）,三鲜鸡精,1.0,9.122,7.8,广东省,深圳市,宝安区
3月,2026-03-18,2026,3,18,家凯拼多多,太太乐旗舰店,9126682,A01三鲜鸡精40x180克(二维码),太太乐三鲜鸡精调味料40×180g（二维码）,三鲜鸡精,1.0,7.2976,7.8,广东省,深圳市,龙岗区
3月,2026-03-18,2026,3,18,家凯拼多多,太太乐调味料专卖店,9126682,A01三鲜鸡精40x180克(二维码),太太乐三鲜鸡精调味料40×180g（二维码）,三鲜鸡精,15.0,94.9995,7.8,广西壮族自治区,玉林市,玉州区
3月,2026-03-18,2026,3,18,家凯拼多多,太太乐TOTOLE调味旗舰店,9126682,A01三鲜鸡精40x180克(二维码),太太乐三鲜鸡精调味料40×180g（二维码）,三鲜鸡精,2.0,18.9,7.8,江苏省,南京市,秦淮区
3月,2026-03-18,2026,3,18,家凯拼多多,太太乐旗舰店,9126682,A01三鲜鸡精40x180克(二维码),太太乐三鲜鸡精调味料40×180g（二维码）,三鲜鸡精,1.0,7.9,7.8,江苏省,常州市,武进区
3月,2026-03-18,2026,3,18,家凯拼多多,太太乐旗舰店,9126682,A01三鲜鸡精40x180克(二维码),太太乐三鲜鸡精调味料40×180g（二维码）,三鲜鸡精,1.0,9.122,7.8,江苏省,盐城市,亭湖区
3月,2026-03-18,2026,3,18,家凯拼多多,太太乐旗舰店,9126682,A01三鲜鸡精40x180克(二维码),太太乐三鲜鸡精调味料40×180g（二维码）,三鲜鸡精,1.0,9.122,7.8,河北省,石家庄市,栾城区
3月,2026-03-18,2026,3,18,家凯拼多多,太太乐旗舰店,9126682,A01三鲜鸡精40x180克(二维码),太太乐三鲜鸡精调味料40×180g（二维码）,三鲜鸡精,1.0,8.51,7.8,河北省,秦皇岛市,青龙满族自治县
3月,2026-03-18,2026,3,18,家凯拼多多,太太乐旗舰店,9126682,A01三鲜鸡精40x180克(二维码),太太乐三鲜鸡精调味料40×180g（二维码）,三鲜鸡精,1.0,8.72,7.8,河南省,许昌市,禹州市
3月,2026-03-18,2026,3,18,家凯拼多多,太太乐TOTOLE调味旗舰店,9126682,A01三鲜鸡精40x180克(二维码),太太乐三鲜鸡精调味料40×180g（二维码）,三鲜鸡精,1.0,10.9,7.8,浙江省,宁波市,慈溪市
3月,2026-03-18,2026,3,18,家凯拼多多,太太乐旗舰店,9126682,A01三鲜鸡精40x180克(二维码),太太乐三鲜鸡精调味料40×180g（二维码）,三鲜鸡精,1.0,9.6,7.8,浙江省,杭州市,西湖区
3月,2026-03-18,2026,3,18,家凯拼多多,太太乐旗舰店,9126682,A01三鲜鸡精40x180克(二维码),太太乐三鲜鸡精调味料40×180g（二维码）,三鲜鸡精,1.0,7.8,7.8,浙江省,温州市,永嘉县
3月,2026-03-18,2026,3,18,家凯拼多多,太太乐TOTOLE调味旗舰店,9126682,A01三鲜鸡精40x180克(二维码),太太乐三鲜鸡精调味料40×180g（二维码）,三鲜鸡精,2.0,8.9,7.8,浙江省,湖州市,吴兴区
3月,2026-03-18,2026,3,18,家凯拼多多,太太乐旗舰店,9126682,A01三鲜鸡精40x180克(二维码),太太乐三鲜鸡精调味料40×180g（二维码）,三鲜鸡精,1.0,9.122,7.8,浙江省,湖州市,德清县
3月,2026-03-18,2026,3,18,家凯拼多多,太太乐旗舰店,9126682,A01三鲜鸡精40x180克(二维码),太太乐三鲜鸡精调味料40×180g（二维码）,三鲜鸡精,1.0,10.9,7.8,浙江省,衢州市,江山市
3月,2026-03-18,2026,3,18,家凯拼多多,太太乐旗舰店,9126682,A01三鲜鸡精40x180克(二维码),太太乐三鲜鸡精调味料40×180g（二维码）,三鲜鸡精,1.0,7.8,7.8,浙江省,金华市,兰溪市
3月,2026-03-18,2026,3,18,家凯拼多多,太太乐调味料专卖店,9126682,A01三鲜鸡精40x180克(二维码),太太乐三鲜鸡精调味料40×180g（二维码）,三鲜鸡精,30.0,211.8,7.8,海南省,海口市,龙华区
3月,2026-03-18,2026,3,18,家凯拼多多,太太乐旗舰店,9126682,A01三鲜鸡精40x180克(二维码),太太乐三鲜鸡精调味料40×180g（二维码）,三鲜鸡精,1.0,7.7537,7.8,海南省,省直辖县级行政区划,五指山市
3月,2026-03-18,2026,3,18,家凯拼多多,太太乐旗舰店,9126682,A01三鲜鸡精40x180克(二维码),太太乐三鲜鸡精调味料40×180g（二维码）,三鲜鸡精,1.0,7.2646,7.8,海南省,省直辖县级行政区划,琼海市
3月,2026-03-18,2026,3,18,家凯拼多多,太太乐旗舰店,9126682,A01三鲜鸡精40x180克(二维码),太太乐三鲜鸡精调味料40×180g（二维码）,三鲜鸡精,1.0,5.9,7.8,湖北省,咸宁市,嘉鱼县
3月,2026-03-18,2026,3,18,家凯拼多多,太太乐旗舰店,9126682,A01三鲜鸡精40x180克(二维码),太太乐三鲜鸡精调味料40×180g（二维码）,三鲜鸡精,3.0,21.24,7.8,湖北省,武汉市,江岸区
3月,2026-03-18,2026,3,18,家凯拼多多,太太乐旗舰店,9126682,A01三鲜鸡精40x180克(二维码),太太乐三鲜鸡精调味料40×180g（二维码）,三鲜鸡精,1.0,7.7537,7.8,湖北省,荆州市,沙市区
3月,2026-03-18,2026,3,18,家凯拼多多,太太乐旗舰店,9126682,A01三鲜鸡精40x180克(二维码),太太乐三鲜鸡精调味料40×180g（二维码）,三鲜鸡精,1.0,9.122,7.8,湖北省,荆州市,石首市
3月,2026-03-18,2026,3,18,家凯拼多多,太太乐旗舰店,9126682,A01三鲜鸡精40x180克(二维码),太太乐三鲜鸡精调味料40×180g（二维码）,三鲜鸡精,3.0,23.7306,7.8,湖北省,襄阳市,樊城区
3月,2026-03-18,2026,3,18,家凯拼多多,太太乐旗舰店,9126682,A01三鲜鸡精40x180克(二维码),太太乐三鲜鸡精调味料40×180g（二维码）,三鲜鸡精,1.0,9.122,7.8,湖北省,黄冈市,红安县
3月,2026-03-18,2026,3,18,家凯拼多多,太太乐TOTOLE调味旗舰店,9126682,A01三鲜鸡精40x180克(二维码),太太乐三鲜鸡精调味料40×180g（二维码）,三鲜鸡精,1.0,7.9,7.8,湖南省,长沙市,天心区
3月,2026-03-18,2026,3,18,家凯拼多多,太太乐旗舰店,9126682,A01三鲜鸡精40x180克(二维码),太太乐三鲜鸡精调味料40×180g（二维码）,三鲜鸡精,1.0,6.8481,7.8,甘肃省,定西市,安定区
3月,2026-03-18,2026,3,18,家凯拼多多,太太乐旗舰店,9126682,A01三鲜鸡精40x180克(二维码),太太乐三鲜鸡精调味料40×180g（二维码）,三鲜鸡精,1.0,7.7537,7.8,甘肃省,武威市,凉州区
3月,2026-03-18,2026,3,18,家凯拼多多,太太乐调味料专卖店,9126682,A01三鲜鸡精40x180克(二维码),太太乐三鲜鸡精调味料40×180g（二维码）,三鲜鸡精,40.0,286.0,7.8,福建省,宁德市,霞浦县
3月,2026-03-18,2026,3,18,家凯拼多多,太太乐TOTOLE调味旗舰店,9126682,A01三鲜鸡精40x180克(二维码),太太乐三鲜鸡精调味料40×180g（二维码）,三鲜鸡精,3.0,26.9001,7.8,辽宁省,葫芦岛市,龙港区
3月,2026-03-18,2026,3,18,家凯拼多多,太太乐TOTOLE调味旗舰店,9126682,A01三鲜鸡精40x180克(二维码),太太乐三鲜鸡精调味料40×180g（二维码）,三鲜鸡精,20.0,147.0,7.8,辽宁省,锦州市,太和区
3月,2026-03-18,2026,3,18,家凯拼多多,太太乐旗舰店,9126682,A01三鲜鸡精40x180克(二维码),太太乐三鲜鸡精调味料40×180g（二维码）,三鲜鸡精,3.0,18.1299,7.8,陕西省,汉中市,西乡县
3月,2026-03-18,2026,3,18,家凯拼多多,太太乐旗舰店,9126682,A01三鲜鸡精40x180克(二维码),太太乐三鲜鸡精调味料40×180g（二维码）,三鲜鸡精,1.0,9.122,7.8,陕西省,西安市,未央区
3月,2026-03-18,2026,3,18,家凯拼多多,太太乐旗舰店,9126682,A01三鲜鸡精40x180克(二维码),太太乐三鲜鸡精调味料40×180g（二维码）,三鲜鸡精,3.0,20.1741,7.8,黑龙江省,哈尔滨市,呼兰区
3月,2026-03-18,2026,3,18,家凯拼多多,太太乐旗舰店,9126682,A01三鲜鸡精40x180克(二维码),太太乐三鲜鸡精调味料40×180g（二维码）,三鲜鸡精,1.0,2.5119,7.8,黑龙江省,齐齐哈尔市,富拉尔基区
3月,2026-03-19,2026,3,19,家凯拼多多,太太乐TOTOLE调味旗舰店,9126682,A01三鲜鸡精40x180克(二维码),太太乐三鲜鸡精调味料40×180g（二维码）,三鲜鸡精,1.0,8.5,7.8,上海,上海市,徐汇区
3月,2026-03-19,2026,3,19,家凯拼多多,太太乐旗舰店,9126682,A01三鲜鸡精40x180克(二维码),太太乐三鲜鸡精调味料40×180g（二维码）,三鲜鸡精,1.0,8.07,7.8,上海,上海市,浦东新区
3月,2026-03-19,2026,3,19,家凯拼多多,太太乐TOTOLE调味旗舰店,9126682,A01三鲜鸡精40x180克(二维码),太太乐三鲜鸡精调味料40×180g（二维码）,三鲜鸡精,1.0,10.9,7.8,上海,上海市,虹口区
3月,2026-03-19,2026,3,19,家凯拼多多,太太乐TOTOLE调味旗舰店,9126682,A01三鲜鸡精40x180克(二维码),太太乐三鲜鸡精调味料40×180g（二维码）,三鲜鸡精,5.0,40.9,7.8,云南省,昆明市,呈贡区
3月,2026-03-19,2026,3,19,家凯拼多多,太太乐TOTOLE调味旗舰店,9126682,A01三鲜鸡精40x180克(二维码),太太乐三鲜鸡精调味料40×180g（二维码）,三鲜鸡精,3.0,26.9001,7.8,内蒙古自治区,兴安盟,科尔沁右翼前旗
3月,2026-03-19,2026,3,19,家凯拼多多,太太乐旗舰店,9126682,A01三鲜鸡精40x180克(二维码),太太乐三鲜鸡精调味料40×180g（二维码）,三鲜鸡精,1.0,10.9,7.8,北京,北京市,西城区
3月,2026-03-19,2026,3,19,家凯拼多多,太太乐旗舰店,9126682,A01三鲜鸡精40x180克(二维码),太太乐三鲜鸡精调味料40×180g（二维码）,三鲜鸡精,1.0,8.18,7.8,山西省,运城市,盐湖区
3月,2026-03-19,2026,3,19,家凯拼多多,太太乐TOTOLE调味旗舰店,9126682,A01三鲜鸡精40x180克(二维码),太太乐三鲜鸡精调味料40×180g（二维码）,三鲜鸡精,5.0,31.91,7.8,广西壮族自治区,南宁市,江南区
3月,2026-03-19,2026,3,19,家凯拼多多,太太乐TOTOLE调味旗舰店,9126682,A01三鲜鸡精40x180克(二维码),太太乐三鲜鸡精调味料40×180g（二维码）,三鲜鸡精,1.0,10.9,7.8,江苏省,常州市,武进区
3月,2026-03-19,2026,3,19,家凯拼多多,太太乐旗舰店,9126682,A01三鲜鸡精40x180克(二维码),太太乐三鲜鸡精调味料40×180g（二维码）,三鲜鸡精,1.0,10.9,7.8,江苏省,徐州市,泉山区
3月,2026-03-19,2026,3,19,家凯拼多多,太太乐TOTOLE调味旗舰店,9126682,A01三鲜鸡精40x180克(二维码),太太乐三鲜鸡精调味料40×180g（二维码）,三鲜鸡精,1.0,8.51,7.8,江苏省,连云港市,连云区
3月,2026-03-19,2026,3,19,家凯拼多多,太太乐旗舰店,9126682,A01三鲜鸡精40x180克(二维码),太太乐三鲜鸡精调味料40×180g（二维码）,三鲜鸡精,2.0,15.0712,7.8,浙江省,温州市,龙港市
3月,2026-03-19,2026,3,19,家凯拼多多,太太乐TOTOLE调味旗舰店,9126682,A01三鲜鸡精40x180克(二维码),太太乐三鲜鸡精调味料40×180g（二维码）,三鲜鸡精,2.0,18.9,7.8,海南省,省直辖县级行政区划,五指山市
3月,2026-03-19,2026,3,19,家凯拼多多,太太乐TOTOLE调味旗舰店,9126682,A01三鲜鸡精40x180克(二维码),太太乐三鲜鸡精调味料40×180g（二维码）,三鲜鸡精,2.0,18.9,7.8,福建省,福州市,仓山区
3月,2026-03-19,2026,3,19,家凯拼多多,太太乐家凯专卖店,9126682,A01三鲜鸡精40x180克(二维码),太太乐三鲜鸡精调味料40×180g（二维码）,三鲜鸡精,15.0,106.9995,7.8,陕西省,西安市,灞桥区
3月,2026-03-20,2026,3,20,家凯拼多多,太太乐TOTOLE调味旗舰店,9126682,A01三鲜鸡精40x180克(二维码),太太乐三鲜鸡精调味料40×180g（二维码）,三鲜鸡精,1.0,10.9,7.8,上海,上海市,金山区
3月,2026-03-20,2026,3,20,家凯拼多多,太太乐调味料专卖店,9126682,A01三鲜鸡精40x180克(二维码),太太乐三鲜鸡精调味料40×180g（二维码）,三鲜鸡精,40.0,260.26,7.8,上海,上海市,青浦区
3月,2026-03-20,2026,3,20,家凯拼多多,太太乐TOTOLE调味旗舰店,9126682,A01三鲜鸡精40x180克(二维码),太太乐三鲜鸡精调味料40×180g（二维码）,三鲜鸡精,1.0,10.9,7.8,北京,北京市,东城区
3月,2026-03-20,2026,3,20,家凯拼多多,太太乐TOTOLE调味旗舰店,9126682,A01三鲜鸡精40x180克(二维码),太太乐三鲜鸡精调味料40×180g（二维码）,三鲜鸡精,2.0,15.12,7.8,四川省,南充市,高坪区
3月,2026-03-20,2026,3,20,家凯拼多多,太太乐旗舰店,9126682,A01三鲜鸡精40x180克(二维码),太太乐三鲜鸡精调味料40×180g（二维码）,三鲜鸡精,1.0,9.27,7.8,天津,天津市,红桥区
3月,2026-03-20,2026,3,20,家凯拼多多,太太乐旗舰店,9126682,A01三鲜鸡精40x180克(二维码),太太乐三鲜鸡精调味料40×180g（二维码）,三鲜鸡精,1.0,10.9,7.8,安徽省,合肥市,高新技术开发区
3月,2026-03-20,2026,3,20,家凯拼多多,太太乐调味料专卖店,9126682,A01三鲜鸡精40x180克(二维码),太太乐三鲜鸡精调味料40×180g（二维码）,三鲜鸡精,40.0,245.96,7.8,安徽省,阜阳市,颍东区
3月,2026-03-20,2026,3,20,家凯拼多多,太太乐旗舰店,9126682,A01三鲜鸡精40x180克(二维码),太太乐三鲜鸡精调味料40×180g（二维码）,三鲜鸡精,2.0,14.8994,7.8,山东省,泰安市,新泰市
3月,2026-03-20,2026,3,20,家凯拼多多,太太乐TOTOLE调味旗舰店,9126682,A01三鲜鸡精40x180克(二维码),太太乐三鲜鸡精调味料40×180g（二维码）,三鲜鸡精,1.0,10.6,7.8,山西省,吕梁市,孝义市
3月,2026-03-20,2026,3,20,家凯拼多多,太太乐旗舰店,9126682,A01三鲜鸡精40x180克(二维码),太太乐三鲜鸡精调味料40×180g（二维码）,三鲜鸡精,3.0,23.7306,7.8,广东省,佛山市,三水区
3月,2026-03-20,2026,3,20,家凯拼多多,太太乐旗舰店,9126682,A01三鲜鸡精40x180克(二维码),太太乐三鲜鸡精调味料40×180g（二维码）,三鲜鸡精,3.0,23.7306,7.8,广东省,佛山市,南海区
3月,2026-03-20,2026,3,20,家凯拼多多,太太乐旗舰店,9126682,A01三鲜鸡精40x180克(二维码),太太乐三鲜鸡精调味料40×180g（二维码）,三鲜鸡精,2.0,17.1204,7.8,广西壮族自治区,百色市,平果市
3月,2026-03-20,2026,3,20,家凯拼多多,太太乐旗舰店,9126682,A01三鲜鸡精40x180克(二维码),太太乐三鲜鸡精调味料40×180g（二维码）,三鲜鸡精,2.0,0.0662,7.8,江苏省,南京市,栖霞区
3月,2026-03-20,2026,3,20,家凯拼多多,太太乐旗舰店,9126682,A01三鲜鸡精40x180克(二维码),太太乐三鲜鸡精调味料40×180g（二维码）,三鲜鸡精,3.0,25.8999,7.8,江苏省,宿迁市,沭阳县
3月,2026-03-20,2026,3,20,家凯拼多多,太太乐旗舰店,9126682,A01三鲜鸡精40x180克(二维码),太太乐三鲜鸡精调味料40×180g（二维码）,三鲜鸡精,2.0,15.4084,7.8,江苏省,常州市,武进区
3月,2026-03-20,2026,3,20,家凯拼多多,太太乐TOTOLE调味旗舰店,9126682,A01三鲜鸡精40x180克(二维码),太太乐三鲜鸡精调味料40×180g（二维码）,三鲜鸡精,1.0,10.9,7.8,江苏省,苏州市,相城区
3月,2026-03-20,2026,3,20,家凯拼多多,太太乐调味料专卖店,9126682,A01三鲜鸡精40x180克(二维码),太太乐三鲜鸡精调味料40×180g（二维码）,三鲜鸡精,40.0,240.96,7.8,江苏省,连云港市,东海县
3月,2026-03-20,2026,3,20,家凯拼多多,太太乐旗舰店,9126682,A01三鲜鸡精40x180克(二维码),太太乐三鲜鸡精调味料40×180g（二维码）,三鲜鸡精,1.0,8.72,7.8,江西省,九江市,濂溪区
3月,2026-03-20,2026,3,20,家凯拼多多,太太乐TOTOLE调味旗舰店,9126682,A01三鲜鸡精40x180克(二维码),太太乐三鲜鸡精调味料40×180g（二维码）,三鲜鸡精,1.0,8.18,7.8,江西省,南昌市,昌北区
3月,2026-03-20,2026,3,20,家凯拼多多,太太乐旗舰店,9126682,A01三鲜鸡精40x180克(二维码),太太乐三鲜鸡精调味料40×180g（二维码）,三鲜鸡精,3.0,21.7599,7.8,河南省,信阳市,淮滨县
3月,2026-03-20,2026,3,20,家凯拼多多,太太乐旗舰店,9126682,A01三鲜鸡精40x180克(二维码),太太乐三鲜鸡精调味料40×180g（二维码）,三鲜鸡精,1.0,8.72,7.8,河南省,洛阳市,洛宁县
3月,2026-03-20,2026,3,20,家凯拼多多,太太乐旗舰店,9126682,A01三鲜鸡精40x180克(二维码),太太乐三鲜鸡精调味料40×180g（二维码）,三鲜鸡精,3.0,20.37,7.8,河南省,漯河市,舞阳县
3月,2026-03-20,2026,3,20,家凯拼多多,太太乐调味料专卖店,9126682,A01三鲜鸡精40x180克(二维码),太太乐三鲜鸡精调味料40×180g（二维码）,三鲜鸡精,15.0,109.9995,7.8,浙江省,杭州市,临安区
3月,2026-03-20,2026,3,20,家凯拼多多,太太乐TOTOLE调味旗舰店,9126682,A01三鲜鸡精40x180克(二维码),太太乐三鲜鸡精调味料40×180g（二维码）,三鲜鸡精,2.0,18.9,7.8,浙江省,杭州市,萧山区
3月,2026-03-20,2026,3,20,家凯拼多多,太太乐旗舰店,9126682,A01三鲜鸡精40x180克(二维码),太太乐三鲜鸡精调味料40×180g（二维码）,三鲜鸡精,1.0,10.9,7.8,浙江省,绍兴市,诸暨市
3月,2026-03-20,2026,3,20,家凯拼多多,太太乐旗舰店,9126682,A01三鲜鸡精40x180克(二维码),太太乐三鲜鸡精调味料40×180g（二维码）,三鲜鸡精,2.0,15.0712,7.8,湖北省,咸宁市,赤壁市
3月,2026-03-20,2026,3,20,家凯拼多多,太太乐旗舰店,9126682,A01三鲜鸡精40x180克(二维码),太太乐三鲜鸡精调味料40×180g（二维码）,三鲜鸡精,1.0,9.8,7.8,湖北省,黄冈市,团风县
3月,2026-03-20,2026,3,20,家凯拼多多,太太乐TOTOLE调味旗舰店,9126682,A01三鲜鸡精40x180克(二维码),太太乐三鲜鸡精调味料40×180g（二维码）,三鲜鸡精,1.0,10.9,7.8,湖南省,长沙市,宁乡市
3月,2026-03-20,2026,3,20,家凯拼多多,太太乐调味料专卖店,9126682,A01三鲜鸡精40x180克(二维码),太太乐三鲜鸡精调味料40×180g（二维码）,三鲜鸡精,40.0,286.0,7.8,福建省,南平市,武夷山市
3月,2026-03-20,2026,3,20,家凯拼多多,太太乐调味料专卖店,9126682,A01三鲜鸡精40x180克(二维码),太太乐三鲜鸡精调味料40×180g（二维码）,三鲜鸡精,40.0,286.0,7.8,福建省,南平市,武夷山市
3月,2026-03-20,2026,3,20,家凯拼多多,太太乐TOTOLE调味旗舰店,9126682,A01三鲜鸡精40x180克(二维码),太太乐三鲜鸡精调味料40×180g（二维码）,三鲜鸡精,2.0,18.9,7.8,福建省,莆田市,城厢区
3月,2026-03-20,2026,3,20,家凯拼多多,太太乐TOTOLE调味旗舰店,9126682,A01三鲜鸡精40x180克(二维码),太太乐三鲜鸡精调味料40×180g（二维码）,三鲜鸡精,3.0,26.9001,7.8,贵州省,贵阳市,南明区
3月,2026-03-20,2026,3,20,家凯拼多多,太太乐旗舰店,9126682,A01三鲜鸡精40x180克(二维码),太太乐三鲜鸡精调味料40×180g（二维码）,三鲜鸡精,2.0,15.1372,7.8,陕西省,西安市,高陵区
3月,2026-03-20,2026,3,20,家凯拼多多,太太乐家凯专卖店,9126682,A01三鲜鸡精40x180克(二维码),太太乐三鲜鸡精调味料40×180g（二维码）,三鲜鸡精,15.0,88.0005,7.8,黑龙江省,哈尔滨市,双城区
3月,2026-03-20,2026,3,20,家凯拼多多,太太乐调味料专卖店,9126682,A01三鲜鸡精40x180克(二维码),太太乐三鲜鸡精调味料40×180g（二维码）,三鲜鸡精,80.0,566.28,7.8,黑龙江省,牡丹江市,宁安市
3月,2026-03-21,2026,3,21,家凯拼多多,太太乐调味料专卖店,9126682,A01三鲜鸡精40x180克(二维码),太太乐三鲜鸡精调味料40×180g（二维码）,三鲜鸡精,40.0,286.0,7.8,内蒙古自治区,呼和浩特市,土默特左旗
3月,2026-03-21,2026,3,21,家凯拼多多,太太乐旗舰店,9126682,A01三鲜鸡精40x180克(二维码),太太乐三鲜鸡精调味料40×180g（二维码）,三鲜鸡精,2.0,17.1204,7.8,安徽省,亳州市,涡阳县
3月,2026-03-21,2026,3,21,家凯拼多多,太太乐调味料专卖店,9126682,A01三鲜鸡精40x180克(二维码),太太乐三鲜鸡精调味料40×180g（二维码）,三鲜鸡精,40.0,243.1,7.8,山东省,济南市,长清区
3月,2026-03-21,2026,3,21,家凯拼多多,太太乐旗舰店,9126682,A01三鲜鸡精40x180克(二维码),太太乐三鲜鸡精调味料40×180g（二维码）,三鲜鸡精,2.0,17.1204,7.8,山东省,烟台市,开发区
3月,2026-03-21,2026,3,21,家凯拼多多,太太乐旗舰店,9126682,A01三鲜鸡精40x180克(二维码),太太乐三鲜鸡精调味料40×180g（二维码）,三鲜鸡精,2.0,17.1204,7.8,山东省,菏泽市,定陶区
3月,2026-03-21,2026,3,21,家凯拼多多,太太乐旗舰店,9126682,A01三鲜鸡精40x180克(二维码),太太乐三鲜鸡精调味料40×180g（二维码）,三鲜鸡精,1.0,8.72,7.8,广东省,佛山市,南海区
3月,2026-03-21,2026,3,21,家凯拼多多,太太乐旗舰店,9126682,A01三鲜鸡精40x180克(二维码),太太乐三鲜鸡精调味料40×180g（二维码）,三鲜鸡精,2.0,15.0712,7.8,广西壮族自治区,南宁市,西乡塘区
3月,2026-03-21,2026,3,21,家凯拼多多,太太乐旗舰店,9126682,A01三鲜鸡精40x180克(二维码),太太乐三鲜鸡精调味料40×180g（二维码）,三鲜鸡精,2.0,17.1204,7.8,江苏省,无锡市,新吴区
3月,2026-03-21,2026,3,21,家凯拼多多,太太乐TOTOLE调味旗舰店,9126682,A01三鲜鸡精40x180克(二维码),太太乐三鲜鸡精调味料40×180g（二维码）,三鲜鸡精,2.0,15.9,7.8,江苏省,无锡市,梁溪区
3月,2026-03-21,2026,3,21,家凯拼多多,太太乐调味料专卖店,9126682,A01三鲜鸡精40x180克(二维码),太太乐三鲜鸡精调味料40×180g（二维码）,三鲜鸡精,40.0,245.96,7.8,江苏省,盐城市,亭湖区
3月,2026-03-21,2026,3,21,家凯拼多多,太太乐调味料专卖店,9126682,A01三鲜鸡精40x180克(二维码),太太乐三鲜鸡精调味料40×180g（二维码）,三鲜鸡精,40.0,254.54,7.8,河北省,唐山市,玉田县
3月,2026-03-21,2026,3,21,家凯拼多多,太太乐调味料专卖店,9126682,A01三鲜鸡精40x180克(二维码),太太乐三鲜鸡精调味料40×180g（二维码）,三鲜鸡精,40.0,266.0,7.8,河南省,商丘市,夏邑县
3月,2026-03-21,2026,3,21,家凯拼多多,太太乐调味料专卖店,9126682,A01三鲜鸡精40x180克(二维码),太太乐三鲜鸡精调味料40×180g（二维码）,三鲜鸡精,80.0,498.328,7.8,河南省,郑州市,二七区
3月,2026-03-21,2026,3,21,家凯拼多多,太太乐TOTOLE调味旗舰店,9126682,A01三鲜鸡精40x180克(二维码),太太乐三鲜鸡精调味料40×180g（二维码）,三鲜鸡精,2.0,18.9,7.8,河南省,郑州市,荥阳市
3月,2026-03-21,2026,3,21,家凯拼多多,太太乐调味料专卖店,9126682,A01三鲜鸡精40x180克(二维码),太太乐三鲜鸡精调味料40×180g（二维码）,三鲜鸡精,40.0,271.7,7.8,浙江省,台州市,临海市
3月,2026-03-21,2026,3,21,家凯拼多多,太太乐家凯专卖店,9126682,A01三鲜鸡精40x180克(二维码),太太乐三鲜鸡精调味料40×180g（二维码）,三鲜鸡精,15.0,109.9995,7.8,浙江省,台州市,温岭市
3月,2026-03-21,2026,3,21,家凯拼多多,太太乐调味料专卖店,9126682,A01三鲜鸡精40x180克(二维码),太太乐三鲜鸡精调味料40×180g（二维码）,三鲜鸡精,40.0,257.4,7.8,浙江省,台州市,路桥区
3月,2026-03-21,2026,3,21,家凯拼多多,太太乐旗舰店,9126682,A01三鲜鸡精40x180克(二维码),太太乐三鲜鸡精调味料40×180g（二维码）,三鲜鸡精,2.0,17.1204,7.8,浙江省,宁波市,北仑区
3月,2026-03-21,2026,3,21,家凯拼多多,太太乐调味料专卖店,9126682,A01三鲜鸡精40x180克(二维码),太太乐三鲜鸡精调味料40×180g（二维码）,三鲜鸡精,80.0,566.28,7.8,浙江省,宁波市,鄞州区
3月,2026-03-21,2026,3,21,家凯拼多多,太太乐旗舰店,9126682,A01三鲜鸡精40x180克(二维码),太太乐三鲜鸡精调味料40×180g（二维码）,三鲜鸡精,3.0,21.5001,7.8,浙江省,宁波市,鄞州区
3月,2026-03-21,2026,3,21,家凯拼多多,太太乐TOTOLE调味旗舰店,9126682,A01三鲜鸡精40x180克(二维码),太太乐三鲜鸡精调味料40×180g（二维码）,三鲜鸡精,1.0,7.9,7.8,浙江省,杭州市,萧山区
3月,2026-03-21,2026,3,21,家凯拼多多,太太乐TOTOLE调味旗舰店,9126682,A01三鲜鸡精40x180克(二维码),太太乐三鲜鸡精调味料40×180g（二维码）,三鲜鸡精,5.0,40.9,7.8,浙江省,杭州市,西湖区
3月,2026-03-21,2026,3,21,家凯拼多多,太太乐TOTOLE调味旗舰店,9126682,A01三鲜鸡精40x180克(二维码),太太乐三鲜鸡精调味料40×180g（二维码）,三鲜鸡精,2.0,18.9,7.8,浙江省,舟山市,定海区
3月,2026-03-21,2026,3,21,家凯拼多多,太太乐旗舰店,9126682,A01三鲜鸡精40x180克(二维码),太太乐三鲜鸡精调味料40×180g（二维码）,三鲜鸡精,1.0,10.9,7.8,浙江省,金华市,永康市
3月,2026-03-21,2026,3,21,家凯拼多多,太太乐旗舰店,9126682,A01三鲜鸡精40x180克(二维码),太太乐三鲜鸡精调味料40×180g（二维码）,三鲜鸡精,2.0,17.1204,7.8,湖北省,宜昌市,当阳市
3月,2026-03-21,2026,3,21,家凯拼多多,太太乐旗舰店,9126682,A01三鲜鸡精40x180克(二维码),太太乐三鲜鸡精调味料40×180g（二维码）,三鲜鸡精,3.0,20.7201,7.8,湖北省,省直辖县级行政区划,潜江市
3月,2026-03-21,2026,3,21,家凯拼多多,太太乐调味料专卖店,9126682,A01三鲜鸡精40x180克(二维码),太太乐三鲜鸡精调味料40×180g（二维码）,三鲜鸡精,15.0,109.9995,7.8,湖北省,荆州市,松滋市
3月,2026-03-21,2026,3,21,家凯拼多多,太太乐旗舰店,9126682,A01三鲜鸡精40x180克(二维码),太太乐三鲜鸡精调味料40×180g（二维码）,三鲜鸡精,1.0,10.9,7.8,湖南省,常德市,鼎城区
3月,2026-03-21,2026,3,21,家凯拼多多,太太乐旗舰店,9126682,A01三鲜鸡精40x180克(二维码),太太乐三鲜鸡精调味料40×180g（二维码）,三鲜鸡精,2.0,17.1204,7.8,湖南省,湘西土家族苗族自治州,吉首市
3月,2026-03-21,2026,3,21,家凯拼多多,太太乐旗舰店,9126682,A01三鲜鸡精40x180克(二维码),太太乐三鲜鸡精调味料40×180g（二维码）,三鲜鸡精,2.0,17.1204,7.8,福建省,泉州市,石狮市
3月,2026-03-21,2026,3,21,家凯拼多多,太太乐TOTOLE调味旗舰店,9126682,A01三鲜鸡精40x180克(二维码),太太乐三鲜鸡精调味料40×180g（二维码）,三鲜鸡精,5.0,40.9,7.8,辽宁省,沈阳市,大东区
3月,2026-03-21,2026,3,21,家凯拼多多,太太乐旗舰店,9126682,A01三鲜鸡精40x180克(二维码),太太乐三鲜鸡精调味料40×180g（二维码）,三鲜鸡精,2.0,17.1204,7.8,辽宁省,沈阳市,沈北新区
3月,2026-03-21,2026,3,21,家凯拼多多,太太乐旗舰店,9126682,A01三鲜鸡精40x180克(二维码),太太乐三鲜鸡精调味料40×180g（二维码）,三鲜鸡精,1.0,10.9,7.8,辽宁省,阜新市,细河区
3月,2026-03-21,2026,3,21,家凯拼多多,太太乐TOTOLE调味旗舰店,9126682,A01三鲜鸡精40x180克(二维码),太太乐三鲜鸡精调味料40×180g（二维码）,三鲜鸡精,1.0,8.72,7.8,陕西省,商洛市,商州区
3月,2026-03-21,2026,3,21,家凯拼多多,太太乐旗舰店,9126682,A01三鲜鸡精40x180克(二维码),太太乐三鲜鸡精调味料40×180g（二维码）,三鲜鸡精,2.0,13.6962,7.8,陕西省,渭南市,蒲城县
3月,2026-03-22,2026,3,22,家凯拼多多,太太乐旗舰店,9126682,A01三鲜鸡精40x180克(二维码),太太乐三鲜鸡精调味料40×180g（二维码）,三鲜鸡精,1.0,8.72,7.8,上海,上海市,宝山区
3月,2026-03-22,2026,3,22,家凯拼多多,太太乐调味料专卖店,9126682,A01三鲜鸡精40x180克(二维码),太太乐三鲜鸡精调味料40×180g（二维码）,三鲜鸡精,15.0,108.33,7.8,上海,上海市,松江区
3月,2026-03-22,2026,3,22,家凯拼多多,太太乐TOTOLE调味旗舰店,9126682,A01三鲜鸡精40x180克(二维码),太太乐三鲜鸡精调味料40×180g（二维码）,三鲜鸡精,3.0,26.9001,7.8,上海,上海市,浦东新区
3月,2026-03-22,2026,3,22,家凯拼多多,太太乐旗舰店,9126682,A01三鲜鸡精40x180克(二维码),太太乐三鲜鸡精调味料40×180g（二维码）,三鲜鸡精,1.0,10.9,7.8,云南省,德宏傣族景颇族自治州,瑞丽市
3月,2026-03-22,2026,3,22,家凯拼多多,太太乐TOTOLE调味旗舰店,9126682,A01三鲜鸡精40x180克(二维码),太太乐三鲜鸡精调味料40×180g（二维码）,三鲜鸡精,2.0,18.9,7.8,内蒙古自治区,鄂尔多斯市,乌审旗
3月,2026-03-22,2026,3,22,家凯拼多多,太太乐TOTOLE调味旗舰店,9126682,A01三鲜鸡精40x180克(二维码),太太乐三鲜鸡精调味料40×180g（二维码）,三鲜鸡精,1.0,10.9,7.8,北京,北京市,朝阳区
3月,2026-03-22,2026,3,22,家凯拼多多,太太乐TOTOLE调味旗舰店,9126682,A01三鲜鸡精40x180克(二维码),太太乐三鲜鸡精调味料40×180g（二维码）,三鲜鸡精,2.0,17.9,7.8,北京,北京市,海淀区
3月,2026-03-22,2026,3,22,家凯拼多多,太太乐TOTOLE调味旗舰店,9126682,A01三鲜鸡精40x180克(二维码),太太乐三鲜鸡精调味料40×180g（二维码）,三鲜鸡精,3.0,26.9001,7.8,北京,北京市,通州区
3月,2026-03-22,2026,3,22,家凯拼多多,太太乐调味料专卖店,9126682,A01三鲜鸡精40x180克(二维码),太太乐三鲜鸡精调味料40×180g（二维码）,三鲜鸡精,15.0,94.9995,7.8,吉林省,白山市,浑江区
3月,2026-03-22,2026,3,22,家凯拼多多,太太乐TOTOLE调味旗舰店,9126682,A01三鲜鸡精40x180克(二维码),太太乐三鲜鸡精调味料40×180g（二维码）,三鲜鸡精,3.0,26.9001,7.8,安徽省,合肥市,包河区
3月,2026-03-22,2026,3,22,家凯拼多多,太太乐旗舰店,9126682,A01三鲜鸡精40x180克(二维码),太太乐三鲜鸡精调味料40×180g（二维码）,三鲜鸡精,1.0,10.9,7.8,安徽省,淮南市,潘集区
3月,2026-03-22,2026,3,22,家凯拼多多,太太乐旗舰店,9126682,A01三鲜鸡精40x180克(二维码),太太乐三鲜鸡精调味料40×180g（二维码）,三鲜鸡精,20.0,136.0,7.8,安徽省,阜阳市,临泉县
3月,2026-03-22,2026,3,22,家凯拼多多,太太乐TOTOLE调味旗舰店,9126682,A01三鲜鸡精40x180克(二维码),太太乐三鲜鸡精调味料40×180g（二维码）,三鲜鸡精,1.0,8.5,7.8,山东省,聊城市,东昌府区
3月,2026-03-22,2026,3,22,家凯拼多多,太太乐旗舰店,9126682,A01三鲜鸡精40x180克(二维码),太太乐三鲜鸡精调味料40×180g（二维码）,三鲜鸡精,1.0,10.9,7.8,广东省,东莞市,厚街镇
3月,2026-03-22,2026,3,22,家凯拼多多,太太乐旗舰店,9126682,A01三鲜鸡精40x180克(二维码),太太乐三鲜鸡精调味料40×180g（二维码）,三鲜鸡精,2.0,13.8152,7.8,广东省,东莞市,虎门镇
3月,2026-03-22,2026,3,22,家凯拼多多,太太乐旗舰店,9126682,A01三鲜鸡精40x180克(二维码),太太乐三鲜鸡精调味料40×180g（二维码）,三鲜鸡精,3.0,23.7306,7.8,广东省,中山市,沙溪镇
3月,2026-03-22,2026,3,22,家凯拼多多,太太乐旗舰店,9126682,A01三鲜鸡精40x180克(二维码),太太乐三鲜鸡精调味料40×180g（二维码）,三鲜鸡精,2.0,17.1204,7.8,广东省,佛山市,南海区
3月,2026-03-22,2026,3,22,家凯拼多多,太太乐TOTOLE调味旗舰店,9126682,A01三鲜鸡精40x180克(二维码),太太乐三鲜鸡精调味料40×180g（二维码）,三鲜鸡精,2.0,17.01,7.8,广东省,佛山市,顺德区
3月,2026-03-22,2026,3,22,家凯拼多多,太太乐旗舰店,9126682,A01三鲜鸡精40x180克(二维码),太太乐三鲜鸡精调味料40×180g（二维码）,三鲜鸡精,2.0,15.0712,7.8,广东省,广州市,白云区
3月,2026-03-22,2026,3,22,家凯拼多多,太太乐旗舰店,9126682,A01三鲜鸡精40x180克(二维码),太太乐三鲜鸡精调味料40×180g（二维码）,三鲜鸡精,1.0,10.9,7.8,广东省,广州市,越秀区
3月,2026-03-22,2026,3,22,家凯拼多多,太太乐旗舰店,9126682,A01三鲜鸡精40x180克(二维码),太太乐三鲜鸡精调味料40×180g（二维码）,三鲜鸡精,1.0,7.9,7.8,广东省,汕头市,潮南区
3月,2026-03-22,2026,3,22,家凯拼多多,太太乐旗舰店,9126682,A01三鲜鸡精40x180克(二维码),太太乐三鲜鸡精调味料40×180g（二维码）,三鲜鸡精,1.0,10.9,7.8,广东省,深圳市,龙岗区
3月,2026-03-22,2026,3,22,家凯拼多多,太太乐旗舰店,9126682,A01三鲜鸡精40x180克(二维码),太太乐三鲜鸡精调味料40×180g（二维码）,三鲜鸡精,1.0,7.9,7.8,广东省,珠海市,金湾区
3月,2026-03-22,2026,3,22,家凯拼多多,太太乐TOTOLE调味旗舰店,9126682,A01三鲜鸡精40x180克(二维码),太太乐三鲜鸡精调味料40×180g（二维码）,三鲜鸡精,1.0,8.18,7.8,广西壮族自治区,南宁市,良庆区
3月,2026-03-22,2026,3,22,家凯拼多多,太太乐旗舰店,9126682,A01三鲜鸡精40x180克(二维码),太太乐三鲜鸡精调味料40×180g（二维码）,三鲜鸡精,1.0,5.9,7.8,江苏省,无锡市,锡山区
3月,2026-03-22,2026,3,22,家凯拼多多,太太乐TOTOLE调味旗舰店,9126682,A01三鲜鸡精40x180克(二维码),太太乐三鲜鸡精调味料40×180g（二维码）,三鲜鸡精,2.0,18.9,7.8,江苏省,苏州市,昆山市
3月,2026-03-22,2026,3,22,家凯拼多多,太太乐旗舰店,9126682,A01三鲜鸡精40x180克(二维码),太太乐三鲜鸡精调味料40×180g（二维码）,三鲜鸡精,2.0,17.28,7.8,江西省,宜春市,丰城市
3月,2026-03-22,2026,3,22,家凯拼多多,太太乐TOTOLE调味旗舰店,9126682,A01三鲜鸡精40x180克(二维码),太太乐三鲜鸡精调味料40×180g（二维码）,三鲜鸡精,1.0,0.9,7.8,江西省,萍乡市,上栗县
3月,2026-03-22,2026,3,22,家凯拼多多,太太乐旗舰店,9126682,A01三鲜鸡精40x180克(二维码),太太乐三鲜鸡精调味料40×180g（二维码）,三鲜鸡精,1.0,8.29,7.8,河北省,沧州市,任丘市
3月,2026-03-22,2026,3,22,家凯拼多多,太太乐旗舰店,9126682,A01三鲜鸡精40x180克(二维码),太太乐三鲜鸡精调味料40×180g（二维码）,三鲜鸡精,1.0,10.9,7.8,浙江省,台州市,玉环市
3月,2026-03-22,2026,3,22,家凯拼多多,太太乐TOTOLE调味旗舰店,9126682,A01三鲜鸡精40x180克(二维码),太太乐三鲜鸡精调味料40×180g（二维码）,三鲜鸡精,5.0,37.9,7.8,浙江省,嘉兴市,秀洲区
3月,2026-03-22,2026,3,22,家凯拼多多,太太乐旗舰店,9126682,A01三鲜鸡精40x180克(二维码),太太乐三鲜鸡精调味料40×180g（二维码）,三鲜鸡精,3.0,25.8999,7.8,浙江省,杭州市,余杭区
3月,2026-03-22,2026,3,22,家凯拼多多,太太乐旗舰店,9126682,A01三鲜鸡精40x180克(二维码),太太乐三鲜鸡精调味料40×180g（二维码）,三鲜鸡精,3.0,25.8999,7.8,浙江省,温州市,平阳县
3月,2026-03-22,2026,3,22,家凯拼多多,太太乐TOTOLE调味旗舰店,9126682,A01三鲜鸡精40x180克(二维码),太太乐三鲜鸡精调味料40×180g（二维码）,三鲜鸡精,2.0,15.9,7.8,浙江省,湖州市,南浔区
3月,2026-03-22,2026,3,22,家凯拼多多,太太乐旗舰店,9126682,A01三鲜鸡精40x180克(二维码),太太乐三鲜鸡精调味料40×180g（二维码）,三鲜鸡精,3.0,21.3576,7.8,湖北省,孝感市,孝南区
3月,2026-03-22,2026,3,22,家凯拼多多,太太乐调味料专卖店,9126682,A01三鲜鸡精40x180克(二维码),太太乐三鲜鸡精调味料40×180g（二维码）,三鲜鸡精,40.0,254.54,7.8,湖北省,孝感市,汉川市
3月,2026-03-22,2026,3,22,家凯拼多多,太太乐旗舰店,9126682,A01三鲜鸡精40x180克(二维码),太太乐三鲜鸡精调味料40×180g（二维码）,三鲜鸡精,1.0,8.72,7.8,湖南省,长沙市,天心区
3月,2026-03-22,2026,3,22,家凯拼多多,太太乐旗舰店,9126682,A01三鲜鸡精40x180克(二维码),太太乐三鲜鸡精调味料40×180g（二维码）,三鲜鸡精,3.0,23.7306,7.8,湖南省,长沙市,望城区
3月,2026-03-22,2026,3,22,家凯拼多多,太太乐调味料专卖店,9126682,A01三鲜鸡精40x180克(二维码),太太乐三鲜鸡精调味料40×180g（二维码）,三鲜鸡精,80.0,537.968,7.8,辽宁省,沈阳市,于洪区
3月,2026-03-22,2026,3,22,家凯拼多多,太太乐旗舰店,9126682,A01三鲜鸡精40x180克(二维码),太太乐三鲜鸡精调味料40×180g（二维码）,三鲜鸡精,3.0,23.79,7.8,辽宁省,鞍山市,岫岩满族自治县
3月,2026-03-22,2026,3,22,家凯拼多多,太太乐旗舰店,9126682,A01三鲜鸡精40x180克(二维码),太太乐三鲜鸡精调味料40×180g（二维码）,三鲜鸡精,1.0,10.36,7.8,青海省,果洛藏族自治州,玛沁县
3月,2026-03-22,2026,3,22,家凯拼多多,太太乐TOTOLE调味旗舰店,9126682,A01三鲜鸡精40x180克(二维码),太太乐三鲜鸡精调味料40×180g（二维码）,三鲜鸡精,2.0,18.9,7.8,黑龙江省,哈尔滨市,道里区
3月,2026-03-23,2026,3,23,家凯拼多多,太太乐TOTOLE调味旗舰店,9126682,A01三鲜鸡精40x180克(二维码),太太乐三鲜鸡精调味料40×180g（二维码）,三鲜鸡精,2.0,18.9,7.8,上海,上海市,闵行区
3月,2026-03-23,2026,3,23,家凯拼多多,太太乐旗舰店,9126682,A01三鲜鸡精40x180克(二维码),太太乐三鲜鸡精调味料40×180g（二维码）,三鲜鸡精,1.0,10.9,7.8,上海,上海市,静安区
3月,2026-03-23,2026,3,23,家凯拼多多,太太乐旗舰店,9126682,A01三鲜鸡精40x180克(二维码),太太乐三鲜鸡精调味料40×180g（二维码）,三鲜鸡精,1.0,10.9,7.8,上海,上海市,黄浦区
3月,2026-03-23,2026,3,23,家凯拼多多,太太乐调味料专卖店,9126682,A01三鲜鸡精40x180克(二维码),太太乐三鲜鸡精调味料40×180g（二维码）,三鲜鸡精,15.0,109.9995,7.8,北京,北京市,海淀区
3月,2026-03-23,2026,3,23,家凯拼多多,太太乐调味料专卖店,9126682,A01三鲜鸡精40x180克(二维码),太太乐三鲜鸡精调味料40×180g（二维码）,三鲜鸡精,15.0,109.9995,7.8,安徽省,淮南市,寿县
3月,2026-03-23,2026,3,23,家凯拼多多,太太乐旗舰店,9126682,A01三鲜鸡精40x180克(二维码),太太乐三鲜鸡精调味料40×180g（二维码）,三鲜鸡精,3.0,25.8999,7.8,安徽省,滁州市,来安县
3月,2026-03-23,2026,3,23,家凯拼多多,太太乐调味料专卖店,9126682,A01三鲜鸡精40x180克(二维码),太太乐三鲜鸡精调味料40×180g（二维码）,三鲜鸡精,40.0,245.96,7.8,安徽省,阜阳市,颍东区
3月,2026-03-23,2026,3,23,家凯拼多多,太太乐旗舰店,9126682,A01三鲜鸡精40x180克(二维码),太太乐三鲜鸡精调味料40×180g（二维码）,三鲜鸡精,1.0,10.9,7.8,山东省,临沂市,兰山区
3月,2026-03-23,2026,3,23,家凯拼多多,太太乐旗舰店,9126682,A01三鲜鸡精40x180克(二维码),太太乐三鲜鸡精调味料40×180g（二维码）,三鲜鸡精,1.0,10.9,7.8,山东省,临沂市,河东区
3月,2026-03-23,2026,3,23,家凯拼多多,太太乐调味料专卖店,9126682,A01三鲜鸡精40x180克(二维码),太太乐三鲜鸡精调味料40×180g（二维码）,三鲜鸡精,80.0,509.664,7.8,山东省,泰安市,新泰市
3月,2026-03-23,2026,3,23,家凯拼多多,太太乐TOTOLE调味旗舰店,9126682,A01三鲜鸡精40x180克(二维码),太太乐三鲜鸡精调味料40×180g（二维码）,三鲜鸡精,1.0,10.9,7.8,山西省,太原市,迎泽区
3月,2026-03-23,2026,3,23,家凯拼多多,太太乐TOTOLE调味旗舰店,9126682,A01三鲜鸡精40x180克(二维码),太太乐三鲜鸡精调味料40×180g（二维码）,三鲜鸡精,2.0,13.9,7.8,广东省,东莞市,厚街镇
3月,2026-03-23,2026,3,23,家凯拼多多,太太乐调味料专卖店,9126682,A01三鲜鸡精40x180克(二维码),太太乐三鲜鸡精调味料40×180g（二维码）,三鲜鸡精,40.0,276.312,7.8,广东省,东莞市,大岭山镇
3月,2026-03-23,2026,3,23,家凯拼多多,太太乐TOTOLE调味旗舰店,9126682,A01三鲜鸡精40x180克(二维码),太太乐三鲜鸡精调味料40×180g（二维码）,三鲜鸡精,2.0,18.76,7.8,广东省,佛山市,三水区
3月,2026-03-23,2026,3,23,家凯拼多多,太太乐旗舰店,9126682,A01三鲜鸡精40x180克(二维码),太太乐三鲜鸡精调味料40×180g（二维码）,三鲜鸡精,1.0,7.9,7.8,广东省,广州市,花都区
3月,2026-03-23,2026,3,23,家凯拼多多,太太乐调味料专卖店,9126682,A01三鲜鸡精40x180克(二维码),太太乐三鲜鸡精调味料40×180g（二维码）,三鲜鸡精,40.0,286.0,7.8,江苏省,南京市,江宁区
3月,2026-03-23,2026,3,23,家凯拼多多,太太乐旗舰店,9126682,A01三鲜鸡精40x180克(二维码),太太乐三鲜鸡精调味料40×180g（二维码）,三鲜鸡精,1.0,8.72,7.8,江苏省,南京市,江宁区
3月,2026-03-23,2026,3,23,家凯拼多多,太太乐调味料专卖店,9126682,A01三鲜鸡精40x180克(二维码),太太乐三鲜鸡精调味料40×180g（二维码）,三鲜鸡精,15.0,100.9995,7.8,江苏省,徐州市,邳州市
3月,2026-03-23,2026,3,23,家凯拼多多,太太乐调味料专卖店,9126682,A01三鲜鸡精40x180克(二维码),太太乐三鲜鸡精调味料40×180g（二维码）,三鲜鸡精,40.0,254.54,7.8,江苏省,扬州市,宝应县
3月,2026-03-23,2026,3,23,家凯拼多多,太太乐旗舰店,9126682,A01三鲜鸡精40x180克(二维码),太太乐三鲜鸡精调味料40×180g（二维码）,三鲜鸡精,1.0,7.63,7.8,江苏省,无锡市,滨湖区
3月,2026-03-23,2026,3,23,家凯拼多多,太太乐旗舰店,9126682,A01三鲜鸡精40x180克(二维码),太太乐三鲜鸡精调味料40×180g（二维码）,三鲜鸡精,1.0,10.9,7.8,江苏省,苏州市,吴中区
3月,2026-03-23,2026,3,23,家凯拼多多,太太乐TOTOLE调味旗舰店,9126682,A01三鲜鸡精40x180克(二维码),太太乐三鲜鸡精调味料40×180g（二维码）,三鲜鸡精,1.0,10.9,7.8,江苏省,苏州市,吴中区
3月,2026-03-23,2026,3,23,家凯拼多多,太太乐旗舰店,9126682,A01三鲜鸡精40x180克(二维码),太太乐三鲜鸡精调味料40×180g（二维码）,三鲜鸡精,1.0,10.9,7.8,江苏省,苏州市,吴江区
3月,2026-03-23,2026,3,23,家凯拼多多,太太乐家凯专卖店,9126682,A01三鲜鸡精40x180克(二维码),太太乐三鲜鸡精调味料40×180g（二维码）,三鲜鸡精,15.0,105.0,7.8,江西省,吉安市,永新县
3月,2026-03-23,2026,3,23,家凯拼多多,太太乐旗舰店,9126682,A01三鲜鸡精40x180克(二维码),太太乐三鲜鸡精调味料40×180g（二维码）,三鲜鸡精,1.0,10.9,7.8,江西省,景德镇市,珠山区
3月,2026-03-23,2026,3,23,家凯拼多多,太太乐家凯专卖店,9126682,A01三鲜鸡精40x180克(二维码),太太乐三鲜鸡精调味料40×180g（二维码）,三鲜鸡精,15.0,109.9995,7.8,浙江省,台州市,黄岩区
3月,2026-03-23,2026,3,23,家凯拼多多,太太乐旗舰店,9126682,A01三鲜鸡精40x180克(二维码),太太乐三鲜鸡精调味料40×180g（二维码）,三鲜鸡精,3.0,25.8999,7.8,浙江省,杭州市,上城区
3月,2026-03-23,2026,3,23,家凯拼多多,太太乐调味料专卖店,9126682,A01三鲜鸡精40x180克(二维码),太太乐三鲜鸡精调味料40×180g（二维码）,三鲜鸡精,15.0,89.6595,7.8,浙江省,杭州市,拱墅区
3月,2026-03-23,2026,3,23,家凯拼多多,太太乐TOTOLE调味旗舰店,9126682,A01三鲜鸡精40x180克(二维码),太太乐三鲜鸡精调味料40×180g（二维码）,三鲜鸡精,2.0,18.9,7.8,浙江省,金华市,金东区
3月,2026-03-23,2026,3,23,家凯拼多多,太太乐旗舰店,9126682,A01三鲜鸡精40x180克(二维码),太太乐三鲜鸡精调味料40×180g（二维码）,三鲜鸡精,1.0,10.9,7.8,浙江省,金华市,金东区
3月,2026-03-23,2026,3,23,家凯拼多多,太太乐调味料专卖店,9126682,A01三鲜鸡精40x180克(二维码),太太乐三鲜鸡精调味料40×180g（二维码）,三鲜鸡精,40.0,279.0,7.8,海南省,乐东黎族自治县,抱由镇
3月,2026-03-23,2026,3,23,家凯拼多多,太太乐调味料专卖店,9126682,A01三鲜鸡精40x180克(二维码),太太乐三鲜鸡精调味料40×180g（二维码）,三鲜鸡精,40.0,283.0,7.8,海南省,省直辖县级行政区划,乐东黎族自治县
3月,2026-03-23,2026,3,23,家凯拼多多,太太乐家凯专卖店,9126682,A01三鲜鸡精40x180克(二维码),太太乐三鲜鸡精调味料40×180g（二维码）,三鲜鸡精,15.0,109.9995,7.8,海南省,省直辖县级行政区划,屯昌县
3月,2026-03-23,2026,3,23,家凯拼多多,太太乐TOTOLE调味旗舰店,9126682,A01三鲜鸡精40x180克(二维码),太太乐三鲜鸡精调味料40×180g（二维码）,三鲜鸡精,1.0,0.9,7.8,湖北省,武汉市,东西湖区
3月,2026-03-23,2026,3,23,家凯拼多多,太太乐调味料专卖店,9126682,A01三鲜鸡精40x180克(二维码),太太乐三鲜鸡精调味料40×180g（二维码）,三鲜鸡精,40.0,286.0,7.8,湖南省,株洲市,芦淞区
3月,2026-03-23,2026,3,23,家凯拼多多,太太乐调味料专卖店,9126682,A01三鲜鸡精40x180克(二维码),太太乐三鲜鸡精调味料40×180g（二维码）,三鲜鸡精,40.0,271.7,7.8,湖南省,株洲市,荷塘区
3月,2026-03-23,2026,3,23,家凯拼多多,太太乐旗舰店,9126682,A01三鲜鸡精40x180克(二维码),太太乐三鲜鸡精调味料40×180g（二维码）,三鲜鸡精,1.0,10.9,7.8,湖南省,郴州市,北湖区
3月,2026-03-23,2026,3,23,家凯拼多多,太太乐调味料专卖店,9126682,A01三鲜鸡精40x180克(二维码),太太乐三鲜鸡精调味料40×180g（二维码）,三鲜鸡精,40.0,266.0,7.8,湖南省,长沙市,岳麓区
3月,2026-03-23,2026,3,23,家凯拼多多,太太乐旗舰店,9126682,A01三鲜鸡精40x180克(二维码),太太乐三鲜鸡精调味料40×180g（二维码）,三鲜鸡精,1.0,8.18,7.8,湖南省,长沙市,开福区
3月,2026-03-23,2026,3,23,家凯拼多多,太太乐旗舰店,9126682,A01三鲜鸡精40x180克(二维码),太太乐三鲜鸡精调味料40×180g（二维码）,三鲜鸡精,3.0,25.8999,7.8,福建省,莆田市,荔城区
3月,2026-03-23,2026,3,23,家凯拼多多,太太乐旗舰店,9126682,A01三鲜鸡精40x180克(二维码),太太乐三鲜鸡精调味料40×180g（二维码）,三鲜鸡精,1.0,3.9,7.8,贵州省,贵阳市,花溪区
3月,2026-03-23,2026,3,23,家凯拼多多,太太乐调味料专卖店,9126682,A01三鲜鸡精40x180克(二维码),太太乐三鲜鸡精调味料40×180g（二维码）,三鲜鸡精,40.0,286.0,7.8,贵州省,黔东南苗族侗族自治州,凯里市
3月,2026-03-23,2026,3,23,家凯拼多多,太太乐旗舰店,9126682,A01三鲜鸡精40x180克(二维码),太太乐三鲜鸡精调味料40×180g（二维码）,三鲜鸡精,1.0,9.27,7.8,辽宁省,丹东市,振兴区
3月,2026-03-23,2026,3,23,家凯拼多多,太太乐旗舰店,9126682,A01三鲜鸡精40x180克(二维码),太太乐三鲜鸡精调味料40×180g（二维码）,三鲜鸡精,1.0,10.9,7.8,辽宁省,沈阳市,铁西区
3月,2026-03-23,2026,3,23,家凯拼多多,太太乐TOTOLE调味旗舰店,9126682,A01三鲜鸡精40x180克(二维码),太太乐三鲜鸡精调味料40×180g（二维码）,三鲜鸡精,1.0,10.9,7.8,陕西省,咸阳市,泾阳县
3月,2026-03-23,2026,3,23,家凯拼多多,太太乐调味料专卖店,9126682,A01三鲜鸡精40x180克(二维码),太太乐三鲜鸡精调味料40×180g（二维码）,三鲜鸡精,15.0,109.9995,7.8,陕西省,咸阳市,渭城区
3月,2026-03-24,2026,3,24,家凯拼多多,太太乐旗舰店,9126682,A01三鲜鸡精40x180克(二维码),太太乐三鲜鸡精调味料40×180g（二维码）,三鲜鸡精,1.0,10.9,7.8,上海,上海市,松江区
3月,2026-03-24,2026,3,24,家凯拼多多,太太乐旗舰店,9126682,A01三鲜鸡精40x180克(二维码),太太乐三鲜鸡精调味料40×180g（二维码）,三鲜鸡精,1.0,10.9,7.8,上海,上海市,浦东新区
3月,2026-03-24,2026,3,24,家凯拼多多,太太乐旗舰店,9126682,A01三鲜鸡精40x180克(二维码),太太乐三鲜鸡精调味料40×180g（二维码）,三鲜鸡精,1.0,10.9,7.8,上海,上海市,浦东新区
3月,2026-03-24,2026,3,24,家凯拼多多,太太乐旗舰店,9126682,A01三鲜鸡精40x180克(二维码),太太乐三鲜鸡精调味料40×180g（二维码）,三鲜鸡精,1.0,9.122,7.8,上海,上海市,闵行区
3月,2026-03-24,2026,3,24,家凯拼多多,太太乐旗舰店,9126682,A01三鲜鸡精40x180克(二维码),太太乐三鲜鸡精调味料40×180g（二维码）,三鲜鸡精,1.0,9.122,7.8,上海,上海市,闵行区
3月,2026-03-24,2026,3,24,家凯拼多多,太太乐旗舰店,9126682,A01三鲜鸡精40x180克(二维码),太太乐三鲜鸡精调味料40×180g（二维码）,三鲜鸡精,1.0,10.9,7.8,四川省,成都市,简阳市
3月,2026-03-24,2026,3,24,家凯拼多多,太太乐旗舰店,9126682,A01三鲜鸡精40x180克(二维码),太太乐三鲜鸡精调味料40×180g（二维码）,三鲜鸡精,3.0,20.7201,7.8,安徽省,宿州市,灵璧县
3月,2026-03-24,2026,3,24,家凯拼多多,太太乐旗舰店,9126682,A01三鲜鸡精40x180克(二维码),太太乐三鲜鸡精调味料40×180g（二维码）,三鲜鸡精,1.0,10.9,7.8,山东省,临沂市,罗庄区
3月,2026-03-24,2026,3,24,家凯拼多多,太太乐旗舰店,9126682,A01三鲜鸡精40x180克(二维码),太太乐三鲜鸡精调味料40×180g（二维码）,三鲜鸡精,1.0,8.83,7.8,山东省,威海市,环翠区
3月,2026-03-24,2026,3,24,家凯拼多多,太太乐旗舰店,9126682,A01三鲜鸡精40x180克(二维码),太太乐三鲜鸡精调味料40×180g（二维码）,三鲜鸡精,1.0,8.6659,7.8,山东省,泰安市,岱岳区
3月,2026-03-24,2026,3,24,家凯拼多多,太太乐旗舰店,9126682,A01三鲜鸡精40x180克(二维码),太太乐三鲜鸡精调味料40×180g（二维码）,三鲜鸡精,1.0,9.122,7.8,山东省,济南市,历城区
3月,2026-03-24,2026,3,24,家凯拼多多,太太乐旗舰店,9126682,A01三鲜鸡精40x180克(二维码),太太乐三鲜鸡精调味料40×180g（二维码）,三鲜鸡精,1.0,7.4827,7.8,山东省,济南市,槐荫区
3月,2026-03-24,2026,3,24,家凯拼多多,太太乐旗舰店,9126682,A01三鲜鸡精40x180克(二维码),太太乐三鲜鸡精调味料40×180g（二维码）,三鲜鸡精,1.0,10.9,7.8,山东省,烟台市,福山区
3月,2026-03-24,2026,3,24,家凯拼多多,太太乐旗舰店,9126682,A01三鲜鸡精40x180克(二维码),太太乐三鲜鸡精调味料40×180g（二维码）,三鲜鸡精,1.0,5.9,7.8,山东省,菏泽市,牡丹区
3月,2026-03-24,2026,3,24,家凯拼多多,太太乐旗舰店,9126682,A01三鲜鸡精40x180克(二维码),太太乐三鲜鸡精调味料40×180g（二维码）,三鲜鸡精,1.0,10.9,7.8,山东省,青岛市,城阳区
3月,2026-03-24,2026,3,24,家凯拼多多,太太乐TOTOLE调味旗舰店,9126682,A01三鲜鸡精40x180克(二维码),太太乐三鲜鸡精调味料40×180g（二维码）,三鲜鸡精,1.0,10.9,7.8,山西省,太原市,万柏林区
3月,2026-03-24,2026,3,24,家凯拼多多,太太乐旗舰店,9126682,A01三鲜鸡精40x180克(二维码),太太乐三鲜鸡精调味料40×180g（二维码）,三鲜鸡精,1.0,8.3024,7.8,广东省,东莞市,企石镇
3月,2026-03-24,2026,3,24,家凯拼多多,太太乐旗舰店,9126682,A01三鲜鸡精40x180克(二维码),太太乐三鲜鸡精调味料40×180g（二维码）,三鲜鸡精,1.0,8.2098,7.8,广东省,东莞市,虎门镇
3月,2026-03-24,2026,3,24,家凯拼多多,太太乐调味料专卖店,9126682,A01三鲜鸡精40x180克(二维码),太太乐三鲜鸡精调味料40×180g（二维码）,三鲜鸡精,40.0,286.0,7.8,广东省,广州市,南沙区
3月,2026-03-24,2026,3,24,家凯拼多多,太太乐旗舰店,9126682,A01三鲜鸡精40x180克(二维码),太太乐三鲜鸡精调味料40×180g（二维码）,三鲜鸡精,3.0,20.7201,7.8,广东省,广州市,白云区
3月,2026-03-24,2026,3,24,家凯拼多多,太太乐旗舰店,9126682,A01三鲜鸡精40x180克(二维码),太太乐三鲜鸡精调味料40×180g（二维码）,三鲜鸡精,1.0,9.122,7.8,广东省,广州市,黄埔区
3月,2026-03-24,2026,3,24,家凯拼多多,太太乐旗舰店,9126682,A01三鲜鸡精40x180克(二维码),太太乐三鲜鸡精调味料40×180g（二维码）,三鲜鸡精,1.0,10.9,7.8,广东省,深圳市,龙华区
3月,2026-03-24,2026,3,24,家凯拼多多,太太乐TOTOLE调味旗舰店,9126682,A01三鲜鸡精40x180克(二维码),太太乐三鲜鸡精调味料40×180g（二维码）,三鲜鸡精,1.0,10.9,7.8,广东省,珠海市,斗门区
3月,2026-03-24,2026,3,24,家凯拼多多,太太乐旗舰店,9126682,A01三鲜鸡精40x180克(二维码),太太乐三鲜鸡精调味料40×180g（二维码）,三鲜鸡精,3.0,23.7306,7.8,广西壮族自治区,玉林市,玉州区
3月,2026-03-24,2026,3,24,家凯拼多多,太太乐TOTOLE调味旗舰店,9126682,A01三鲜鸡精40x180克(二维码),太太乐三鲜鸡精调味料40×180g（二维码）,三鲜鸡精,2.0,18.9,7.8,江苏省,南京市,江宁区
3月,2026-03-24,2026,3,24,家凯拼多多,太太乐旗舰店,9126682,A01三鲜鸡精40x180克(二维码),太太乐三鲜鸡精调味料40×180g（二维码）,三鲜鸡精,1.0,10.9,7.8,江苏省,南通市,崇川区
3月,2026-03-24,2026,3,24,家凯拼多多,太太乐旗舰店,9126682,A01三鲜鸡精40x180克(二维码),太太乐三鲜鸡精调味料40×180g（二维码）,三鲜鸡精,1.0,9.122,7.8,江苏省,宿迁市,泗洪县
3月,2026-03-24,2026,3,24,家凯拼多多,太太乐调味料专卖店,9126682,A01三鲜鸡精40x180克(二维码),太太乐三鲜鸡精调味料40×180g（二维码）,三鲜鸡精,15.0,93.4995,7.8,江苏省,常州市,武进区
3月,2026-03-24,2026,3,24,家凯拼多多,太太乐旗舰店,9126682,A01三鲜鸡精40x180克(二维码),太太乐三鲜鸡精调味料40×180g（二维码）,三鲜鸡精,1.0,10.9,7.8,江苏省,常州市,溧阳市
3月,2026-03-24,2026,3,24,家凯拼多多,太太乐调味料专卖店,9126682,A01三鲜鸡精40x180克(二维码),太太乐三鲜鸡精调味料40×180g（二维码）,三鲜鸡精,80.0,486.28,7.8,江苏省,徐州市,丰县
3月,2026-03-24,2026,3,24,家凯拼多多,太太乐调味料专卖店,9126682,A01三鲜鸡精40x180克(二维码),太太乐三鲜鸡精调味料40×180g（二维码）,三鲜鸡精,15.0,94.9995,7.8,江苏省,徐州市,邳州市
3月,2026-03-24,2026,3,24,家凯拼多多,太太乐旗舰店,9126682,A01三鲜鸡精40x180克(二维码),太太乐三鲜鸡精调味料40×180g（二维码）,三鲜鸡精,1.0,9.122,7.8,江苏省,徐州市,鼓楼区
3月,2026-03-24,2026,3,24,家凯拼多多,太太乐旗舰店,9126682,A01三鲜鸡精40x180克(二维码),太太乐三鲜鸡精调味料40×180g（二维码）,三鲜鸡精,1.0,9.0427,7.8,江苏省,无锡市,惠山区
3月,2026-03-24,2026,3,24,家凯拼多多,太太乐调味料专卖店,9126682,A01三鲜鸡精40x180克(二维码),太太乐三鲜鸡精调味料40×180g（二维码）,三鲜鸡精,15.0,109.9995,7.8,江苏省,淮安市,淮安区
3月,2026-03-24,2026,3,24,家凯拼多多,太太乐旗舰店,9126682,A01三鲜鸡精40x180克(二维码),太太乐三鲜鸡精调味料40×180g（二维码）,三鲜鸡精,1.0,9.122,7.8,江苏省,苏州市,太仓市
3月,2026-03-24,2026,3,24,家凯拼多多,太太乐旗舰店,9126682,A01三鲜鸡精40x180克(二维码),太太乐三鲜鸡精调味料40×180g（二维码）,三鲜鸡精,1.0,7.7537,7.8,江苏省,苏州市,姑苏区
3月,2026-03-24,2026,3,24,家凯拼多多,太太乐旗舰店,9126682,A01三鲜鸡精40x180克(二维码),太太乐三鲜鸡精调味料40×180g（二维码）,三鲜鸡精,1.0,10.9,7.8,江苏省,苏州市,工业园区
3月,2026-03-24,2026,3,24,家凯拼多多,太太乐旗舰店,9126682,A01三鲜鸡精40x180克(二维码),太太乐三鲜鸡精调味料40×180g（二维码）,三鲜鸡精,1.0,9.122,7.8,江苏省,苏州市,虎丘区
3月,2026-03-24,2026,3,24,家凯拼多多,太太乐调味料专卖店,9126682,A01三鲜鸡精40x180克(二维码),太太乐三鲜鸡精调味料40×180g（二维码）,三鲜鸡精,40.0,286.0,7.8,江西省,上饶市,广丰区
3月,2026-03-24,2026,3,24,家凯拼多多,太太乐旗舰店,9126682,A01三鲜鸡精40x180克(二维码),太太乐三鲜鸡精调味料40×180g（二维码）,三鲜鸡精,1.0,10.9,7.8,江西省,南昌市,青山湖区
3月,2026-03-24,2026,3,24,家凯拼多多,太太乐TOTOLE调味旗舰店,9126682,A01三鲜鸡精40x180克(二维码),太太乐三鲜鸡精调味料40×180g（二维码）,三鲜鸡精,1.0,0.9,7.8,江西省,新余市,渝水区
3月,2026-03-24,2026,3,24,家凯拼多多,太太乐旗舰店,9126682,A01三鲜鸡精40x180克(二维码),太太乐三鲜鸡精调味料40×180g（二维码）,三鲜鸡精,3.0,25.8999,7.8,河北省,石家庄市,桥西区
3月,2026-03-24,2026,3,24,家凯拼多多,太太乐TOTOLE调味旗舰店,9126682,A01三鲜鸡精40x180克(二维码),太太乐三鲜鸡精调味料40×180g（二维码）,三鲜鸡精,3.0,26.9001,7.8,河南省,鹤壁市,山城区
3月,2026-03-24,2026,3,24,家凯拼多多,太太乐TOTOLE调味旗舰店,9126682,A01三鲜鸡精40x180克(二维码),太太乐三鲜鸡精调味料40×180g（二维码）,三鲜鸡精,2.0,15.9,7.8,浙江省,嘉兴市,平湖市
3月,2026-03-24,2026,3,24,家凯拼多多,太太乐旗舰店,9126682,A01三鲜鸡精40x180克(二维码),太太乐三鲜鸡精调味料40×180g（二维码）,三鲜鸡精,1.0,10.9,7.8,浙江省,嘉兴市,秀洲区
3月,2026-03-24,2026,3,24,家凯拼多多,太太乐旗舰店,9126682,A01三鲜鸡精40x180克(二维码),太太乐三鲜鸡精调味料40×180g（二维码）,三鲜鸡精,1.0,9.122,7.8,浙江省,宁波市,奉化区
3月,2026-03-24,2026,3,24,家凯拼多多,太太乐TOTOLE调味旗舰店,9126682,A01三鲜鸡精40x180克(二维码),太太乐三鲜鸡精调味料40×180g（二维码）,三鲜鸡精,5.0,40.9,7.8,浙江省,宁波市,慈溪市
3月,2026-03-24,2026,3,24,家凯拼多多,太太乐旗舰店,9126682,A01三鲜鸡精40x180克(二维码),太太乐三鲜鸡精调味料40×180g（二维码）,三鲜鸡精,3.0,25.8999,7.8,浙江省,湖州市,安吉县
3月,2026-03-24,2026,3,24,家凯拼多多,太太乐旗舰店,9126682,A01三鲜鸡精40x180克(二维码),太太乐三鲜鸡精调味料40×180g（二维码）,三鲜鸡精,3.0,23.7306,7.8,浙江省,绍兴市,柯桥区
3月,2026-03-24,2026,3,24,家凯拼多多,太太乐旗舰店,9126682,A01三鲜鸡精40x180克(二维码),太太乐三鲜鸡精调味料40×180g（二维码）,三鲜鸡精,1.0,9.81,7.8,浙江省,金华市,义乌市
3月,2026-03-24,2026,3,24,家凯拼多多,太太乐旗舰店,9126682,A01三鲜鸡精40x180克(二维码),太太乐三鲜鸡精调味料40×180g（二维码）,三鲜鸡精,1.0,9.122,7.8,海南省,海口市,美兰区
3月,2026-03-24,2026,3,24,家凯拼多多,太太乐旗舰店,9126682,A01三鲜鸡精40x180克(二维码),太太乐三鲜鸡精调味料40×180g（二维码）,三鲜鸡精,2.0,21.59,7.8,湖南省,张家界市,永定区
3月,2026-03-24,2026,3,24,家凯拼多多,太太乐旗舰店,9126682,A01三鲜鸡精40x180克(二维码),太太乐三鲜鸡精调味料40×180g（二维码）,三鲜鸡精,1.0,9.122,7.8,甘肃省,兰州市,城关区
3月,2026-03-24,2026,3,24,家凯拼多多,太太乐旗舰店,9126682,A01三鲜鸡精40x180克(二维码),太太乐三鲜鸡精调味料40×180g（二维码）,三鲜鸡精,2.0,15.0712,7.8,甘肃省,陇南市,武都区
3月,2026-03-24,2026,3,24,家凯拼多多,太太乐调味料专卖店,9126682,A01三鲜鸡精40x180克(二维码),太太乐三鲜鸡精调味料40×180g（二维码）,三鲜鸡精,80.0,537.968,7.8,福建省,漳州市,龙海区
3月,2026-03-24,2026,3,24,家凯拼多多,太太乐调味料专卖店,9126682,A01三鲜鸡精40x180克(二维码),太太乐三鲜鸡精调味料40×180g（二维码）,三鲜鸡精,40.0,286.0,7.8,辽宁省,沈阳市,沈北新区
3月,2026-03-24,2026,3,24,家凯拼多多,太太乐旗舰店,9126682,A01三鲜鸡精40x180克(二维码),太太乐三鲜鸡精调味料40×180g（二维码）,三鲜鸡精,1.0,10.9,7.8,辽宁省,沈阳市,浑南区
3月,2026-03-24,2026,3,24,家凯拼多多,太太乐旗舰店,9126682,A01三鲜鸡精40x180克(二维码),太太乐三鲜鸡精调味料40×180g（二维码）,三鲜鸡精,1.0,8.72,7.8,陕西省,咸阳市,渭城区
3月,2026-03-24,2026,3,24,家凯拼多多,太太乐旗舰店,9126682,A01三鲜鸡精40x180克(二维码),太太乐三鲜鸡精调味料40×180g（二维码）,三鲜鸡精,1.0,7.7537,7.8,陕西省,西安市,未央区
3月,2026-03-24,2026,3,24,家凯拼多多,太太乐旗舰店,9126682,A01三鲜鸡精40x180克(二维码),太太乐三鲜鸡精调味料40×180g（二维码）,三鲜鸡精,1.0,7.8,7.8,黑龙江省,齐齐哈尔市,拜泉县
3月,2026-03-25,2026,3,25,家凯拼多多,太太乐旗舰店,9126682,A01三鲜鸡精40x180克(二维码),太太乐三鲜鸡精调味料40×180g（二维码）,三鲜鸡精,1.0,9.122,7.8,上海,上海市,奉贤区
3月,2026-03-25,2026,3,25,家凯拼多多,太太乐旗舰店,9126682,A01三鲜鸡精40x180克(二维码),太太乐三鲜鸡精调味料40×180g（二维码）,三鲜鸡精,1.0,10.9,7.8,上海,上海市,普陀区
3月,2026-03-25,2026,3,25,家凯拼多多,太太乐旗舰店,9126682,A01三鲜鸡精40x180克(二维码),太太乐三鲜鸡精调味料40×180g（二维码）,三鲜鸡精,1.0,9.122,7.8,上海,上海市,松江区
3月,2026-03-25,2026,3,25,家凯拼多多,太太乐旗舰店,9126682,A01三鲜鸡精40x180克(二维码),太太乐三鲜鸡精调味料40×180g（二维码）,三鲜鸡精,1.0,9.122,7.8,云南省,德宏傣族景颇族自治州,瑞丽市
3月,2026-03-25,2026,3,25,家凯拼多多,太太乐TOTOLE调味旗舰店,9126682,A01三鲜鸡精40x180克(二维码),太太乐三鲜鸡精调味料40×180g（二维码）,三鲜鸡精,5.0,40.9,7.8,云南省,德宏傣族景颇族自治州,盈江县
3月,2026-03-25,2026,3,25,家凯拼多多,太太乐旗舰店,9126682,A01三鲜鸡精40x180克(二维码),太太乐三鲜鸡精调味料40×180g（二维码）,三鲜鸡精,1.0,10.9,7.8,云南省,昆明市,呈贡区
3月,2026-03-25,2026,3,25,家凯拼多多,太太乐旗舰店,9126682,A01三鲜鸡精40x180克(二维码),太太乐三鲜鸡精调味料40×180g（二维码）,三鲜鸡精,3.0,23.7306,7.8,北京,北京市,大兴区
3月,2026-03-25,2026,3,25,家凯拼多多,太太乐旗舰店,9126682,A01三鲜鸡精40x180克(二维码),太太乐三鲜鸡精调味料40×180g（二维码）,三鲜鸡精,1.0,10.9,7.8,北京,北京市,延庆区
3月,2026-03-25,2026,3,25,家凯拼多多,太太乐TOTOLE调味旗舰店,9126682,A01三鲜鸡精40x180克(二维码),太太乐三鲜鸡精调味料40×180g（二维码）,三鲜鸡精,2.0,18.9,7.8,四川省,内江市,威远县
3月,2026-03-25,2026,3,25,家凯拼多多,太太乐旗舰店,9126682,A01三鲜鸡精40x180克(二维码),太太乐三鲜鸡精调味料40×180g（二维码）,三鲜鸡精,1.0,10.9,7.8,安徽省,合肥市,包河区
3月,2026-03-25,2026,3,25,家凯拼多多,太太乐旗舰店,9126682,A01三鲜鸡精40x180克(二维码),太太乐三鲜鸡精调味料40×180g（二维码）,三鲜鸡精,1.0,7.7537,7.8,安徽省,合肥市,滨湖新区
3月,2026-03-25,2026,3,25,家凯拼多多,太太乐调味料专卖店,9126682,A01三鲜鸡精40x180克(二维码),太太乐三鲜鸡精调味料40×180g（二维码）,三鲜鸡精,15.0,109.9995,7.8,安徽省,宣城市,宣州区
3月,2026-03-25,2026,3,25,家凯拼多多,太太乐旗舰店,9126682,A01三鲜鸡精40x180克(二维码),太太乐三鲜鸡精调味料40×180g（二维码）,三鲜鸡精,1.0,8.461,7.8,安徽省,淮南市,潘集区
3月,2026-03-25,2026,3,25,家凯拼多多,太太乐旗舰店,9126682,A01三鲜鸡精40x180克(二维码),太太乐三鲜鸡精调味料40×180g（二维码）,三鲜鸡精,2.0,15.752,7.8,安徽省,滁州市,南谯区
3月,2026-03-25,2026,3,25,家凯拼多多,太太乐旗舰店,9126682,A01三鲜鸡精40x180克(二维码),太太乐三鲜鸡精调味料40×180g（二维码）,三鲜鸡精,3.0,23.7306,7.8,安徽省,滁州市,天长市
3月,2026-03-25,2026,3,25,家凯拼多多,太太乐旗舰店,9126682,A01三鲜鸡精40x180克(二维码),太太乐三鲜鸡精调味料40×180g（二维码）,三鲜鸡精,3.0,23.7306,7.8,山东省,威海市,环翠区
3月,2026-03-25,2026,3,25,家凯拼多多,太太乐旗舰店,9126682,A01三鲜鸡精40x180克(二维码),太太乐三鲜鸡精调味料40×180g（二维码）,三鲜鸡精,1.0,10.9,7.8,山东省,济宁市,邹城市
3月,2026-03-25,2026,3,25,家凯拼多多,太太乐旗舰店,9126682,A01三鲜鸡精40x180克(二维码),太太乐三鲜鸡精调味料40×180g（二维码）,三鲜鸡精,1.0,9.81,7.8,山东省,烟台市,福山区
3月,2026-03-25,2026,3,25,家凯拼多多,太太乐旗舰店,9126682,A01三鲜鸡精40x180克(二维码),太太乐三鲜鸡精调味料40×180g（二维码）,三鲜鸡精,1.0,8.3222,7.8,山东省,烟台市,福山区
3月,2026-03-25,2026,3,25,家凯拼多多,太太乐旗舰店,9126682,A01三鲜鸡精40x180克(二维码),太太乐三鲜鸡精调味料40×180g（二维码）,三鲜鸡精,1.0,9.122,7.8,山东省,聊城市,东昌府区
3月,2026-03-25,2026,3,25,家凯拼多多,太太乐旗舰店,9126682,A01三鲜鸡精40x180克(二维码),太太乐三鲜鸡精调味料40×180g（二维码）,三鲜鸡精,1.0,10.36,7.8,山东省,青岛市,城阳区
3月,2026-03-25,2026,3,25,家凯拼多多,太太乐旗舰店,9126682,A01三鲜鸡精40x180克(二维码),太太乐三鲜鸡精调味料40×180g（二维码）,三鲜鸡精,1.0,9.122,7.8,山东省,青岛市,城阳区
3月,2026-03-25,2026,3,25,家凯拼多多,太太乐调味料专卖店,9126682,A01三鲜鸡精40x180克(二维码),太太乐三鲜鸡精调味料40×180g（二维码）,三鲜鸡精,15.0,109.9995,7.8,山西省,临汾市,洪洞县
3月,2026-03-25,2026,3,25,家凯拼多多,太太乐旗舰店,9126682,A01三鲜鸡精40x180克(二维码),太太乐三鲜鸡精调味料40×180g（二维码）,三鲜鸡精,3.0,25.8999,7.8,广东省,东莞市,塘厦镇
3月,2026-03-25,2026,3,25,家凯拼多多,太太乐调味料专卖店,9126682,A01三鲜鸡精40x180克(二维码),太太乐三鲜鸡精调味料40×180g（二维码）,三鲜鸡精,200.0,1349.1,7.8,广东省,东莞市,常平镇
3月,2026-03-25,2026,3,25,家凯拼多多,太太乐TOTOLE调味旗舰店,9126682,A01三鲜鸡精40x180克(二维码),太太乐三鲜鸡精调味料40×180g（二维码）,三鲜鸡精,2.0,18.9,7.8,广东省,东莞市,黄江镇
3月,2026-03-25,2026,3,25,家凯拼多多,太太乐旗舰店,9126682,A01三鲜鸡精40x180克(二维码),太太乐三鲜鸡精调味料40×180g（二维码）,三鲜鸡精,3.0,25.8999,7.8,广东省,中山市,古镇镇
3月,2026-03-25,2026,3,25,家凯拼多多,太太乐旗舰店,9126682,A01三鲜鸡精40x180克(二维码),太太乐三鲜鸡精调味料40×180g（二维码）,三鲜鸡精,1.0,9.122,7.8,广东省,广州市,黄埔区
3月,2026-03-25,2026,3,25,家凯拼多多,太太乐旗舰店,9126682,A01三鲜鸡精40x180克(二维码),太太乐三鲜鸡精调味料40×180g（二维码）,三鲜鸡精,1.0,9.122,7.8,广东省,深圳市,龙岗区
3月,2026-03-25,2026,3,25,家凯拼多多,太太乐旗舰店,9126682,A01三鲜鸡精40x180克(二维码),太太乐三鲜鸡精调味料40×180g（二维码）,三鲜鸡精,1.0,9.122,7.8,广西壮族自治区,南宁市,良庆区
3月,2026-03-25,2026,3,25,家凯拼多多,太太乐旗舰店,9126682,A01三鲜鸡精40x180克(二维码),太太乐三鲜鸡精调味料40×180g（二维码）,三鲜鸡精,3.0,23.31,7.8,江苏省,徐州市,沛县
3月,2026-03-25,2026,3,25,家凯拼多多,太太乐旗舰店,9126682,A01三鲜鸡精40x180克(二维码),太太乐三鲜鸡精调味料40×180g（二维码）,三鲜鸡精,1.0,7.139,7.8,江苏省,淮安市,清江浦区
3月,2026-03-25,2026,3,25,家凯拼多多,太太乐旗舰店,9126682,A01三鲜鸡精40x180克(二维码),太太乐三鲜鸡精调味料40×180g（二维码）,三鲜鸡精,3.0,25.8999,7.8,江苏省,盐城市,阜宁县
3月,2026-03-25,2026,3,25,家凯拼多多,太太乐TOTOLE调味旗舰店,9126682,A01三鲜鸡精40x180克(二维码),太太乐三鲜鸡精调味料40×180g（二维码）,三鲜鸡精,1.0,10.9,7.8,江苏省,苏州市,工业园区
3月,2026-03-25,2026,3,25,家凯拼多多,太太乐旗舰店,9126682,A01三鲜鸡精40x180克(二维码),太太乐三鲜鸡精调味料40×180g（二维码）,三鲜鸡精,1.0,10.9,7.8,江苏省,苏州市,常熟市
3月,2026-03-25,2026,3,25,家凯拼多多,太太乐旗舰店,9126682,A01三鲜鸡精40x180克(二维码),太太乐三鲜鸡精调味料40×180g（二维码）,三鲜鸡精,1.0,9.122,7.8,江苏省,苏州市,昆山市
3月,2026-03-25,2026,3,25,家凯拼多多,太太乐旗舰店,9126682,A01三鲜鸡精40x180克(二维码),太太乐三鲜鸡精调味料40×180g（二维码）,三鲜鸡精,1.0,9.122,7.8,江苏省,苏州市,昆山市
3月,2026-03-25,2026,3,25,家凯拼多多,太太乐旗舰店,9126682,A01三鲜鸡精40x180克(二维码),太太乐三鲜鸡精调味料40×180g（二维码）,三鲜鸡精,2.0,17.1204,7.8,江苏省,镇江市,丹徒区
3月,2026-03-25,2026,3,25,家凯拼多多,太太乐旗舰店,9126682,A01三鲜鸡精40x180克(二维码),太太乐三鲜鸡精调味料40×180g（二维码）,三鲜鸡精,2.0,17.1204,7.8,江西省,南昌市,青山湖区
3月,2026-03-25,2026,3,25,家凯拼多多,太太乐旗舰店,9126682,A01三鲜鸡精40x180克(二维码),太太乐三鲜鸡精调味料40×180g（二维码）,三鲜鸡精,1.0,5.9,7.8,江西省,抚州市,乐安县
3月,2026-03-25,2026,3,25,家凯拼多多,太太乐调味料专卖店,9126682,A01三鲜鸡精40x180克(二维码),太太乐三鲜鸡精调味料40×180g（二维码）,三鲜鸡精,40.0,284.0,7.8,江西省,抚州市,宜黄县
3月,2026-03-25,2026,3,25,家凯拼多多,太太乐旗舰店,9126682,A01三鲜鸡精40x180克(二维码),太太乐三鲜鸡精调味料40×180g（二维码）,三鲜鸡精,3.0,25.8999,7.8,河北省,沧州市,黄骅市
3月,2026-03-25,2026,3,25,家凯拼多多,太太乐旗舰店,9126682,A01三鲜鸡精40x180克(二维码),太太乐三鲜鸡精调味料40×180g（二维码）,三鲜鸡精,1.0,10.36,7.8,河北省,沧州市,黄骅市
3月,2026-03-25,2026,3,25,家凯拼多多,太太乐旗舰店,9126682,A01三鲜鸡精40x180克(二维码),太太乐三鲜鸡精调味料40×180g（二维码）,三鲜鸡精,1.0,7.8,7.8,河北省,石家庄市,长安区
3月,2026-03-25,2026,3,25,家凯拼多多,太太乐旗舰店,9126682,A01三鲜鸡精40x180克(二维码),太太乐三鲜鸡精调味料40×180g（二维码）,三鲜鸡精,1.0,9.122,7.8,河南省,商丘市,永城市
3月,2026-03-25,2026,3,25,家凯拼多多,太太乐旗舰店,9126682,A01三鲜鸡精40x180克(二维码),太太乐三鲜鸡精调味料40×180g（二维码）,三鲜鸡精,1.0,9.122,7.8,浙江省,嘉兴市,平湖市
3月,2026-03-25,2026,3,25,家凯拼多多,太太乐调味料专卖店,9126682,A01三鲜鸡精40x180克(二维码),太太乐三鲜鸡精调味料40×180g（二维码）,三鲜鸡精,15.0,109.9995,7.8,浙江省,宁波市,慈溪市
3月,2026-03-25,2026,3,25,家凯拼多多,太太乐旗舰店,9126682,A01三鲜鸡精40x180克(二维码),太太乐三鲜鸡精调味料40×180g（二维码）,三鲜鸡精,1.0,5.8169,7.8,浙江省,杭州市,拱墅区
3月,2026-03-25,2026,3,25,家凯拼多多,太太乐调味料专卖店,9126682,A01三鲜鸡精40x180克(二维码),太太乐三鲜鸡精调味料40×180g（二维码）,三鲜鸡精,40.0,286.0,7.8,浙江省,温州市,平阳县
3月,2026-03-25,2026,3,25,家凯拼多多,太太乐调味料专卖店,9126682,A01三鲜鸡精40x180克(二维码),太太乐三鲜鸡精调味料40×180g（二维码）,三鲜鸡精,40.0,251.68,7.8,浙江省,温州市,泰顺县
3月,2026-03-25,2026,3,25,家凯拼多多,太太乐TOTOLE调味旗舰店,9126682,A01三鲜鸡精40x180克(二维码),太太乐三鲜鸡精调味料40×180g（二维码）,三鲜鸡精,1.0,10.9,7.8,浙江省,湖州市,南浔区
3月,2026-03-25,2026,3,25,家凯拼多多,太太乐旗舰店,9126682,A01三鲜鸡精40x180克(二维码),太太乐三鲜鸡精调味料40×180g（二维码）,三鲜鸡精,1.0,9.122,7.8,浙江省,绍兴市,嵊州市
3月,2026-03-25,2026,3,25,家凯拼多多,太太乐旗舰店,9126682,A01三鲜鸡精40x180克(二维码),太太乐三鲜鸡精调味料40×180g（二维码）,三鲜鸡精,1.0,10.9,7.8,浙江省,金华市,义乌市
3月,2026-03-25,2026,3,25,家凯拼多多,太太乐旗舰店,9126682,A01三鲜鸡精40x180克(二维码),太太乐三鲜鸡精调味料40×180g（二维码）,三鲜鸡精,1.0,9.122,7.8,海南省,省直辖县级行政区划,临高县
3月,2026-03-25,2026,3,25,家凯拼多多,太太乐旗舰店,9126682,A01三鲜鸡精40x180克(二维码),太太乐三鲜鸡精调味料40×180g（二维码）,三鲜鸡精,3.0,19.4301,7.8,海南省,省直辖县级行政区划,定安县
3月,2026-03-25,2026,3,25,家凯拼多多,太太乐旗舰店,9126682,A01三鲜鸡精40x180克(二维码),太太乐三鲜鸡精调味料40×180g（二维码）,三鲜鸡精,1.0,7.1125,7.8,湖北省,武汉市,硚口区
3月,2026-03-25,2026,3,25,家凯拼多多,太太乐旗舰店,9126682,A01三鲜鸡精40x180克(二维码),太太乐三鲜鸡精调味料40×180g（二维码）,三鲜鸡精,1.0,10.9,7.8,湖北省,荆州市,公安县
3月,2026-03-25,2026,3,25,家凯拼多多,太太乐旗舰店,9126682,A01三鲜鸡精40x180克(二维码),太太乐三鲜鸡精调味料40×180g（二维码）,三鲜鸡精,1.0,10.9,7.8,湖北省,襄阳市,襄城区
3月,2026-03-25,2026,3,25,家凯拼多多,太太乐旗舰店,9126682,A01三鲜鸡精40x180克(二维码),太太乐三鲜鸡精调味料40×180g（二维码）,三鲜鸡精,2.0,17.1204,7.8,湖北省,黄冈市,武穴市
3月,2026-03-25,2026,3,25,家凯拼多多,太太乐旗舰店,9126682,A01三鲜鸡精40x180克(二维码),太太乐三鲜鸡精调味料40×180g（二维码）,三鲜鸡精,1.0,7.7537,7.8,湖北省,黄冈市,黄州区
3月,2026-03-25,2026,3,25,家凯拼多多,太太乐旗舰店,9126682,A01三鲜鸡精40x180克(二维码),太太乐三鲜鸡精调味料40×180g（二维码）,三鲜鸡精,3.0,25.8999,7.8,湖南省,怀化市,辰溪县
3月,2026-03-25,2026,3,25,家凯拼多多,太太乐旗舰店,9126682,A01三鲜鸡精40x180克(二维码),太太乐三鲜鸡精调味料40×180g（二维码）,三鲜鸡精,1.0,10.9,7.8,湖南省,郴州市,北湖区
3月,2026-03-25,2026,3,25,家凯拼多多,太太乐旗舰店,9126682,A01三鲜鸡精40x180克(二维码),太太乐三鲜鸡精调味料40×180g（二维码）,三鲜鸡精,3.0,25.8999,7.8,福建省,泉州市,晋江市
3月,2026-03-25,2026,3,25,家凯拼多多,太太乐调味料专卖店,9126682,A01三鲜鸡精40x180克(二维码),太太乐三鲜鸡精调味料40×180g（二维码）,三鲜鸡精,15.0,109.9995,7.8,福建省,福州市,闽侯县
3月,2026-03-25,2026,3,25,家凯拼多多,太太乐TOTOLE调味旗舰店,9126682,A01三鲜鸡精40x180克(二维码),太太乐三鲜鸡精调味料40×180g（二维码）,三鲜鸡精,1.0,0.9,7.8,福建省,莆田市,仙游县
3月,2026-03-25,2026,3,25,家凯拼多多,太太乐调味料专卖店,9126682,A01三鲜鸡精40x180克(二维码),太太乐三鲜鸡精调味料40×180g（二维码）,三鲜鸡精,15.0,109.9995,7.8,辽宁省,阜新市,阜新蒙古族自治县
3月,2026-03-25,2026,3,25,家凯拼多多,太太乐旗舰店,9126682,A01三鲜鸡精40x180克(二维码),太太乐三鲜鸡精调味料40×180g（二维码）,三鲜鸡精,3.0,23.7306,7.8,陕西省,咸阳市,旬邑县
3月,2026-03-25,2026,3,25,家凯拼多多,太太乐旗舰店,9126682,A01三鲜鸡精40x180克(二维码),太太乐三鲜鸡精调味料40×180g（二维码）,三鲜鸡精,1.0,2.5119,7.8,陕西省,榆林市,榆阳区
3月,2026-03-26,2026,3,26,家凯拼多多,太太乐旗舰店,9126682,A01三鲜鸡精40x180克(二维码),太太乐三鲜鸡精调味料40×180g（二维码）,三鲜鸡精,1.0,9.122,7.8,上海,上海市,宝山区
3月,2026-03-26,2026,3,26,家凯拼多多,太太乐旗舰店,9126682,A01三鲜鸡精40x180克(二维码),太太乐三鲜鸡精调味料40×180g（二维码）,三鲜鸡精,1.0,9.122,7.8,上海,上海市,宝山区
3月,2026-03-26,2026,3,26,家凯拼多多,太太乐旗舰店,9126682,A01三鲜鸡精40x180克(二维码),太太乐三鲜鸡精调味料40×180g（二维码）,三鲜鸡精,1.0,9.122,7.8,上海,上海市,杨浦区
3月,2026-03-26,2026,3,26,家凯拼多多,太太乐旗舰店,9126682,A01三鲜鸡精40x180克(二维码),太太乐三鲜鸡精调味料40×180g（二维码）,三鲜鸡精,3.0,25.8999,7.8,上海,上海市,浦东新区
3月,2026-03-26,2026,3,26,家凯拼多多,太太乐旗舰店,9126682,A01三鲜鸡精40x180克(二维码),太太乐三鲜鸡精调味料40×180g（二维码）,三鲜鸡精,1.0,10.03,7.8,上海,上海市,浦东新区
3月,2026-03-26,2026,3,26,家凯拼多多,太太乐旗舰店,9126682,A01三鲜鸡精40x180克(二维码),太太乐三鲜鸡精调味料40×180g（二维码）,三鲜鸡精,1.0,9.122,7.8,上海,上海市,浦东新区
3月,2026-03-26,2026,3,26,家凯拼多多,太太乐旗舰店,9126682,A01三鲜鸡精40x180克(二维码),太太乐三鲜鸡精调味料40×180g（二维码）,三鲜鸡精,4.0,39.9,7.8,上海,上海市,青浦区
3月,2026-03-26,2026,3,26,家凯拼多多,太太乐调味料专卖店,9126682,A01三鲜鸡精40x180克(二维码),太太乐三鲜鸡精调味料40×180g（二维码）,三鲜鸡精,40.0,268.84,7.8,吉林省,吉林市,丰满区
3月,2026-03-26,2026,3,26,家凯拼多多,太太乐旗舰店,9126682,A01三鲜鸡精40x180克(二维码),太太乐三鲜鸡精调味料40×180g（二维码）,三鲜鸡精,1.0,9.122,7.8,吉林省,辽源市,东辽县
3月,2026-03-26,2026,3,26,家凯拼多多,太太乐旗舰店,9126682,A01三鲜鸡精40x180克(二维码),太太乐三鲜鸡精调味料40×180g（二维码）,三鲜鸡精,2.0,17.1204,7.8,四川省,成都市,金牛区
3月,2026-03-26,2026,3,26,家凯拼多多,太太乐旗舰店,9126682,A01三鲜鸡精40x180克(二维码),太太乐三鲜鸡精调味料40×180g（二维码）,三鲜鸡精,1.0,0.6,7.8,天津,天津市,北辰区
3月,2026-03-26,2026,3,26,家凯拼多多,太太乐调味料专卖店,9126682,A01三鲜鸡精40x180克(二维码),太太乐三鲜鸡精调味料40×180g（二维码）,三鲜鸡精,40.0,286.0,7.8,安徽省,宿州市,灵璧县
3月,2026-03-26,2026,3,26,家凯拼多多,太太乐调味料专卖店,9126682,A01三鲜鸡精40x180克(二维码),太太乐三鲜鸡精调味料40×180g（二维码）,三鲜鸡精,15.0,109.9995,7.8,安徽省,淮南市,田家庵区
3月,2026-03-26,2026,3,26,家凯拼多多,太太乐旗舰店,9126682,A01三鲜鸡精40x180克(二维码),太太乐三鲜鸡精调味料40×180g（二维码）,三鲜鸡精,1.0,7.139,7.8,安徽省,滁州市,凤阳县
3月,2026-03-26,2026,3,26,家凯拼多多,太太乐调味料专卖店,9126682,A01三鲜鸡精40x180克(二维码),太太乐三鲜鸡精调味料40×180g（二维码）,三鲜鸡精,40.0,283.0,7.8,安徽省,芜湖市,三山区
3月,2026-03-26,2026,3,26,家凯拼多多,太太乐TOTOLE调味旗舰店,9126682,A01三鲜鸡精40x180克(二维码),太太乐三鲜鸡精调味料40×180g（二维码）,三鲜鸡精,3.0,26.9001,7.8,山东省,潍坊市,高新区
3月,2026-03-26,2026,3,26,家凯拼多多,太太乐旗舰店,9126682,A01三鲜鸡精40x180克(二维码),太太乐三鲜鸡精调味料40×180g（二维码）,三鲜鸡精,1.0,7.7537,7.8,山西省,太原市,万柏林区
3月,2026-03-26,2026,3,26,家凯拼多多,太太乐旗舰店,9126682,A01三鲜鸡精40x180克(二维码),太太乐三鲜鸡精调味料40×180g（二维码）,三鲜鸡精,1.0,7.139,7.8,山西省,太原市,尖草坪区
3月,2026-03-26,2026,3,26,家凯拼多多,太太乐旗舰店,9126682,A01三鲜鸡精40x180克(二维码),太太乐三鲜鸡精调味料40×180g（二维码）,三鲜鸡精,1.0,9.122,7.8,山西省,太原市,杏花岭区
3月,2026-03-26,2026,3,26,家凯拼多多,太太乐TOTOLE调味旗舰店,9126682,A01三鲜鸡精40x180克(二维码),太太乐三鲜鸡精调味料40×180g（二维码）,三鲜鸡精,2.0,18.9,7.8,山西省,长治市,潞州区
3月,2026-03-26,2026,3,26,家凯拼多多,太太乐调味料专卖店,9126682,A01三鲜鸡精40x180克(二维码),太太乐三鲜鸡精调味料40×180g（二维码）,三鲜鸡精,40.0,266.0,7.8,广东省,东莞市,厚街镇
3月,2026-03-26,2026,3,26,家凯拼多多,太太乐旗舰店,9126682,A01三鲜鸡精40x180克(二维码),太太乐三鲜鸡精调味料40×180g（二维码）,三鲜鸡精,2.0,17.1204,7.8,广东省,佛山市,三水区
3月,2026-03-26,2026,3,26,家凯拼多多,太太乐旗舰店,9126682,A01三鲜鸡精40x180克(二维码),太太乐三鲜鸡精调味料40×180g（二维码）,三鲜鸡精,2.0,17.1204,7.8,广东省,佛山市,三水区
3月,2026-03-26,2026,3,26,家凯拼多多,太太乐旗舰店,9126682,A01三鲜鸡精40x180克(二维码),太太乐三鲜鸡精调味料40×180g（二维码）,三鲜鸡精,1.0,10.9,7.8,广东省,佛山市,顺德区
3月,2026-03-26,2026,3,26,家凯拼多多,太太乐调味料专卖店,9126682,A01三鲜鸡精40x180克(二维码),太太乐三鲜鸡精调味料40×180g（二维码）,三鲜鸡精,15.0,109.9995,7.8,广东省,广州市,海珠区
3月,2026-03-26,2026,3,26,家凯拼多多,太太乐旗舰店,9126682,A01三鲜鸡精40x180克(二维码),太太乐三鲜鸡精调味料40×180g（二维码）,三鲜鸡精,3.0,25.8999,7.8,广东省,广州市,海珠区
3月,2026-03-26,2026,3,26,家凯拼多多,太太乐TOTOLE调味旗舰店,9126682,A01三鲜鸡精40x180克(二维码),太太乐三鲜鸡精调味料40×180g（二维码）,三鲜鸡精,2.0,14.75,7.8,广东省,广州市,白云区
3月,2026-03-26,2026,3,26,家凯拼多多,太太乐旗舰店,9126682,A01三鲜鸡精40x180克(二维码),太太乐三鲜鸡精调味料40×180g（二维码）,三鲜鸡精,1.0,9.122,7.8,广东省,揭阳市,榕城区
3月,2026-03-26,2026,3,26,家凯拼多多,太太乐旗舰店,9126682,A01三鲜鸡精40x180克(二维码),太太乐三鲜鸡精调味料40×180g（二维码）,三鲜鸡精,2.0,12.4932,7.8,广东省,潮州市,潮安区
3月,2026-03-26,2026,3,26,家凯拼多多,太太乐TOTOLE调味旗舰店,9126682,A01三鲜鸡精40x180克(二维码),太太乐三鲜鸡精调味料40×180g（二维码）,三鲜鸡精,1.0,10.9,7.8,广东省,茂名市,信宜市
3月,2026-03-26,2026,3,26,家凯拼多多,太太乐旗舰店,9126682,A01三鲜鸡精40x180克(二维码),太太乐三鲜鸡精调味料40×180g（二维码）,三鲜鸡精,1.0,10.9,7.8,江苏省,宿迁市,宿迁经济开发区
3月,2026-03-26,2026,3,26,家凯拼多多,太太乐调味料专卖店,9126682,A01三鲜鸡精40x180克(二维码),太太乐三鲜鸡精调味料40×180g（二维码）,三鲜鸡精,15.0,109.9995,7.8,江苏省,宿迁市,泗洪县
3月,2026-03-26,2026,3,26,家凯拼多多,太太乐旗舰店,9126682,A01三鲜鸡精40x180克(二维码),太太乐三鲜鸡精调味料40×180g（二维码）,三鲜鸡精,1.0,9.81,7.8,江苏省,常州市,武进区
3月,2026-03-26,2026,3,26,家凯拼多多,太太乐TOTOLE调味旗舰店,9126682,A01三鲜鸡精40x180克(二维码),太太乐三鲜鸡精调味料40×180g（二维码）,三鲜鸡精,1.0,10.9,7.8,江苏省,扬州市,江都区
3月,2026-03-26,2026,3,26,家凯拼多多,太太乐旗舰店,9126682,A01三鲜鸡精40x180克(二维码),太太乐三鲜鸡精调味料40×180g（二维码）,三鲜鸡精,1.0,10.9,7.8,江苏省,无锡市,惠山区
3月,2026-03-26,2026,3,26,家凯拼多多,太太乐TOTOLE调味旗舰店,9126682,A01三鲜鸡精40x180克(二维码),太太乐三鲜鸡精调味料40×180g（二维码）,三鲜鸡精,3.0,26.9001,7.8,江苏省,苏州市,吴江区
3月,2026-03-26,2026,3,26,家凯拼多多,太太乐调味料专卖店,9126682,A01三鲜鸡精40x180克(二维码),太太乐三鲜鸡精调味料40×180g（二维码）,三鲜鸡精,15.0,103.3995,7.8,江苏省,苏州市,张家港市
3月,2026-03-26,2026,3,26,家凯拼多多,太太乐TOTOLE调味旗舰店,9126682,A01三鲜鸡精40x180克(二维码),太太乐三鲜鸡精调味料40×180g（二维码）,三鲜鸡精,1.0,7.9,7.8,江苏省,苏州市,昆山市
3月,2026-03-26,2026,3,26,家凯拼多多,太太乐调味料专卖店,9126682,A01三鲜鸡精40x180克(二维码),太太乐三鲜鸡精调味料40×180g（二维码）,三鲜鸡精,15.0,109.9995,7.8,江西省,宜春市,万载县
3月,2026-03-26,2026,3,26,家凯拼多多,太太乐调味料专卖店,9126682,A01三鲜鸡精40x180克(二维码),太太乐三鲜鸡精调味料40×180g（二维码）,三鲜鸡精,15.0,109.9995,7.8,江西省,宜春市,上高县
3月,2026-03-26,2026,3,26,家凯拼多多,太太乐旗舰店,9126682,A01三鲜鸡精40x180克(二维码),太太乐三鲜鸡精调味料40×180g（二维码）,三鲜鸡精,1.0,7.4827,7.8,江西省,宜春市,丰城市
3月,2026-03-26,2026,3,26,家凯拼多多,太太乐TOTOLE调味旗舰店,9126682,A01三鲜鸡精40x180克(二维码),太太乐三鲜鸡精调味料40×180g（二维码）,三鲜鸡精,1.0,9.9,7.8,河北省,张家口市,桥西区
3月,2026-03-26,2026,3,26,家凯拼多多,太太乐旗舰店,9126682,A01三鲜鸡精40x180克(二维码),太太乐三鲜鸡精调味料40×180g（二维码）,三鲜鸡精,4.0,27.81,7.8,河南省,南阳市,卧龙区
3月,2026-03-26,2026,3,26,家凯拼多多,太太乐调味料专卖店,9126682,A01三鲜鸡精40x180克(二维码),太太乐三鲜鸡精调味料40×180g（二维码）,三鲜鸡精,15.0,109.9995,7.8,河南省,周口市,郸城县
3月,2026-03-26,2026,3,26,家凯拼多多,太太乐TOTOLE调味旗舰店,9126682,A01三鲜鸡精40x180克(二维码),太太乐三鲜鸡精调味料40×180g（二维码）,三鲜鸡精,1.0,10.9,7.8,河南省,驻马店市,正阳县
3月,2026-03-26,2026,3,26,家凯拼多多,太太乐调味料专卖店,9126682,A01三鲜鸡精40x180克(二维码),太太乐三鲜鸡精调味料40×180g（二维码）,三鲜鸡精,40.0,286.0,7.8,浙江省,丽水市,莲都区
3月,2026-03-26,2026,3,26,家凯拼多多,太太乐旗舰店,9126682,A01三鲜鸡精40x180克(二维码),太太乐三鲜鸡精调味料40×180g（二维码）,三鲜鸡精,2.0,17.1204,7.8,浙江省,台州市,黄岩区
3月,2026-03-26,2026,3,26,家凯拼多多,太太乐旗舰店,9126682,A01三鲜鸡精40x180克(二维码),太太乐三鲜鸡精调味料40×180g（二维码）,三鲜鸡精,1.0,10.6,7.8,浙江省,嘉兴市,桐乡市
3月,2026-03-26,2026,3,26,家凯拼多多,太太乐旗舰店,9126682,A01三鲜鸡精40x180克(二维码),太太乐三鲜鸡精调味料40×180g（二维码）,三鲜鸡精,1.0,8.2098,7.8,浙江省,嘉兴市,海盐县
3月,2026-03-26,2026,3,26,家凯拼多多,太太乐旗舰店,9126682,A01三鲜鸡精40x180克(二维码),太太乐三鲜鸡精调味料40×180g（二维码）,三鲜鸡精,1.0,9.122,7.8,浙江省,宁波市,象山县
3月,2026-03-26,2026,3,26,家凯拼多多,太太乐调味料专卖店,9126682,A01三鲜鸡精40x180克(二维码),太太乐三鲜鸡精调味料40×180g（二维码）,三鲜鸡精,40.0,286.0,7.8,浙江省,杭州市,余杭区
3月,2026-03-26,2026,3,26,家凯拼多多,太太乐TOTOLE调味旗舰店,9126682,A01三鲜鸡精40x180克(二维码),太太乐三鲜鸡精调味料40×180g（二维码）,三鲜鸡精,3.0,26.9001,7.8,浙江省,杭州市,余杭区
3月,2026-03-26,2026,3,26,家凯拼多多,太太乐旗舰店,9126682,A01三鲜鸡精40x180克(二维码),太太乐三鲜鸡精调味料40×180g（二维码）,三鲜鸡精,1.0,9.122,7.8,浙江省,杭州市,富阳区
3月,2026-03-26,2026,3,26,家凯拼多多,太太乐旗舰店,9126682,A01三鲜鸡精40x180克(二维码),太太乐三鲜鸡精调味料40×180g（二维码）,三鲜鸡精,1.0,10.9,7.8,浙江省,杭州市,萧山区
3月,2026-03-26,2026,3,26,家凯拼多多,太太乐旗舰店,9126682,A01三鲜鸡精40x180克(二维码),太太乐三鲜鸡精调味料40×180g（二维码）,三鲜鸡精,1.0,10.9,7.8,浙江省,杭州市,西湖区
3月,2026-03-26,2026,3,26,家凯拼多多,太太乐旗舰店,9126682,A01三鲜鸡精40x180克(二维码),太太乐三鲜鸡精调味料40×180g（二维码）,三鲜鸡精,3.0,22.8999,7.8,浙江省,温州市,乐清市
3月,2026-03-26,2026,3,26,家凯拼多多,太太乐旗舰店,9126682,A01三鲜鸡精40x180克(二维码),太太乐三鲜鸡精调味料40×180g（二维码）,三鲜鸡精,1.0,9.122,7.8,浙江省,温州市,泰顺县
3月,2026-03-26,2026,3,26,家凯拼多多,太太乐旗舰店,9126682,A01三鲜鸡精40x180克(二维码),太太乐三鲜鸡精调味料40×180g（二维码）,三鲜鸡精,1.0,10.9,7.8,浙江省,温州市,瓯海区
3月,2026-03-26,2026,3,26,家凯拼多多,太太乐家凯专卖店,9126682,A01三鲜鸡精40x180克(二维码),太太乐三鲜鸡精调味料40×180g（二维码）,三鲜鸡精,30.0,197.799,7.8,浙江省,金华市,义乌市
3月,2026-03-26,2026,3,26,家凯拼多多,太太乐旗舰店,9126682,A01三鲜鸡精40x180克(二维码),太太乐三鲜鸡精调味料40×180g（二维码）,三鲜鸡精,3.0,24.9,7.8,浙江省,金华市,义乌市
3月,2026-03-26,2026,3,26,家凯拼多多,太太乐旗舰店,9126682,A01三鲜鸡精40x180克(二维码),太太乐三鲜鸡精调味料40×180g（二维码）,三鲜鸡精,1.0,10.9,7.8,浙江省,金华市,义乌市
3月,2026-03-26,2026,3,26,家凯拼多多,太太乐TOTOLE调味旗舰店,9126682,A01三鲜鸡精40x180克(二维码),太太乐三鲜鸡精调味料40×180g（二维码）,三鲜鸡精,2.0,18.9,7.8,浙江省,金华市,武义县
3月,2026-03-26,2026,3,26,家凯拼多多,太太乐旗舰店,9126682,A01三鲜鸡精40x180克(二维码),太太乐三鲜鸡精调味料40×180g（二维码）,三鲜鸡精,3.0,25.8999,7.8,浙江省,金华市,永康市
3月,2026-03-26,2026,3,26,家凯拼多多,太太乐旗舰店,9126682,A01三鲜鸡精40x180克(二维码),太太乐三鲜鸡精调味料40×180g（二维码）,三鲜鸡精,1.0,8.6659,7.8,海南省,海口市,琼山区
3月,2026-03-26,2026,3,26,家凯拼多多,太太乐TOTOLE调味旗舰店,9126682,A01三鲜鸡精40x180克(二维码),太太乐三鲜鸡精调味料40×180g（二维码）,三鲜鸡精,1.0,10.9,7.8,海南省,省直辖县级行政区划,澄迈县
3月,2026-03-26,2026,3,26,家凯拼多多,太太乐旗舰店,9126682,A01三鲜鸡精40x180克(二维码),太太乐三鲜鸡精调味料40×180g（二维码）,三鲜鸡精,2.0,13.3592,7.8,湖北省,十堰市,张湾区
3月,2026-03-26,2026,3,26,家凯拼多多,太太乐旗舰店,9126682,A01三鲜鸡精40x180克(二维码),太太乐三鲜鸡精调味料40×180g（二维码）,三鲜鸡精,1.0,7.2976,7.8,湖北省,十堰市,张湾区
3月,2026-03-26,2026,3,26,家凯拼多多,太太乐旗舰店,9126682,A01三鲜鸡精40x180克(二维码),太太乐三鲜鸡精调味料40×180g（二维码）,三鲜鸡精,1.0,3.9925,7.8,湖北省,宜昌市,当阳市
3月,2026-03-26,2026,3,26,家凯拼多多,太太乐TOTOLE调味旗舰店,9126682,A01三鲜鸡精40x180克(二维码),太太乐三鲜鸡精调味料40×180g（二维码）,三鲜鸡精,5.0,40.9,7.8,湖北省,恩施土家族苗族自治州,恩施市
3月,2026-03-26,2026,3,26,家凯拼多多,太太乐旗舰店,9126682,A01三鲜鸡精40x180克(二维码),太太乐三鲜鸡精调味料40×180g（二维码）,三鲜鸡精,1.0,10.31,7.8,湖南省,常德市,鼎城区
3月,2026-03-26,2026,3,26,家凯拼多多,太太乐调味料专卖店,9126682,A01三鲜鸡精40x180克(二维码),太太乐三鲜鸡精调味料40×180g（二维码）,三鲜鸡精,3.0,20.4174,7.8,湖南省,怀化市,溆浦县
3月,2026-03-26,2026,3,26,家凯拼多多,太太乐调味料专卖店,9126682,A01三鲜鸡精40x180克(二维码),太太乐三鲜鸡精调味料40×180g（二维码）,三鲜鸡精,3.0,20.4174,7.8,湖南省,怀化市,溆浦县
3月,2026-03-26,2026,3,26,家凯拼多多,太太乐调味料专卖店,9126682,A01三鲜鸡精40x180克(二维码),太太乐三鲜鸡精调味料40×180g（二维码）,三鲜鸡精,3.0,20.4174,7.8,湖南省,怀化市,溆浦县
3月,2026-03-26,2026,3,26,家凯拼多多,太太乐调味料专卖店,9126682,A01三鲜鸡精40x180克(二维码),太太乐三鲜鸡精调味料40×180g（二维码）,三鲜鸡精,15.0,94.9995,7.8,湖南省,湘潭市,雨湖区
3月,2026-03-26,2026,3,26,家凯拼多多,太太乐TOTOLE调味旗舰店,9126682,A01三鲜鸡精40x180克(二维码),太太乐三鲜鸡精调味料40×180g（二维码）,三鲜鸡精,1.0,1.0,7.8,福建省,三明市,清流县
3月,2026-03-26,2026,3,26,家凯拼多多,太太乐旗舰店,9126682,A01三鲜鸡精40x180克(二维码),太太乐三鲜鸡精调味料40×180g（二维码）,三鲜鸡精,1.0,9.122,7.8,福建省,泉州市,晋江市
3月,2026-03-26,2026,3,26,家凯拼多多,太太乐调味料专卖店,9126682,A01三鲜鸡精40x180克(二维码),太太乐三鲜鸡精调味料40×180g（二维码）,三鲜鸡精,15.0,103.3995,7.8,福建省,福州市,平潭县
3月,2026-03-26,2026,3,26,家凯拼多多,太太乐旗舰店,9126682,A01三鲜鸡精40x180克(二维码),太太乐三鲜鸡精调味料40×180g（二维码）,三鲜鸡精,3.0,25.8999,7.8,福建省,莆田市,仙游县
3月,2026-03-26,2026,3,26,家凯拼多多,太太乐旗舰店,9126682,A01三鲜鸡精40x180克(二维码),太太乐三鲜鸡精调味料40×180g（二维码）,三鲜鸡精,1.0,0.6,7.8,辽宁省,沈阳市,大东区
3月,2026-03-26,2026,3,26,家凯拼多多,太太乐调味料专卖店,9126682,A01三鲜鸡精40x180克(二维码),太太乐三鲜鸡精调味料40×180g（二维码）,三鲜鸡精,15.0,109.9995,7.8,重庆,重庆市,万州区
3月,2026-03-26,2026,3,26,家凯拼多多,太太乐旗舰店,9126682,A01三鲜鸡精40x180克(二维码),太太乐三鲜鸡精调味料40×180g（二维码）,三鲜鸡精,1.0,7.7537,7.8,重庆,重庆市,开州区
3月,2026-03-26,2026,3,26,家凯拼多多,太太乐旗舰店,9126682,A01三鲜鸡精40x180克(二维码),太太乐三鲜鸡精调味料40×180g（二维码）,三鲜鸡精,1.0,7.63,7.8,陕西省,西安市,未央区
3月,2026-03-26,2026,3,26,家凯拼多多,太太乐旗舰店,9126682,A01三鲜鸡精40x180克(二维码),太太乐三鲜鸡精调味料40×180g（二维码）,三鲜鸡精,1.0,9.122,7.8,黑龙江省,佳木斯市,郊区
3月,2026-03-27,2026,3,27,家凯拼多多,太太乐旗舰店,9126682,A01三鲜鸡精40x180克(二维码),太太乐三鲜鸡精调味料40×180g（二维码）,三鲜鸡精,1.0,9.122,7.8,上海,上海市,嘉定区
3月,2026-03-27,2026,3,27,家凯拼多多,太太乐旗舰店,9126682,A01三鲜鸡精40x180克(二维码),太太乐三鲜鸡精调味料40×180g（二维码）,三鲜鸡精,3.0,23.6601,7.8,上海,上海市,徐汇区
3月,2026-03-27,2026,3,27,家凯拼多多,太太乐旗舰店,9126682,A01三鲜鸡精40x180克(二维码),太太乐三鲜鸡精调味料40×180g（二维码）,三鲜鸡精,2.0,17.1204,7.8,上海,上海市,闵行区
3月,2026-03-27,2026,3,27,家凯拼多多,太太乐旗舰店,9126682,A01三鲜鸡精40x180克(二维码),太太乐三鲜鸡精调味料40×180g（二维码）,三鲜鸡精,3.0,25.8999,7.8,云南省,昭通市,昭阳区
3月,2026-03-27,2026,3,27,家凯拼多多,太太乐旗舰店,9126682,A01三鲜鸡精40x180克(二维码),太太乐三鲜鸡精调味料40×180g（二维码）,三鲜鸡精,1.0,10.9,7.8,北京,北京市,丰台区
3月,2026-03-27,2026,3,27,家凯拼多多,太太乐旗舰店,9126682,A01三鲜鸡精40x180克(二维码),太太乐三鲜鸡精调味料40×180g（二维码）,三鲜鸡精,1.0,10.9,7.8,北京,北京市,大兴区
3月,2026-03-27,2026,3,27,家凯拼多多,太太乐旗舰店,9126682,A01三鲜鸡精40x180克(二维码),太太乐三鲜鸡精调味料40×180g（二维码）,三鲜鸡精,2.0,14.0928,7.8,北京,北京市,朝阳区
3月,2026-03-27,2026,3,27,家凯拼多多,太太乐旗舰店,9126682,A01三鲜鸡精40x180克(二维码),太太乐三鲜鸡精调味料40×180g（二维码）,三鲜鸡精,1.0,9.122,7.8,北京,北京市,朝阳区
3月,2026-03-27,2026,3,27,家凯拼多多,太太乐旗舰店,9126682,A01三鲜鸡精40x180克(二维码),太太乐三鲜鸡精调味料40×180g（二维码）,三鲜鸡精,2.0,15.22,7.8,吉林省,长春市,经济技术开发区
3月,2026-03-27,2026,3,27,家凯拼多多,太太乐旗舰店,9126682,A01三鲜鸡精40x180克(二维码),太太乐三鲜鸡精调味料40×180g（二维码）,三鲜鸡精,3.0,23.7306,7.8,四川省,成都市,武侯区
3月,2026-03-27,2026,3,27,家凯拼多多,太太乐旗舰店,9126682,A01三鲜鸡精40x180克(二维码),太太乐三鲜鸡精调味料40×180g（二维码）,三鲜鸡精,1.0,8.72,7.8,四川省,成都市,金牛区
3月,2026-03-27,2026,3,27,家凯拼多多,太太乐旗舰店,9126682,A01三鲜鸡精40x180克(二维码),太太乐三鲜鸡精调味料40×180g（二维码）,三鲜鸡精,1.0,8.48,7.8,天津,天津市,河东区
3月,2026-03-27,2026,3,27,家凯拼多多,太太乐旗舰店,9126682,A01三鲜鸡精40x180克(二维码),太太乐三鲜鸡精调味料40×180g（二维码）,三鲜鸡精,1.0,10.9,7.8,天津,天津市,河北区
3月,2026-03-27,2026,3,27,家凯拼多多,太太乐调味料专卖店,9126682,A01三鲜鸡精40x180克(二维码),太太乐三鲜鸡精调味料40×180g（二维码）,三鲜鸡精,15.0,109.9995,7.8,天津,天津市,滨海新区
3月,2026-03-27,2026,3,27,家凯拼多多,太太乐调味料专卖店,9126682,A01三鲜鸡精40x180克(二维码),太太乐三鲜鸡精调味料40×180g（二维码）,三鲜鸡精,15.0,109.9995,7.8,宁夏回族自治区,中卫市,沙坡头区
3月,2026-03-27,2026,3,27,家凯拼多多,太太乐旗舰店,9126682,A01三鲜鸡精40x180克(二维码),太太乐三鲜鸡精调味料40×180g（二维码）,三鲜鸡精,1.0,8.94,7.8,宁夏回族自治区,吴忠市,盐池县
3月,2026-03-27,2026,3,27,家凯拼多多,太太乐旗舰店,9126682,A01三鲜鸡精40x180克(二维码),太太乐三鲜鸡精调味料40×180g（二维码）,三鲜鸡精,3.0,25.8999,7.8,安徽省,合肥市,庐阳区
3月,2026-03-27,2026,3,27,家凯拼多多,太太乐旗舰店,9126682,A01三鲜鸡精40x180克(二维码),太太乐三鲜鸡精调味料40×180g（二维码）,三鲜鸡精,1.0,9.122,7.8,安徽省,合肥市,长丰县
3月,2026-03-27,2026,3,27,家凯拼多多,太太乐旗舰店,9126682,A01三鲜鸡精40x180克(二维码),太太乐三鲜鸡精调味料40×180g（二维码）,三鲜鸡精,3.0,20.5101,7.8,安徽省,马鞍山市,当涂县
3月,2026-03-27,2026,3,27,家凯拼多多,太太乐调味料专卖店,9126682,A01三鲜鸡精40x180克(二维码),太太乐三鲜鸡精调味料40×180g（二维码）,三鲜鸡精,40.0,286.0,7.8,山东省,泰安市,新泰市
3月,2026-03-27,2026,3,27,家凯拼多多,太太乐旗舰店,9126682,A01三鲜鸡精40x180克(二维码),太太乐三鲜鸡精调味料40×180g（二维码）,三鲜鸡精,2.0,17.1204,7.8,山东省,济宁市,任城区
3月,2026-03-27,2026,3,27,家凯拼多多,太太乐旗舰店,9126682,A01三鲜鸡精40x180克(二维码),太太乐三鲜鸡精调味料40×180g（二维码）,三鲜鸡精,1.0,9.122,7.8,山东省,青岛市,黄岛区
3月,2026-03-27,2026,3,27,家凯拼多多,太太乐旗舰店,9126682,A01三鲜鸡精40x180克(二维码),太太乐三鲜鸡精调味料40×180g（二维码）,三鲜鸡精,1.0,9.122,7.8,山西省,太原市,小店区
3月,2026-03-27,2026,3,27,家凯拼多多,太太乐TOTOLE调味旗舰店,9126682,A01三鲜鸡精40x180克(二维码),太太乐三鲜鸡精调味料40×180g（二维码）,三鲜鸡精,2.0,18.9,7.8,广东省,东莞市,常平镇
3月,2026-03-27,2026,3,27,家凯拼多多,太太乐旗舰店,9126682,A01三鲜鸡精40x180克(二维码),太太乐三鲜鸡精调味料40×180g（二维码）,三鲜鸡精,1.0,10.9,7.8,广东省,东莞市,石排镇
3月,2026-03-27,2026,3,27,家凯拼多多,太太乐旗舰店,9126682,A01三鲜鸡精40x180克(二维码),太太乐三鲜鸡精调味料40×180g（二维码）,三鲜鸡精,1.0,9.27,7.8,广东省,东莞市,高埗镇
3月,2026-03-27,2026,3,27,家凯拼多多,太太乐旗舰店,9126682,A01三鲜鸡精40x180克(二维码),太太乐三鲜鸡精调味料40×180g（二维码）,三鲜鸡精,1.0,9.122,7.8,广东省,佛山市,三水区
3月,2026-03-27,2026,3,27,家凯拼多多,太太乐调味料专卖店,9126682,A01三鲜鸡精40x180克(二维码),太太乐三鲜鸡精调味料40×180g（二维码）,三鲜鸡精,40.0,286.0,7.8,广东省,佛山市,禅城区
3月,2026-03-27,2026,3,27,家凯拼多多,太太乐旗舰店,9126682,A01三鲜鸡精40x180克(二维码),太太乐三鲜鸡精调味料40×180g（二维码）,三鲜鸡精,1.0,9.122,7.8,广东省,广州市,白云区
3月,2026-03-27,2026,3,27,家凯拼多多,太太乐旗舰店,9126682,A01三鲜鸡精40x180克(二维码),太太乐三鲜鸡精调味料40×180g（二维码）,三鲜鸡精,1.0,10.9,7.8,广东省,揭阳市,揭东区
3月,2026-03-27,2026,3,27,家凯拼多多,太太乐旗舰店,9126682,A01三鲜鸡精40x180克(二维码),太太乐三鲜鸡精调味料40×180g（二维码）,三鲜鸡精,1.0,10.6,7.8,广东省,深圳市,福田区
3月,2026-03-27,2026,3,27,家凯拼多多,太太乐旗舰店,9126682,A01三鲜鸡精40x180克(二维码),太太乐三鲜鸡精调味料40×180g（二维码）,三鲜鸡精,1.0,5.9,7.8,广东省,深圳市,龙岗区
3月,2026-03-27,2026,3,27,家凯拼多多,太太乐调味料专卖店,9126682,A01三鲜鸡精40x180克(二维码),太太乐三鲜鸡精调味料40×180g（二维码）,三鲜鸡精,15.0,94.9995,7.8,广东省,潮州市,潮安区
3月,2026-03-27,2026,3,27,家凯拼多多,太太乐TOTOLE调味旗舰店,9126682,A01三鲜鸡精40x180克(二维码),太太乐三鲜鸡精调味料40×180g（二维码）,三鲜鸡精,1.0,10.9,7.8,广东省,珠海市,香洲区
3月,2026-03-27,2026,3,27,家凯拼多多,太太乐调味料专卖店,9126682,A01三鲜鸡精40x180克(二维码),太太乐三鲜鸡精调味料40×180g（二维码）,三鲜鸡精,15.0,109.9995,7.8,广西壮族自治区,桂林市,平乐县
3月,2026-03-27,2026,3,27,家凯拼多多,太太乐TOTOLE调味旗舰店,9126682,A01三鲜鸡精40x180克(二维码),太太乐三鲜鸡精调味料40×180g（二维码）,三鲜鸡精,3.0,25.02,7.8,江苏省,南通市,海门区
3月,2026-03-27,2026,3,27,家凯拼多多,太太乐旗舰店,9126682,A01三鲜鸡精40x180克(二维码),太太乐三鲜鸡精调味料40×180g（二维码）,三鲜鸡精,1.0,9.122,7.8,江苏省,常州市,武进区
3月,2026-03-27,2026,3,27,家凯拼多多,太太乐旗舰店,9126682,A01三鲜鸡精40x180克(二维码),太太乐三鲜鸡精调味料40×180g（二维码）,三鲜鸡精,1.0,8.2098,7.8,江苏省,淮安市,清江浦区
3月,2026-03-27,2026,3,27,家凯拼多多,太太乐旗舰店,9126682,A01三鲜鸡精40x180克(二维码),太太乐三鲜鸡精调味料40×180g（二维码）,三鲜鸡精,1.0,8.3949,7.8,江苏省,苏州市,张家港市
3月,2026-03-27,2026,3,27,家凯拼多多,太太乐旗舰店,9126682,A01三鲜鸡精40x180克(二维码),太太乐三鲜鸡精调味料40×180g（二维码）,三鲜鸡精,2.0,17.1204,7.8,江苏省,苏州市,昆山市
3月,2026-03-27,2026,3,27,家凯拼多多,太太乐调味料专卖店,9126682,A01三鲜鸡精40x180克(二维码),太太乐三鲜鸡精调味料40×180g（二维码）,三鲜鸡精,40.0,286.0,7.8,江苏省,苏州市,相城区
3月,2026-03-27,2026,3,27,家凯拼多多,太太乐TOTOLE调味旗舰店,9126682,A01三鲜鸡精40x180克(二维码),太太乐三鲜鸡精调味料40×180g（二维码）,三鲜鸡精,1.0,10.9,7.8,江苏省,连云港市,海州区
3月,2026-03-27,2026,3,27,家凯拼多多,太太乐调味料专卖店,9126682,A01三鲜鸡精40x180克(二维码),太太乐三鲜鸡精调味料40×180g（二维码）,三鲜鸡精,15.0,92.4,7.8,江西省,南昌市,西湖区
3月,2026-03-27,2026,3,27,家凯拼多多,太太乐旗舰店,9126682,A01三鲜鸡精40x180克(二维码),太太乐三鲜鸡精调味料40×180g（二维码）,三鲜鸡精,4.0,30.9,7.8,江西省,萍乡市,安源区
3月,2026-03-27,2026,3,27,家凯拼多多,太太乐旗舰店,9126682,A01三鲜鸡精40x180克(二维码),太太乐三鲜鸡精调味料40×180g（二维码）,三鲜鸡精,1.0,10.5,7.8,河北省,保定市,涿州市
3月,2026-03-27,2026,3,27,家凯拼多多,太太乐TOTOLE调味旗舰店,9126682,A01三鲜鸡精40x180克(二维码),太太乐三鲜鸡精调味料40×180g（二维码）,三鲜鸡精,2.0,14.74,7.8,河北省,保定市,竞秀区
3月,2026-03-27,2026,3,27,家凯拼多多,太太乐旗舰店,9126682,A01三鲜鸡精40x180克(二维码),太太乐三鲜鸡精调味料40×180g（二维码）,三鲜鸡精,2.0,17.1204,7.8,河南省,濮阳市,华龙区
3月,2026-03-27,2026,3,27,家凯拼多多,太太乐旗舰店,9126682,A01三鲜鸡精40x180克(二维码),太太乐三鲜鸡精调味料40×180g（二维码）,三鲜鸡精,1.0,7.7537,7.8,浙江省,丽水市,缙云县
3月,2026-03-27,2026,3,27,家凯拼多多,太太乐旗舰店,9126682,A01三鲜鸡精40x180克(二维码),太太乐三鲜鸡精调味料40×180g（二维码）,三鲜鸡精,1.0,10.9,7.8,浙江省,丽水市,青田县
3月,2026-03-27,2026,3,27,家凯拼多多,太太乐旗舰店,9126682,A01三鲜鸡精40x180克(二维码),太太乐三鲜鸡精调味料40×180g（二维码）,三鲜鸡精,2.0,17.9,7.8,浙江省,嘉兴市,嘉善县
3月,2026-03-27,2026,3,27,家凯拼多多,太太乐旗舰店,9126682,A01三鲜鸡精40x180克(二维码),太太乐三鲜鸡精调味料40×180g（二维码）,三鲜鸡精,1.0,10.6,7.8,浙江省,宁波市,慈溪市
3月,2026-03-27,2026,3,27,家凯拼多多,太太乐旗舰店,9126682,A01三鲜鸡精40x180克(二维码),太太乐三鲜鸡精调味料40×180g（二维码）,三鲜鸡精,1.0,9.122,7.8,浙江省,宁波市,慈溪市
3月,2026-03-27,2026,3,27,家凯拼多多,太太乐TOTOLE调味旗舰店,9126682,A01三鲜鸡精40x180克(二维码),太太乐三鲜鸡精调味料40×180g（二维码）,三鲜鸡精,1.0,10.9,7.8,浙江省,宁波市,江北区
3月,2026-03-27,2026,3,27,家凯拼多多,太太乐旗舰店,9126682,A01三鲜鸡精40x180克(二维码),太太乐三鲜鸡精调味料40×180g（二维码）,三鲜鸡精,4.0,30.9,7.8,浙江省,杭州市,余杭区
3月,2026-03-27,2026,3,27,家凯拼多多,太太乐旗舰店,9126682,A01三鲜鸡精40x180克(二维码),太太乐三鲜鸡精调味料40×180g（二维码）,三鲜鸡精,1.0,9.122,7.8,浙江省,杭州市,拱墅区
3月,2026-03-27,2026,3,27,家凯拼多多,太太乐旗舰店,9126682,A01三鲜鸡精40x180克(二维码),太太乐三鲜鸡精调味料40×180g（二维码）,三鲜鸡精,1.0,9.122,7.8,浙江省,杭州市,萧山区
3月,2026-03-27,2026,3,27,家凯拼多多,太太乐旗舰店,9126682,A01三鲜鸡精40x180克(二维码),太太乐三鲜鸡精调味料40×180g（二维码）,三鲜鸡精,1.0,7.7537,7.8,浙江省,杭州市,萧山区
3月,2026-03-27,2026,3,27,家凯拼多多,太太乐旗舰店,9126682,A01三鲜鸡精40x180克(二维码),太太乐三鲜鸡精调味料40×180g（二维码）,三鲜鸡精,1.0,9.122,7.8,浙江省,杭州市,钱塘区
3月,2026-03-27,2026,3,27,家凯拼多多,太太乐旗舰店,9126682,A01三鲜鸡精40x180克(二维码),太太乐三鲜鸡精调味料40×180g（二维码）,三鲜鸡精,1.0,7.7537,7.8,浙江省,温州市,永嘉县
3月,2026-03-27,2026,3,27,家凯拼多多,太太乐调味料专卖店,9126682,A01三鲜鸡精40x180克(二维码),太太乐三鲜鸡精调味料40×180g（二维码）,三鲜鸡精,15.0,94.9995,7.8,浙江省,温州市,泰顺县
3月,2026-03-27,2026,3,27,家凯拼多多,太太乐家凯专卖店,9126682,A01三鲜鸡精40x180克(二维码),太太乐三鲜鸡精调味料40×180g（二维码）,三鲜鸡精,15.0,104.5005,7.8,浙江省,温州市,瓯海区
3月,2026-03-27,2026,3,27,家凯拼多多,太太乐旗舰店,9126682,A01三鲜鸡精40x180克(二维码),太太乐三鲜鸡精调味料40×180g（二维码）,三鲜鸡精,1.0,9.122,7.8,浙江省,温州市,龙港市
3月,2026-03-27,2026,3,27,家凯拼多多,太太乐旗舰店,9126682,A01三鲜鸡精40x180克(二维码),太太乐三鲜鸡精调味料40×180g（二维码）,三鲜鸡精,1.0,9.122,7.8,浙江省,衢州市,龙游县
3月,2026-03-27,2026,3,27,家凯拼多多,太太乐旗舰店,9126682,A01三鲜鸡精40x180克(二维码),太太乐三鲜鸡精调味料40×180g（二维码）,三鲜鸡精,1.0,9.122,7.8,浙江省,金华市,义乌市
3月,2026-03-27,2026,3,27,家凯拼多多,太太乐旗舰店,9126682,A01三鲜鸡精40x180克(二维码),太太乐三鲜鸡精调味料40×180g（二维码）,三鲜鸡精,1.0,8.6659,7.8,湖北省,武汉市,江岸区
3月,2026-03-27,2026,3,27,家凯拼多多,太太乐旗舰店,9126682,A01三鲜鸡精40x180克(二维码),太太乐三鲜鸡精调味料40×180g（二维码）,三鲜鸡精,1.0,9.122,7.8,湖北省,襄阳市,南漳县
3月,2026-03-27,2026,3,27,家凯拼多多,太太乐旗舰店,9126682,A01三鲜鸡精40x180克(二维码),太太乐三鲜鸡精调味料40×180g（二维码）,三鲜鸡精,3.0,25.8999,7.8,湖北省,襄阳市,樊城区
3月,2026-03-27,2026,3,27,家凯拼多多,太太乐旗舰店,9126682,A01三鲜鸡精40x180克(二维码),太太乐三鲜鸡精调味料40×180g（二维码）,三鲜鸡精,1.0,9.122,7.8,福建省,福州市,晋安区
3月,2026-03-27,2026,3,27,家凯拼多多,太太乐旗舰店,9126682,A01三鲜鸡精40x180克(二维码),太太乐三鲜鸡精调味料40×180g（二维码）,三鲜鸡精,1.0,8.72,7.8,福建省,福州市,晋安区
3月,2026-03-27,2026,3,27,家凯拼多多,太太乐旗舰店,9126682,A01三鲜鸡精40x180克(二维码),太太乐三鲜鸡精调味料40×180g（二维码）,三鲜鸡精,3.0,27.0951,7.8,辽宁省,本溪市,明山区
3月,2026-03-27,2026,3,27,家凯拼多多,太太乐旗舰店,9126682,A01三鲜鸡精40x180克(二维码),太太乐三鲜鸡精调味料40×180g（二维码）,三鲜鸡精,1.0,9.122,7.8,重庆,重庆市,石柱土家族自治县
3月,2026-03-27,2026,3,27,家凯拼多多,太太乐旗舰店,9126682,A01三鲜鸡精40x180克(二维码),太太乐三鲜鸡精调味料40×180g（二维码）,三鲜鸡精,1.0,7.2976,7.8,陕西省,西安市,雁塔区
3月,2026-03-27,2026,3,27,家凯拼多多,太太乐旗舰店,9126682,A01三鲜鸡精40x180克(二维码),太太乐三鲜鸡精调味料40×180g（二维码）,三鲜鸡精,1.0,9.122,7.8,黑龙江省,哈尔滨市,香坊区
3月,2026-03-28,2026,3,28,家凯拼多多,太太乐调味料专卖店,9126682,A01三鲜鸡精40x180克(二维码),太太乐三鲜鸡精调味料40×180g（二维码）,三鲜鸡精,15.0,109.9995,7.8,上海,上海市,崇明区
3月,2026-03-28,2026,3,28,家凯拼多多,太太乐旗舰店,9126682,A01三鲜鸡精40x180克(二维码),太太乐三鲜鸡精调味料40×180g（二维码）,三鲜鸡精,1.0,9.122,7.8,上海,上海市,金山区
3月,2026-03-28,2026,3,28,家凯拼多多,太太乐旗舰店,9126682,A01三鲜鸡精40x180克(二维码),太太乐三鲜鸡精调味料40×180g（二维码）,三鲜鸡精,1.0,8.4875,7.8,上海,上海市,青浦区
3月,2026-03-28,2026,3,28,家凯拼多多,太太乐旗舰店,9126682,A01三鲜鸡精40x180克(二维码),太太乐三鲜鸡精调味料40×180g（二维码）,三鲜鸡精,1.0,10.6,7.8,吉林省,吉林市,舒兰市
3月,2026-03-28,2026,3,28,家凯拼多多,太太乐旗舰店,9126682,A01三鲜鸡精40x180克(二维码),太太乐三鲜鸡精调味料40×180g（二维码）,三鲜鸡精,4.0,26.27,7.8,安徽省,宣城市,广德市
3月,2026-03-28,2026,3,28,家凯拼多多,太太乐旗舰店,9126682,A01三鲜鸡精40x180克(二维码),太太乐三鲜鸡精调味料40×180g（二维码）,三鲜鸡精,1.0,10.6,7.8,安徽省,滁州市,明光市
3月,2026-03-28,2026,3,28,家凯拼多多,太太乐家凯专卖店,9126682,A01三鲜鸡精40x180克(二维码),太太乐三鲜鸡精调味料40×180g（二维码）,三鲜鸡精,15.0,104.5005,7.8,安徽省,芜湖市,南陵县
3月,2026-03-28,2026,3,28,家凯拼多多,太太乐旗舰店,9126682,A01三鲜鸡精40x180克(二维码),太太乐三鲜鸡精调味料40×180g（二维码）,三鲜鸡精,2.0,14.32,7.8,安徽省,铜陵市,枞阳县
3月,2026-03-28,2026,3,28,家凯拼多多,太太乐旗舰店,9126682,A01三鲜鸡精40x180克(二维码),太太乐三鲜鸡精调味料40×180g（二维码）,三鲜鸡精,4.0,30.9,7.8,山东省,烟台市,福山区
3月,2026-03-28,2026,3,28,家凯拼多多,太太乐旗舰店,9126682,A01三鲜鸡精40x180克(二维码),太太乐三鲜鸡精调味料40×180g（二维码）,三鲜鸡精,1.0,7.2315,7.8,山东省,菏泽市,定陶区
3月,2026-03-28,2026,3,28,家凯拼多多,太太乐调味料专卖店,9126682,A01三鲜鸡精40x180克(二维码),太太乐三鲜鸡精调味料40×180g（二维码）,三鲜鸡精,15.0,109.9995,7.8,山东省,菏泽市,牡丹区
3月,2026-03-28,2026,3,28,家凯拼多多,太太乐调味料专卖店,9126682,A01三鲜鸡精40x180克(二维码),太太乐三鲜鸡精调味料40×180g（二维码）,三鲜鸡精,15.0,109.9995,7.8,广东省,东莞市,塘厦镇
3月,2026-03-28,2026,3,28,家凯拼多多,太太乐旗舰店,9126682,A01三鲜鸡精40x180克(二维码),太太乐三鲜鸡精调味料40×180g（二维码）,三鲜鸡精,1.0,9.122,7.8,广东省,东莞市,大岭山镇
3月,2026-03-28,2026,3,28,家凯拼多多,太太乐旗舰店,9126682,A01三鲜鸡精40x180克(二维码),太太乐三鲜鸡精调味料40×180g（二维码）,三鲜鸡精,1.0,10.9,7.8,广东省,东莞市,虎门镇
3月,2026-03-28,2026,3,28,家凯拼多多,太太乐旗舰店,9126682,A01三鲜鸡精40x180克(二维码),太太乐三鲜鸡精调味料40×180g（二维码）,三鲜鸡精,1.0,9.122,7.8,广东省,佛山市,南海区
3月,2026-03-28,2026,3,28,家凯拼多多,太太乐旗舰店,9126682,A01三鲜鸡精40x180克(二维码),太太乐三鲜鸡精调味料40×180g（二维码）,三鲜鸡精,1.0,7.2976,7.8,广东省,广州市,花都区
3月,2026-03-28,2026,3,28,家凯拼多多,太太乐旗舰店,9126682,A01三鲜鸡精40x180克(二维码),太太乐三鲜鸡精调味料40×180g（二维码）,三鲜鸡精,1.0,9.122,7.8,广东省,河源市,源城区
3月,2026-03-28,2026,3,28,家凯拼多多,太太乐旗舰店,9126682,A01三鲜鸡精40x180克(二维码),太太乐三鲜鸡精调味料40×180g（二维码）,三鲜鸡精,2.0,12.8436,7.8,广东省,潮州市,潮安区
3月,2026-03-28,2026,3,28,家凯拼多多,太太乐TOTOLE调味旗舰店,9126682,A01三鲜鸡精40x180克(二维码),太太乐三鲜鸡精调味料40×180g（二维码）,三鲜鸡精,2.0,18.9,7.8,广东省,珠海市,金湾区
3月,2026-03-28,2026,3,28,家凯拼多多,太太乐旗舰店,9126682,A01三鲜鸡精40x180克(二维码),太太乐三鲜鸡精调味料40×180g（二维码）,三鲜鸡精,1.0,9.122,7.8,广西壮族自治区,贺州市,钟山县
3月,2026-03-28,2026,3,28,家凯拼多多,太太乐旗舰店,9126682,A01三鲜鸡精40x180克(二维码),太太乐三鲜鸡精调味料40×180g（二维码）,三鲜鸡精,1.0,9.122,7.8,江苏省,南京市,江宁区
3月,2026-03-28,2026,3,28,家凯拼多多,太太乐调味料专卖店,9126682,A01三鲜鸡精40x180克(二维码),太太乐三鲜鸡精调味料40×180g（二维码）,三鲜鸡精,40.0,281.0,7.8,江苏省,常州市,武进区
3月,2026-03-28,2026,3,28,家凯拼多多,太太乐旗舰店,9126682,A01三鲜鸡精40x180克(二维码),太太乐三鲜鸡精调味料40×180g（二维码）,三鲜鸡精,1.0,7.1192,7.8,江苏省,扬州市,江都区
3月,2026-03-28,2026,3,28,家凯拼多多,太太乐调味料专卖店,9126682,A01三鲜鸡精40x180克(二维码),太太乐三鲜鸡精调味料40×180g（二维码）,三鲜鸡精,40.0,265.98,7.8,江苏省,淮安市,涟水县
3月,2026-03-28,2026,3,28,家凯拼多多,太太乐调味料专卖店,9126682,A01三鲜鸡精40x180克(二维码),太太乐三鲜鸡精调味料40×180g（二维码）,三鲜鸡精,40.0,266.0,7.8,江苏省,盐城市,大丰区
3月,2026-03-28,2026,3,28,家凯拼多多,太太乐调味料专卖店,9126682,A01三鲜鸡精40x180克(二维码),太太乐三鲜鸡精调味料40×180g（二维码）,三鲜鸡精,80.0,566.28,7.8,江西省,南昌市,进贤县
3月,2026-03-28,2026,3,28,家凯拼多多,太太乐旗舰店,9126682,A01三鲜鸡精40x180克(二维码),太太乐三鲜鸡精调味料40×180g（二维码）,三鲜鸡精,1.0,9.122,7.8,江西省,吉安市,万安县
3月,2026-03-28,2026,3,28,家凯拼多多,太太乐旗舰店,9126682,A01三鲜鸡精40x180克(二维码),太太乐三鲜鸡精调味料40×180g（二维码）,三鲜鸡精,3.0,18.1299,7.8,江西省,赣州市,赣县区
3月,2026-03-28,2026,3,28,家凯拼多多,太太乐TOTOLE调味旗舰店,9126682,A01三鲜鸡精40x180克(二维码),太太乐三鲜鸡精调味料40×180g（二维码）,三鲜鸡精,2.0,18.9,7.8,河北省,保定市,竞秀区
3月,2026-03-28,2026,3,28,家凯拼多多,太太乐旗舰店,9126682,A01三鲜鸡精40x180克(二维码),太太乐三鲜鸡精调味料40×180g（二维码）,三鲜鸡精,1.0,5.6,7.8,河北省,秦皇岛市,海港区
3月,2026-03-28,2026,3,28,家凯拼多多,太太乐旗舰店,9126682,A01三鲜鸡精40x180克(二维码),太太乐三鲜鸡精调味料40×180g（二维码）,三鲜鸡精,1.0,4.9,7.8,河南省,信阳市,新县
3月,2026-03-28,2026,3,28,家凯拼多多,太太乐调味料专卖店,9126682,A01三鲜鸡精40x180克(二维码),太太乐三鲜鸡精调味料40×180g（二维码）,三鲜鸡精,15.0,109.9995,7.8,河南省,南阳市,邓州市
3月,2026-03-28,2026,3,28,家凯拼多多,太太乐旗舰店,9126682,A01三鲜鸡精40x180克(二维码),太太乐三鲜鸡精调味料40×180g（二维码）,三鲜鸡精,2.0,17.9,7.8,浙江省,台州市,温岭市
3月,2026-03-28,2026,3,28,家凯拼多多,太太乐TOTOLE调味旗舰店,9126682,A01三鲜鸡精40x180克(二维码),太太乐三鲜鸡精调味料40×180g（二维码）,三鲜鸡精,3.0,26.9001,7.8,浙江省,宁波市,余姚市
3月,2026-03-28,2026,3,28,家凯拼多多,太太乐旗舰店,9126682,A01三鲜鸡精40x180克(二维码),太太乐三鲜鸡精调味料40×180g（二维码）,三鲜鸡精,1.0,9.122,7.8,浙江省,宁波市,余姚市
3月,2026-03-28,2026,3,28,家凯拼多多,太太乐TOTOLE调味旗舰店,9126682,A01三鲜鸡精40x180克(二维码),太太乐三鲜鸡精调味料40×180g（二维码）,三鲜鸡精,3.0,26.9001,7.8,浙江省,宁波市,海曙区
3月,2026-03-28,2026,3,28,家凯拼多多,太太乐调味料专卖店,9126682,A01三鲜鸡精40x180克(二维码),太太乐三鲜鸡精调味料40×180g（二维码）,三鲜鸡精,15.0,102.3,7.8,浙江省,杭州市,上城区
3月,2026-03-28,2026,3,28,家凯拼多多,太太乐旗舰店,9126682,A01三鲜鸡精40x180克(二维码),太太乐三鲜鸡精调味料40×180g（二维码）,三鲜鸡精,1.0,10.9,7.8,浙江省,杭州市,余杭区
3月,2026-03-28,2026,3,28,家凯拼多多,太太乐调味料专卖店,9126682,A01三鲜鸡精40x180克(二维码),太太乐三鲜鸡精调味料40×180g（二维码）,三鲜鸡精,80.0,566.28,7.8,浙江省,温州市,文成县
3月,2026-03-28,2026,3,28,家凯拼多多,太太乐旗舰店,9126682,A01三鲜鸡精40x180克(二维码),太太乐三鲜鸡精调味料40×180g（二维码）,三鲜鸡精,1.0,10.6,7.8,浙江省,金华市,东阳市
3月,2026-03-28,2026,3,28,家凯拼多多,太太乐旗舰店,9126682,A01三鲜鸡精40x180克(二维码),太太乐三鲜鸡精调味料40×180g（二维码）,三鲜鸡精,1.0,10.9,7.8,浙江省,金华市,义乌市
3月,2026-03-28,2026,3,28,家凯拼多多,太太乐旗舰店,9126682,A01三鲜鸡精40x180克(二维码),太太乐三鲜鸡精调味料40×180g（二维码）,三鲜鸡精,1.0,9.122,7.8,浙江省,金华市,义乌市
3月,2026-03-28,2026,3,28,家凯拼多多,太太乐调味料专卖店,9126682,A01三鲜鸡精40x180克(二维码),太太乐三鲜鸡精调味料40×180g（二维码）,三鲜鸡精,15.0,109.9995,7.8,海南省,省直辖县级行政区划,定安县
3月,2026-03-28,2026,3,28,家凯拼多多,太太乐旗舰店,9126682,A01三鲜鸡精40x180克(二维码),太太乐三鲜鸡精调味料40×180g（二维码）,三鲜鸡精,1.0,9.122,7.8,湖北省,武汉市,黄陂区
3月,2026-03-28,2026,3,28,家凯拼多多,太太乐调味料专卖店,9126682,A01三鲜鸡精40x180克(二维码),太太乐三鲜鸡精调味料40×180g（二维码）,三鲜鸡精,40.0,286.0,7.8,湖北省,鄂州市,鄂城区
3月,2026-03-28,2026,3,28,家凯拼多多,太太乐调味料专卖店,9126682,A01三鲜鸡精40x180克(二维码),太太乐三鲜鸡精调味料40×180g（二维码）,三鲜鸡精,40.0,243.1,7.8,湖南省,岳阳市,汨罗市
3月,2026-03-28,2026,3,28,家凯拼多多,太太乐调味料专卖店,9126682,A01三鲜鸡精40x180克(二维码),太太乐三鲜鸡精调味料40×180g（二维码）,三鲜鸡精,40.0,268.84,7.8,湖南省,张家界市,慈利县
3月,2026-03-28,2026,3,28,家凯拼多多,太太乐TOTOLE调味旗舰店,9126682,A01三鲜鸡精40x180克(二维码),太太乐三鲜鸡精调味料40×180g（二维码）,三鲜鸡精,2.0,18.9,7.8,甘肃省,兰州市,城关区
3月,2026-03-28,2026,3,28,家凯拼多多,太太乐调味料专卖店,9126682,A01三鲜鸡精40x180克(二维码),太太乐三鲜鸡精调味料40×180g（二维码）,三鲜鸡精,15.0,109.9995,7.8,甘肃省,酒泉市,敦煌市
3月,2026-03-28,2026,3,28,家凯拼多多,太太乐旗舰店,9126682,A01三鲜鸡精40x180克(二维码),太太乐三鲜鸡精调味料40×180g（二维码）,三鲜鸡精,1.0,9.122,7.8,福建省,三明市,沙县区
3月,2026-03-28,2026,3,28,家凯拼多多,太太乐旗舰店,9126682,A01三鲜鸡精40x180克(二维码),太太乐三鲜鸡精调味料40×180g（二维码）,三鲜鸡精,3.0,13.23,7.8,福建省,厦门市,集美区
3月,2026-03-28,2026,3,28,家凯拼多多,太太乐调味料专卖店,9126682,A01三鲜鸡精40x180克(二维码),太太乐三鲜鸡精调味料40×180g（二维码）,三鲜鸡精,15.0,109.9995,7.8,福建省,福州市,长乐区
3月,2026-03-28,2026,3,28,家凯拼多多,太太乐调味料专卖店,9126682,A01三鲜鸡精40x180克(二维码),太太乐三鲜鸡精调味料40×180g（二维码）,三鲜鸡精,15.0,109.9995,7.8,贵州省,黔东南苗族侗族自治州,黄平县
3月,2026-03-28,2026,3,28,家凯拼多多,太太乐旗舰店,9126682,A01三鲜鸡精40x180克(二维码),太太乐三鲜鸡精调味料40×180g（二维码）,三鲜鸡精,1.0,10.9,7.8,重庆,重庆市,万州区
3月,2026-03-28,2026,3,28,家凯拼多多,太太乐旗舰店,9126682,A01三鲜鸡精40x180克(二维码),太太乐三鲜鸡精调味料40×180g（二维码）,三鲜鸡精,2.0,17.1204,7.8,陕西省,咸阳市,渭城区
3月,2026-03-28,2026,3,28,家凯拼多多,太太乐旗舰店,9126682,A01三鲜鸡精40x180克(二维码),太太乐三鲜鸡精调味料40×180g（二维码）,三鲜鸡精,1.0,10.9,7.8,陕西省,咸阳市,秦都区
3月,2026-03-28,2026,3,28,家凯拼多多,太太乐旗舰店,9126682,A01三鲜鸡精40x180克(二维码),太太乐三鲜鸡精调味料40×180g（二维码）,三鲜鸡精,6.0,51.2898,7.8,陕西省,榆林市,绥德县
3月,2026-03-28,2026,3,28,家凯拼多多,太太乐旗舰店,9126682,A01三鲜鸡精40x180克(二维码),太太乐三鲜鸡精调味料40×180g（二维码）,三鲜鸡精,4.0,30.9,7.8,陕西省,西安市,新城区
3月,2026-03-28,2026,3,28,家凯拼多多,太太乐调味料专卖店,9126682,A01三鲜鸡精40x180克(二维码),太太乐三鲜鸡精调味料40×180g（二维码）,三鲜鸡精,15.0,104.5005,7.8,陕西省,西安市,未央区
3月,2026-03-28,2026,3,28,家凯拼多多,太太乐旗舰店,9126682,A01三鲜鸡精40x180克(二维码),太太乐三鲜鸡精调味料40×180g（二维码）,三鲜鸡精,1.0,10.9,7.8,黑龙江省,哈尔滨市,五常市
3月,2026-03-29,2026,3,29,家凯拼多多,太太乐旗舰店,9126682,A01三鲜鸡精40x180克(二维码),太太乐三鲜鸡精调味料40×180g（二维码）,三鲜鸡精,3.0,24.9,7.8,上海,上海市,静安区
3月,2026-03-29,2026,3,29,家凯拼多多,太太乐旗舰店,9126682,A01三鲜鸡精40x180克(二维码),太太乐三鲜鸡精调味料40×180g（二维码）,三鲜鸡精,1.0,10.9,7.8,北京,北京市,东城区
3月,2026-03-29,2026,3,29,家凯拼多多,太太乐旗舰店,9126682,A01三鲜鸡精40x180克(二维码),太太乐三鲜鸡精调味料40×180g（二维码）,三鲜鸡精,3.0,23.31,7.8,吉林省,通化市,通化县
3月,2026-03-29,2026,3,29,家凯拼多多,太太乐旗舰店,9126682,A01三鲜鸡精40x180克(二维码),太太乐三鲜鸡精调味料40×180g（二维码）,三鲜鸡精,3.0,22.9101,7.8,安徽省,合肥市,包河区
3月,2026-03-29,2026,3,29,家凯拼多多,太太乐旗舰店,9126682,A01三鲜鸡精40x180克(二维码),太太乐三鲜鸡精调味料40×180g（二维码）,三鲜鸡精,1.0,7.2976,7.8,安徽省,合肥市,瑶海区
3月,2026-03-29,2026,3,29,家凯拼多多,太太乐旗舰店,9126682,A01三鲜鸡精40x180克(二维码),太太乐三鲜鸡精调味料40×180g（二维码）,三鲜鸡精,1.0,7.7537,7.8,安徽省,合肥市,肥西县
3月,2026-03-29,2026,3,29,家凯拼多多,太太乐旗舰店,9126682,A01三鲜鸡精40x180克(二维码),太太乐三鲜鸡精调味料40×180g（二维码）,三鲜鸡精,3.0,25.8999,7.8,山东省,济南市,历城区
3月,2026-03-29,2026,3,29,家凯拼多多,太太乐旗舰店,9126682,A01三鲜鸡精40x180克(二维码),太太乐三鲜鸡精调味料40×180g（二维码）,三鲜鸡精,4.0,29.36,7.8,山东省,淄博市,临淄区
3月,2026-03-29,2026,3,29,家凯拼多多,太太乐旗舰店,9126682,A01三鲜鸡精40x180克(二维码),太太乐三鲜鸡精调味料40×180g（二维码）,三鲜鸡精,8.0,61.1904,7.8,山东省,烟台市,龙口市
3月,2026-03-29,2026,3,29,家凯拼多多,太太乐旗舰店,9126682,A01三鲜鸡精40x180克(二维码),太太乐三鲜鸡精调味料40×180g（二维码）,三鲜鸡精,1.0,8.72,7.8,山东省,聊城市,东昌府区
3月,2026-03-29,2026,3,29,家凯拼多多,太太乐旗舰店,9126682,A01三鲜鸡精40x180克(二维码),太太乐三鲜鸡精调味料40×180g（二维码）,三鲜鸡精,1.0,9.27,7.8,山西省,太原市,小店区
3月,2026-03-29,2026,3,29,家凯拼多多,太太乐旗舰店,9126682,A01三鲜鸡精40x180克(二维码),太太乐三鲜鸡精调味料40×180g（二维码）,三鲜鸡精,1.0,7.139,7.8,广东省,中山市,小榄镇
3月,2026-03-29,2026,3,29,家凯拼多多,太太乐TOTOLE调味旗舰店,9126682,A01三鲜鸡精40x180克(二维码),太太乐三鲜鸡精调味料40×180g（二维码）,三鲜鸡精,1.0,8.51,7.8,广东省,佛山市,禅城区
3月,2026-03-29,2026,3,29,家凯拼多多,太太乐旗舰店,9126682,A01三鲜鸡精40x180克(二维码),太太乐三鲜鸡精调味料40×180g（二维码）,三鲜鸡精,1.0,9.122,7.8,广东省,佛山市,顺德区
3月,2026-03-29,2026,3,29,家凯拼多多,太太乐TOTOLE调味旗舰店,9126682,A01三鲜鸡精40x180克(二维码),太太乐三鲜鸡精调味料40×180g（二维码）,三鲜鸡精,1.0,7.9,7.8,广东省,广州市,黄埔区
3月,2026-03-29,2026,3,29,家凯拼多多,太太乐旗舰店,9126682,A01三鲜鸡精40x180克(二维码),太太乐三鲜鸡精调味料40×180g（二维码）,三鲜鸡精,1.0,10.9,7.8,广东省,揭阳市,普宁市
3月,2026-03-29,2026,3,29,家凯拼多多,太太乐调味料专卖店,9126682,A01三鲜鸡精40x180克(二维码),太太乐三鲜鸡精调味料40×180g（二维码）,三鲜鸡精,200.0,1316.62,7.8,广东省,揭阳市,榕城区
3月,2026-03-29,2026,3,29,家凯拼多多,太太乐旗舰店,9126682,A01三鲜鸡精40x180克(二维码),太太乐三鲜鸡精调味料40×180g（二维码）,三鲜鸡精,1.0,7.7537,7.8,广东省,深圳市,宝安区
3月,2026-03-29,2026,3,29,家凯拼多多,太太乐TOTOLE调味旗舰店,9126682,A01三鲜鸡精40x180克(二维码),太太乐三鲜鸡精调味料40×180g（二维码）,三鲜鸡精,5.0,37.9,7.8,广东省,深圳市,龙岗区
3月,2026-03-29,2026,3,29,家凯拼多多,太太乐旗舰店,9126682,A01三鲜鸡精40x180克(二维码),太太乐三鲜鸡精调味料40×180g（二维码）,三鲜鸡精,1.0,9.81,7.8,广东省,深圳市,龙岗区
3月,2026-03-29,2026,3,29,家凯拼多多,太太乐旗舰店,9126682,A01三鲜鸡精40x180克(二维码),太太乐三鲜鸡精调味料40×180g（二维码）,三鲜鸡精,1.0,7.2976,7.8,广东省,深圳市,龙岗区
3月,2026-03-29,2026,3,29,家凯拼多多,太太乐旗舰店,9126682,A01三鲜鸡精40x180克(二维码),太太乐三鲜鸡精调味料40×180g（二维码）,三鲜鸡精,1.0,10.9,7.8,广西壮族自治区,南宁市,江南区
3月,2026-03-29,2026,3,29,家凯拼多多,太太乐旗舰店,9126682,A01三鲜鸡精40x180克(二维码),太太乐三鲜鸡精调味料40×180g（二维码）,三鲜鸡精,1.0,8.2098,7.8,江苏省,南京市,六合区
3月,2026-03-29,2026,3,29,家凯拼多多,太太乐旗舰店,9126682,A01三鲜鸡精40x180克(二维码),太太乐三鲜鸡精调味料40×180g（二维码）,三鲜鸡精,1.0,9.122,7.8,江苏省,南京市,江宁区
3月,2026-03-29,2026,3,29,家凯拼多多,太太乐调味料专卖店,9126682,A01三鲜鸡精40x180克(二维码),太太乐三鲜鸡精调味料40×180g（二维码）,三鲜鸡精,40.0,283.0,7.8,江苏省,宿迁市,沭阳县
3月,2026-03-29,2026,3,29,家凯拼多多,太太乐旗舰店,9126682,A01三鲜鸡精40x180克(二维码),太太乐三鲜鸡精调味料40×180g（二维码）,三鲜鸡精,1.0,10.9,7.8,江苏省,无锡市,新吴区
3月,2026-03-29,2026,3,29,家凯拼多多,太太乐旗舰店,9126682,A01三鲜鸡精40x180克(二维码),太太乐三鲜鸡精调味料40×180g（二维码）,三鲜鸡精,8.0,61.1904,7.8,江苏省,泰州市,海陵区
3月,2026-03-29,2026,3,29,家凯拼多多,太太乐旗舰店,9126682,A01三鲜鸡精40x180克(二维码),太太乐三鲜鸡精调味料40×180g（二维码）,三鲜鸡精,4.0,30.9,7.8,江苏省,淮安市,淮安区
3月,2026-03-29,2026,3,29,家凯拼多多,太太乐旗舰店,9126682,A01三鲜鸡精40x180克(二维码),太太乐三鲜鸡精调味料40×180g（二维码）,三鲜鸡精,3.0,24.9,7.8,江苏省,盐城市,建湖县
3月,2026-03-29,2026,3,29,家凯拼多多,太太乐旗舰店,9126682,A01三鲜鸡精40x180克(二维码),太太乐三鲜鸡精调味料40×180g（二维码）,三鲜鸡精,3.0,25.8999,7.8,江苏省,苏州市,吴江区
3月,2026-03-29,2026,3,29,家凯拼多多,太太乐旗舰店,9126682,A01三鲜鸡精40x180克(二维码),太太乐三鲜鸡精调味料40×180g（二维码）,三鲜鸡精,1.0,9.122,7.8,江苏省,苏州市,常熟市
3月,2026-03-29,2026,3,29,家凯拼多多,太太乐旗舰店,9126682,A01三鲜鸡精40x180克(二维码),太太乐三鲜鸡精调味料40×180g（二维码）,三鲜鸡精,1.0,7.7537,7.8,江西省,抚州市,崇仁县
3月,2026-03-29,2026,3,29,家凯拼多多,太太乐旗舰店,9126682,A01三鲜鸡精40x180克(二维码),太太乐三鲜鸡精调味料40×180g（二维码）,三鲜鸡精,1.0,7.63,7.8,河北省,唐山市,古冶区
3月,2026-03-29,2026,3,29,家凯拼多多,太太乐旗舰店,9126682,A01三鲜鸡精40x180克(二维码),太太乐三鲜鸡精调味料40×180g（二维码）,三鲜鸡精,3.0,23.7306,7.8,河南省,许昌市,魏都区
3月,2026-03-29,2026,3,29,家凯拼多多,太太乐旗舰店,9126682,A01三鲜鸡精40x180克(二维码),太太乐三鲜鸡精调味料40×180g（二维码）,三鲜鸡精,1.0,10.9,7.8,浙江省,台州市,路桥区
3月,2026-03-29,2026,3,29,家凯拼多多,太太乐家凯专卖店,9126682,A01三鲜鸡精40x180克(二维码),太太乐三鲜鸡精调味料40×180g（二维码）,三鲜鸡精,15.0,109.9995,7.8,浙江省,台州市,黄岩区
3月,2026-03-29,2026,3,29,家凯拼多多,太太乐调味料专卖店,9126682,A01三鲜鸡精40x180克(二维码),太太乐三鲜鸡精调味料40×180g（二维码）,三鲜鸡精,40.0,275.0,7.8,浙江省,宁波市,北仑区
3月,2026-03-29,2026,3,29,家凯拼多多,太太乐TOTOLE调味旗舰店,9126682,A01三鲜鸡精40x180克(二维码),太太乐三鲜鸡精调味料40×180g（二维码）,三鲜鸡精,2.0,18.9,7.8,浙江省,宁波市,慈溪市
3月,2026-03-29,2026,3,29,家凯拼多多,太太乐旗舰店,9126682,A01三鲜鸡精40x180克(二维码),太太乐三鲜鸡精调味料40×180g（二维码）,三鲜鸡精,1.0,7.63,7.8,浙江省,宁波市,慈溪市
3月,2026-03-29,2026,3,29,家凯拼多多,太太乐旗舰店,9126682,A01三鲜鸡精40x180克(二维码),太太乐三鲜鸡精调味料40×180g（二维码）,三鲜鸡精,1.0,8.6659,7.8,浙江省,杭州市,余杭区
3月,2026-03-29,2026,3,29,家凯拼多多,太太乐旗舰店,9126682,A01三鲜鸡精40x180克(二维码),太太乐三鲜鸡精调味料40×180g（二维码）,三鲜鸡精,1.0,8.2098,7.8,浙江省,杭州市,桐庐县
3月,2026-03-29,2026,3,29,家凯拼多多,太太乐旗舰店,9126682,A01三鲜鸡精40x180克(二维码),太太乐三鲜鸡精调味料40×180g（二维码）,三鲜鸡精,1.0,9.122,7.8,浙江省,杭州市,萧山区
3月,2026-03-29,2026,3,29,家凯拼多多,太太乐旗舰店,9126682,A01三鲜鸡精40x180克(二维码),太太乐三鲜鸡精调味料40×180g（二维码）,三鲜鸡精,1.0,9.122,7.8,浙江省,杭州市,萧山区
3月,2026-03-29,2026,3,29,家凯拼多多,太太乐调味料专卖店,9126682,A01三鲜鸡精40x180克(二维码),太太乐三鲜鸡精调味料40×180g（二维码）,三鲜鸡精,15.0,109.9995,7.8,浙江省,温州市,乐清市
3月,2026-03-29,2026,3,29,家凯拼多多,太太乐调味料专卖店,9126682,A01三鲜鸡精40x180克(二维码),太太乐三鲜鸡精调味料40×180g（二维码）,三鲜鸡精,15.0,94.9995,7.8,浙江省,温州市,平阳县
3月,2026-03-29,2026,3,29,家凯拼多多,太太乐TOTOLE调味旗舰店,9126682,A01三鲜鸡精40x180克(二维码),太太乐三鲜鸡精调味料40×180g（二维码）,三鲜鸡精,1.0,10.9,7.8,浙江省,温州市,平阳县
3月,2026-03-29,2026,3,29,家凯拼多多,太太乐旗舰店,9126682,A01三鲜鸡精40x180克(二维码),太太乐三鲜鸡精调味料40×180g（二维码）,三鲜鸡精,4.0,26.27,7.8,浙江省,温州市,文成县
3月,2026-03-29,2026,3,29,家凯拼多多,太太乐旗舰店,9126682,A01三鲜鸡精40x180克(二维码),太太乐三鲜鸡精调味料40×180g（二维码）,三鲜鸡精,2.0,15.4084,7.8,浙江省,温州市,瑞安市
3月,2026-03-29,2026,3,29,家凯拼多多,太太乐TOTOLE调味旗舰店,9126682,A01三鲜鸡精40x180克(二维码),太太乐三鲜鸡精调味料40×180g（二维码）,三鲜鸡精,2.0,14.75,7.8,浙江省,温州市,鹿城区
3月,2026-03-29,2026,3,29,家凯拼多多,太太乐调味料专卖店,9126682,A01三鲜鸡精40x180克(二维码),太太乐三鲜鸡精调味料40×180g（二维码）,三鲜鸡精,15.0,94.9995,7.8,浙江省,绍兴市,绍兴县
3月,2026-03-29,2026,3,29,家凯拼多多,太太乐旗舰店,9126682,A01三鲜鸡精40x180克(二维码),太太乐三鲜鸡精调味料40×180g（二维码）,三鲜鸡精,1.0,7.7537,7.8,海南省,三亚市,吉阳区
3月,2026-03-29,2026,3,29,家凯拼多多,太太乐TOTOLE调味旗舰店,9126682,A01三鲜鸡精40x180克(二维码),太太乐三鲜鸡精调味料40×180g（二维码）,三鲜鸡精,1.0,10.9,7.8,海南省,省直辖县级行政区划,定安县
3月,2026-03-29,2026,3,29,家凯拼多多,太太乐调味料专卖店,9126682,A01三鲜鸡精40x180克(二维码),太太乐三鲜鸡精调味料40×180g（二维码）,三鲜鸡精,40.0,286.0,7.8,湖北省,咸宁市,赤壁市
3月,2026-03-29,2026,3,29,家凯拼多多,太太乐旗舰店,9126682,A01三鲜鸡精40x180克(二维码),太太乐三鲜鸡精调味料40×180g（二维码）,三鲜鸡精,2.0,13.6962,7.8,湖北省,武汉市,青山区
3月,2026-03-29,2026,3,29,家凯拼多多,太太乐旗舰店,9126682,A01三鲜鸡精40x180克(二维码),太太乐三鲜鸡精调味料40×180g（二维码）,三鲜鸡精,1.0,7.139,7.8,湖北省,黄石市,西塞山区
3月,2026-03-29,2026,3,29,家凯拼多多,太太乐TOTOLE调味旗舰店,9126682,A01三鲜鸡精40x180克(二维码),太太乐三鲜鸡精调味料40×180g（二维码）,三鲜鸡精,2.0,18.9,7.8,湖南省,常德市,桃源县
3月,2026-03-29,2026,3,29,家凯拼多多,太太乐调味料专卖店,9126682,A01三鲜鸡精40x180克(二维码),太太乐三鲜鸡精调味料40×180g（二维码）,三鲜鸡精,15.0,104.5005,7.8,甘肃省,酒泉市,肃州区
3月,2026-03-29,2026,3,29,家凯拼多多,太太乐旗舰店,9126682,A01三鲜鸡精40x180克(二维码),太太乐三鲜鸡精调味料40×180g（二维码）,三鲜鸡精,1.0,8.2098,7.8,福建省,三明市,永安市
3月,2026-03-29,2026,3,29,家凯拼多多,太太乐旗舰店,9126682,A01三鲜鸡精40x180克(二维码),太太乐三鲜鸡精调味料40×180g（二维码）,三鲜鸡精,2.0,13.3592,7.8,贵州省,遵义市,湄潭县
3月,2026-03-29,2026,3,29,家凯拼多多,太太乐旗舰店,9126682,A01三鲜鸡精40x180克(二维码),太太乐三鲜鸡精调味料40×180g（二维码）,三鲜鸡精,1.0,7.7537,7.8,重庆,重庆市,荣昌区
3月,2026-03-29,2026,3,29,家凯拼多多,太太乐旗舰店,9126682,A01三鲜鸡精40x180克(二维码),太太乐三鲜鸡精调味料40×180g（二维码）,三鲜鸡精,3.0,24.9,7.8,陕西省,西安市,高陵区
3月,2026-03-30,2026,3,30,家凯拼多多,太太乐旗舰店,9126682,A01三鲜鸡精40x180克(二维码),太太乐三鲜鸡精调味料40×180g（二维码）,三鲜鸡精,1.0,9.122,7.8,上海,上海市,宝山区
3月,2026-03-30,2026,3,30,家凯拼多多,太太乐旗舰店,9126682,A01三鲜鸡精40x180克(二维码),太太乐三鲜鸡精调味料40×180g（二维码）,三鲜鸡精,1.0,9.122,7.8,上海,上海市,宝山区
3月,2026-03-30,2026,3,30,家凯拼多多,太太乐TOTOLE调味旗舰店,9126682,A01三鲜鸡精40x180克(二维码),太太乐三鲜鸡精调味料40×180g（二维码）,三鲜鸡精,2.0,18.9,7.8,上海,上海市,崇明区
3月,2026-03-30,2026,3,30,家凯拼多多,太太乐旗舰店,9126682,A01三鲜鸡精40x180克(二维码),太太乐三鲜鸡精调味料40×180g（二维码）,三鲜鸡精,1.0,7.7537,7.8,上海,上海市,浦东新区
3月,2026-03-30,2026,3,30,家凯拼多多,太太乐旗舰店,9126682,A01三鲜鸡精40x180克(二维码),太太乐三鲜鸡精调味料40×180g（二维码）,三鲜鸡精,1.0,9.122,7.8,上海,上海市,金山区
3月,2026-03-30,2026,3,30,家凯拼多多,太太乐旗舰店,9126682,A01三鲜鸡精40x180克(二维码),太太乐三鲜鸡精调味料40×180g（二维码）,三鲜鸡精,1.0,10.9,7.8,云南省,昆明市,官渡区
3月,2026-03-30,2026,3,30,家凯拼多多,太太乐旗舰店,9126682,A01三鲜鸡精40x180克(二维码),太太乐三鲜鸡精调味料40×180g（二维码）,三鲜鸡精,1.0,5.9,7.8,北京,北京市,朝阳区
3月,2026-03-30,2026,3,30,家凯拼多多,太太乐旗舰店,9126682,A01三鲜鸡精40x180克(二维码),太太乐三鲜鸡精调味料40×180g（二维码）,三鲜鸡精,1.0,8.2098,7.8,吉林省,长春市,公主岭市
3月,2026-03-30,2026,3,30,家凯拼多多,太太乐旗舰店,9126682,A01三鲜鸡精40x180克(二维码),太太乐三鲜鸡精调味料40×180g（二维码）,三鲜鸡精,4.0,28.43,7.8,吉林省,长春市,南关区
3月,2026-03-30,2026,3,30,家凯拼多多,太太乐旗舰店,9126682,A01三鲜鸡精40x180克(二维码),太太乐三鲜鸡精调味料40×180g（二维码）,三鲜鸡精,3.0,18.9843,7.8,天津,天津市,北辰区
3月,2026-03-30,2026,3,30,家凯拼多多,太太乐调味料专卖店,9126682,A01三鲜鸡精40x180克(二维码),太太乐三鲜鸡精调味料40×180g（二维码）,三鲜鸡精,15.0,109.9995,7.8,安徽省,宣城市,宣州区
3月,2026-03-30,2026,3,30,家凯拼多多,太太乐旗舰店,9126682,A01三鲜鸡精40x180克(二维码),太太乐三鲜鸡精调味料40×180g（二维码）,三鲜鸡精,12.0,78.0204,7.8,安徽省,宿州市,萧县
3月,2026-03-30,2026,3,30,家凯拼多多,太太乐旗舰店,9126682,A01三鲜鸡精40x180克(二维码),太太乐三鲜鸡精调味料40×180g（二维码）,三鲜鸡精,3.0,21.1701,7.8,安徽省,宿州市,萧县
3月,2026-03-30,2026,3,30,家凯拼多多,太太乐旗舰店,9126682,A01三鲜鸡精40x180克(二维码),太太乐三鲜鸡精调味料40×180g（二维码）,三鲜鸡精,4.0,27.81,7.8,安徽省,滁州市,凤阳县
3月,2026-03-30,2026,3,30,家凯拼多多,太太乐旗舰店,9126682,A01三鲜鸡精40x180克(二维码),太太乐三鲜鸡精调味料40×180g（二维码）,三鲜鸡精,4.0,27.81,7.8,安徽省,芜湖市,繁昌区
3月,2026-03-30,2026,3,30,家凯拼多多,太太乐调味料专卖店,9126682,A01三鲜鸡精40x180克(二维码),太太乐三鲜鸡精调味料40×180g（二维码）,三鲜鸡精,40.0,266.0,7.8,山东省,聊城市,东昌府区
3月,2026-03-30,2026,3,30,家凯拼多多,太太乐调味料专卖店,9126682,A01三鲜鸡精40x180克(二维码),太太乐三鲜鸡精调味料40×180g（二维码）,三鲜鸡精,40.0,286.0,7.8,山西省,晋中市,榆次区
3月,2026-03-30,2026,3,30,家凯拼多多,太太乐旗舰店,9126682,A01三鲜鸡精40x180克(二维码),太太乐三鲜鸡精调味料40×180g（二维码）,三鲜鸡精,1.0,9.122,7.8,广东省,东莞市,东城街道
3月,2026-03-30,2026,3,30,家凯拼多多,太太乐旗舰店,9126682,A01三鲜鸡精40x180克(二维码),太太乐三鲜鸡精调味料40×180g（二维码）,三鲜鸡精,4.0,25.9,7.8,广东省,东莞市,大朗镇
3月,2026-03-30,2026,3,30,家凯拼多多,太太乐旗舰店,9126682,A01三鲜鸡精40x180克(二维码),太太乐三鲜鸡精调味料40×180g（二维码）,三鲜鸡精,3.0,24.9,7.8,广东省,东莞市,沙田镇
3月,2026-03-30,2026,3,30,家凯拼多多,太太乐旗舰店,9126682,A01三鲜鸡精40x180克(二维码),太太乐三鲜鸡精调味料40×180g（二维码）,三鲜鸡精,1.0,7.2976,7.8,广东省,东莞市,黄江镇
3月,2026-03-30,2026,3,30,家凯拼多多,太太乐旗舰店,9126682,A01三鲜鸡精40x180克(二维码),太太乐三鲜鸡精调味料40×180g（二维码）,三鲜鸡精,1.0,10.9,7.8,广东省,佛山市,顺德区
3月,2026-03-30,2026,3,30,家凯拼多多,太太乐旗舰店,9126682,A01三鲜鸡精40x180克(二维码),太太乐三鲜鸡精调味料40×180g（二维码）,三鲜鸡精,3.0,24.9,7.8,广东省,广州市,南沙区
3月,2026-03-30,2026,3,30,家凯拼多多,太太乐旗舰店,9126682,A01三鲜鸡精40x180克(二维码),太太乐三鲜鸡精调味料40×180g（二维码）,三鲜鸡精,1.0,9.122,7.8,广东省,广州市,海珠区
3月,2026-03-30,2026,3,30,家凯拼多多,太太乐旗舰店,9126682,A01三鲜鸡精40x180克(二维码),太太乐三鲜鸡精调味料40×180g（二维码）,三鲜鸡精,1.0,10.36,7.8,广东省,广州市,番禺区
3月,2026-03-30,2026,3,30,家凯拼多多,太太乐调味料专卖店,9126682,A01三鲜鸡精40x180克(二维码),太太乐三鲜鸡精调味料40×180g（二维码）,三鲜鸡精,40.0,286.0,7.8,广东省,汕头市,澄海区
3月,2026-03-30,2026,3,30,家凯拼多多,太太乐TOTOLE调味旗舰店,9126682,A01三鲜鸡精40x180克(二维码),太太乐三鲜鸡精调味料40×180g（二维码）,三鲜鸡精,2.0,18.9,7.8,广东省,江门市,开平市
3月,2026-03-30,2026,3,30,家凯拼多多,太太乐旗舰店,9126682,A01三鲜鸡精40x180克(二维码),太太乐三鲜鸡精调味料40×180g（二维码）,三鲜鸡精,1.0,10.9,7.8,广东省,深圳市,光明区
3月,2026-03-30,2026,3,30,家凯拼多多,太太乐旗舰店,9126682,A01三鲜鸡精40x180克(二维码),太太乐三鲜鸡精调味料40×180g（二维码）,三鲜鸡精,1.0,10.9,7.8,广东省,深圳市,坪山区
3月,2026-03-30,2026,3,30,家凯拼多多,太太乐调味料专卖店,9126682,A01三鲜鸡精40x180克(二维码),太太乐三鲜鸡精调味料40×180g（二维码）,三鲜鸡精,40.0,257.4,7.8,广西壮族自治区,柳州市,柳江区
3月,2026-03-30,2026,3,30,家凯拼多多,太太乐调味料专卖店,9126682,A01三鲜鸡精40x180克(二维码),太太乐三鲜鸡精调味料40×180g（二维码）,三鲜鸡精,15.0,94.9995,7.8,江苏省,南京市,六合区
3月,2026-03-30,2026,3,30,家凯拼多多,太太乐调味料专卖店,9126682,A01三鲜鸡精40x180克(二维码),太太乐三鲜鸡精调味料40×180g（二维码）,三鲜鸡精,40.0,271.7,7.8,江苏省,南通市,海安市
3月,2026-03-30,2026,3,30,家凯拼多多,太太乐家凯专卖店,9126682,A01三鲜鸡精40x180克(二维码),太太乐三鲜鸡精调味料40×180g（二维码）,三鲜鸡精,30.0,217.8,7.8,江苏省,扬州市,宝应县
3月,2026-03-30,2026,3,30,家凯拼多多,太太乐旗舰店,9126682,A01三鲜鸡精40x180克(二维码),太太乐三鲜鸡精调味料40×180g（二维码）,三鲜鸡精,2.0,15.4084,7.8,江苏省,扬州市,广陵区
3月,2026-03-30,2026,3,30,家凯拼多多,太太乐旗舰店,9126682,A01三鲜鸡精40x180克(二维码),太太乐三鲜鸡精调味料40×180g（二维码）,三鲜鸡精,3.0,25.8999,7.8,江苏省,扬州市,邗江区
3月,2026-03-30,2026,3,30,家凯拼多多,太太乐旗舰店,9126682,A01三鲜鸡精40x180克(二维码),太太乐三鲜鸡精调味料40×180g（二维码）,三鲜鸡精,2.0,15.4084,7.8,江苏省,扬州市,邗江区
3月,2026-03-30,2026,3,30,家凯拼多多,太太乐旗舰店,9126682,A01三鲜鸡精40x180克(二维码),太太乐三鲜鸡精调味料40×180g（二维码）,三鲜鸡精,1.0,9.122,7.8,江苏省,无锡市,新吴区
3月,2026-03-30,2026,3,30,家凯拼多多,太太乐旗舰店,9126682,A01三鲜鸡精40x180克(二维码),太太乐三鲜鸡精调味料40×180g（二维码）,三鲜鸡精,3.0,24.9,7.8,江苏省,无锡市,梁溪区
3月,2026-03-30,2026,3,30,家凯拼多多,太太乐旗舰店,9126682,A01三鲜鸡精40x180克(二维码),太太乐三鲜鸡精调味料40×180g（二维码）,三鲜鸡精,8.0,48.96,7.8,江苏省,盐城市,阜宁县
3月,2026-03-30,2026,3,30,家凯拼多多,太太乐旗舰店,9126682,A01三鲜鸡精40x180克(二维码),太太乐三鲜鸡精调味料40×180g（二维码）,三鲜鸡精,3.0,19.4301,7.8,江苏省,苏州市,昆山市
3月,2026-03-30,2026,3,30,家凯拼多多,太太乐旗舰店,9126682,A01三鲜鸡精40x180克(二维码),太太乐三鲜鸡精调味料40×180g（二维码）,三鲜鸡精,1.0,10.9,7.8,江苏省,苏州市,虎丘区
3月,2026-03-30,2026,3,30,家凯拼多多,太太乐旗舰店,9126682,A01三鲜鸡精40x180克(二维码),太太乐三鲜鸡精调味料40×180g（二维码）,三鲜鸡精,3.0,25.8999,7.8,江苏省,连云港市,灌南县
3月,2026-03-30,2026,3,30,家凯拼多多,太太乐旗舰店,9126682,A01三鲜鸡精40x180克(二维码),太太乐三鲜鸡精调味料40×180g（二维码）,三鲜鸡精,1.0,10.9,7.8,江苏省,连云港市,赣榆区
3月,2026-03-30,2026,3,30,家凯拼多多,太太乐调味料专卖店,9126682,A01三鲜鸡精40x180克(二维码),太太乐三鲜鸡精调味料40×180g（二维码）,三鲜鸡精,15.0,94.9995,7.8,江西省,九江市,浔阳区
3月,2026-03-30,2026,3,30,家凯拼多多,太太乐旗舰店,9126682,A01三鲜鸡精40x180克(二维码),太太乐三鲜鸡精调味料40×180g（二维码）,三鲜鸡精,4.0,27.81,7.8,江西省,南昌市,青山湖区
3月,2026-03-30,2026,3,30,家凯拼多多,太太乐调味料专卖店,9126682,A01三鲜鸡精40x180克(二维码),太太乐三鲜鸡精调味料40×180g（二维码）,三鲜鸡精,15.0,109.9995,7.8,江西省,吉安市,新干县
3月,2026-03-30,2026,3,30,家凯拼多多,太太乐调味料专卖店,9126682,A01三鲜鸡精40x180克(二维码),太太乐三鲜鸡精调味料40×180g（二维码）,三鲜鸡精,15.0,109.9995,7.8,江西省,吉安市,遂川县
3月,2026-03-30,2026,3,30,家凯拼多多,太太乐旗舰店,9126682,A01三鲜鸡精40x180克(二维码),太太乐三鲜鸡精调味料40×180g（二维码）,三鲜鸡精,1.0,7.7537,7.8,江西省,景德镇市,珠山区
3月,2026-03-30,2026,3,30,家凯拼多多,太太乐旗舰店,9126682,A01三鲜鸡精40x180克(二维码),太太乐三鲜鸡精调味料40×180g（二维码）,三鲜鸡精,1.0,9.122,7.8,河北省,廊坊市,广阳区
3月,2026-03-30,2026,3,30,家凯拼多多,太太乐旗舰店,9126682,A01三鲜鸡精40x180克(二维码),太太乐三鲜鸡精调味料40×180g（二维码）,三鲜鸡精,1.0,9.122,7.8,河南省,信阳市,光山县
3月,2026-03-30,2026,3,30,家凯拼多多,太太乐旗舰店,9126682,A01三鲜鸡精40x180克(二维码),太太乐三鲜鸡精调味料40×180g（二维码）,三鲜鸡精,1.0,10.9,7.8,浙江省,台州市,温岭市
3月,2026-03-30,2026,3,30,家凯拼多多,太太乐调味料专卖店,9126682,A01三鲜鸡精40x180克(二维码),太太乐三鲜鸡精调味料40×180g（二维码）,三鲜鸡精,15.0,109.9995,7.8,浙江省,嘉兴市,嘉善县
3月,2026-03-30,2026,3,30,家凯拼多多,太太乐旗舰店,9126682,A01三鲜鸡精40x180克(二维码),太太乐三鲜鸡精调味料40×180g（二维码）,三鲜鸡精,1.0,9.122,7.8,浙江省,嘉兴市,海宁市
3月,2026-03-30,2026,3,30,家凯拼多多,太太乐调味料专卖店,9126682,A01三鲜鸡精40x180克(二维码),太太乐三鲜鸡精调味料40×180g（二维码）,三鲜鸡精,40.0,286.0,7.8,浙江省,宁波市,奉化区
3月,2026-03-30,2026,3,30,家凯拼多多,太太乐TOTOLE调味旗舰店,9126682,A01三鲜鸡精40x180克(二维码),太太乐三鲜鸡精调味料40×180g（二维码）,三鲜鸡精,2.0,18.9,7.8,浙江省,宁波市,慈溪市
3月,2026-03-30,2026,3,30,家凯拼多多,太太乐旗舰店,9126682,A01三鲜鸡精40x180克(二维码),太太乐三鲜鸡精调味料40×180g（二维码）,三鲜鸡精,1.0,2.5119,7.8,浙江省,杭州市,上城区
3月,2026-03-30,2026,3,30,家凯拼多多,太太乐调味料专卖店,9126682,A01三鲜鸡精40x180克(二维码),太太乐三鲜鸡精调味料40×180g（二维码）,三鲜鸡精,40.0,266.0,7.8,浙江省,杭州市,萧山区
3月,2026-03-30,2026,3,30,家凯拼多多,太太乐调味料专卖店,9126682,A01三鲜鸡精40x180克(二维码),太太乐三鲜鸡精调味料40×180g（二维码）,三鲜鸡精,15.0,109.9995,7.8,浙江省,绍兴市,柯桥区
3月,2026-03-30,2026,3,30,家凯拼多多,太太乐TOTOLE调味旗舰店,9126682,A01三鲜鸡精40x180克(二维码),太太乐三鲜鸡精调味料40×180g（二维码）,三鲜鸡精,1.0,10.9,7.8,浙江省,衢州市,衢州市
3月,2026-03-30,2026,3,30,家凯拼多多,太太乐旗舰店,9126682,A01三鲜鸡精40x180克(二维码),太太乐三鲜鸡精调味料40×180g（二维码）,三鲜鸡精,1.0,9.122,7.8,浙江省,金华市,义乌市
3月,2026-03-30,2026,3,30,家凯拼多多,太太乐旗舰店,9126682,A01三鲜鸡精40x180克(二维码),太太乐三鲜鸡精调味料40×180g（二维码）,三鲜鸡精,1.0,7.7537,7.8,浙江省,金华市,义乌市
3月,2026-03-30,2026,3,30,家凯拼多多,太太乐旗舰店,9126682,A01三鲜鸡精40x180克(二维码),太太乐三鲜鸡精调味料40×180g（二维码）,三鲜鸡精,4.0,29.36,7.8,浙江省,金华市,婺城区
3月,2026-03-30,2026,3,30,家凯拼多多,太太乐调味料专卖店,9126682,A01三鲜鸡精40x180克(二维码),太太乐三鲜鸡精调味料40×180g（二维码）,三鲜鸡精,15.0,94.9995,7.8,浙江省,金华市,金东区
3月,2026-03-30,2026,3,30,家凯拼多多,太太乐旗舰店,9126682,A01三鲜鸡精40x180克(二维码),太太乐三鲜鸡精调味料40×180g（二维码）,三鲜鸡精,1.0,8.2098,7.8,海南省,海口市,琼山区
3月,2026-03-30,2026,3,30,家凯拼多多,太太乐旗舰店,9126682,A01三鲜鸡精40x180克(二维码),太太乐三鲜鸡精调味料40×180g（二维码）,三鲜鸡精,1.0,7.2976,7.8,海南省,海口市,龙华区
3月,2026-03-30,2026,3,30,家凯拼多多,太太乐家凯专卖店,9126682,A01三鲜鸡精40x180克(二维码),太太乐三鲜鸡精调味料40×180g（二维码）,三鲜鸡精,15.0,109.9995,7.8,海南省,白沙黎族自治县,邦溪镇
3月,2026-03-30,2026,3,30,家凯拼多多,太太乐旗舰店,9126682,A01三鲜鸡精40x180克(二维码),太太乐三鲜鸡精调味料40×180g（二维码）,三鲜鸡精,1.0,8.3949,7.8,湖北省,武汉市,其他区
3月,2026-03-30,2026,3,30,家凯拼多多,太太乐旗舰店,9126682,A01三鲜鸡精40x180克(二维码),太太乐三鲜鸡精调味料40×180g（二维码）,三鲜鸡精,1.0,8.2098,7.8,湖北省,武汉市,江汉区
3月,2026-03-30,2026,3,30,家凯拼多多,太太乐旗舰店,9126682,A01三鲜鸡精40x180克(二维码),太太乐三鲜鸡精调味料40×180g（二维码）,三鲜鸡精,1.0,10.9,7.8,湖北省,荆州市,沙市区
3月,2026-03-30,2026,3,30,家凯拼多多,太太乐TOTOLE调味旗舰店,9126682,A01三鲜鸡精40x180克(二维码),太太乐三鲜鸡精调味料40×180g（二维码）,三鲜鸡精,1.0,10.9,7.8,湖北省,荆门市,东宝区
3月,2026-03-30,2026,3,30,家凯拼多多,太太乐旗舰店,9126682,A01三鲜鸡精40x180克(二维码),太太乐三鲜鸡精调味料40×180g（二维码）,三鲜鸡精,1.0,8.1437,7.8,湖北省,黄冈市,黄州区
3月,2026-03-30,2026,3,30,家凯拼多多,太太乐旗舰店,9126682,A01三鲜鸡精40x180克(二维码),太太乐三鲜鸡精调味料40×180g（二维码）,三鲜鸡精,1.0,9.122,7.8,湖南省,湘潭市,湘乡市
3月,2026-03-30,2026,3,30,家凯拼多多,太太乐旗舰店,9126682,A01三鲜鸡精40x180克(二维码),太太乐三鲜鸡精调味料40×180g（二维码）,三鲜鸡精,1.0,10.9,7.8,湖南省,衡阳市,蒸湘区
3月,2026-03-30,2026,3,30,家凯拼多多,太太乐旗舰店,9126682,A01三鲜鸡精40x180克(二维码),太太乐三鲜鸡精调味料40×180g（二维码）,三鲜鸡精,1.0,10.9,7.8,湖南省,长沙市,开福区
3月,2026-03-30,2026,3,30,家凯拼多多,太太乐TOTOLE调味旗舰店,9126682,A01三鲜鸡精40x180克(二维码),太太乐三鲜鸡精调味料40×180g（二维码）,三鲜鸡精,1.0,10.9,7.8,湖南省,长沙市,芙蓉区
3月,2026-03-30,2026,3,30,家凯拼多多,太太乐TOTOLE调味旗舰店,9126682,A01三鲜鸡精40x180克(二维码),太太乐三鲜鸡精调味料40×180g（二维码）,三鲜鸡精,1.0,10.9,7.8,甘肃省,兰州市,城关区
3月,2026-03-30,2026,3,30,家凯拼多多,太太乐旗舰店,9126682,A01三鲜鸡精40x180克(二维码),太太乐三鲜鸡精调味料40×180g（二维码）,三鲜鸡精,1.0,9.122,7.8,福建省,泉州市,南安市
3月,2026-03-30,2026,3,30,家凯拼多多,太太乐旗舰店,9126682,A01三鲜鸡精40x180克(二维码),太太乐三鲜鸡精调味料40×180g（二维码）,三鲜鸡精,1.0,7.7537,7.8,福建省,泉州市,石狮市
3月,2026-03-30,2026,3,30,家凯拼多多,太太乐旗舰店,9126682,A01三鲜鸡精40x180克(二维码),太太乐三鲜鸡精调味料40×180g（二维码）,三鲜鸡精,4.0,30.9,7.8,福建省,福州市,长乐区
3月,2026-03-30,2026,3,30,家凯拼多多,太太乐调味料专卖店,9126682,A01三鲜鸡精40x180克(二维码),太太乐三鲜鸡精调味料40×180g（二维码）,三鲜鸡精,80.0,566.28,7.8,贵州省,毕节市,黔西市
3月,2026-03-30,2026,3,30,家凯拼多多,太太乐调味料专卖店,9126682,A01三鲜鸡精40x180克(二维码),太太乐三鲜鸡精调味料40×180g（二维码）,三鲜鸡精,40.0,286.0,7.8,贵州省,黔南布依族苗族自治州,福泉市
3月,2026-03-30,2026,3,30,家凯拼多多,太太乐旗舰店,9126682,A01三鲜鸡精40x180克(二维码),太太乐三鲜鸡精调味料40×180g（二维码）,三鲜鸡精,1.0,10.9,7.8,辽宁省,大连市,甘井子区
3月,2026-03-30,2026,3,30,家凯拼多多,太太乐调味料专卖店,9126682,A01三鲜鸡精40x180克(二维码),太太乐三鲜鸡精调味料40×180g（二维码）,三鲜鸡精,40.0,286.0,7.8,重庆,重庆市,其他区
3月,2026-03-30,2026,3,30,家凯拼多多,太太乐旗舰店,9126682,A01三鲜鸡精40x180克(二维码),太太乐三鲜鸡精调味料40×180g（二维码）,三鲜鸡精,1.0,8.4875,7.8,陕西省,咸阳市,渭城区
3月,2026-03-30,2026,3,30,家凯拼多多,太太乐旗舰店,9126682,A01三鲜鸡精40x180克(二维码),太太乐三鲜鸡精调味料40×180g（二维码）,三鲜鸡精,1.0,8.2098,7.8,陕西省,西安市,未央区
3月,2026-03-30,2026,3,30,家凯拼多多,太太乐旗舰店,9126682,A01三鲜鸡精40x180克(二维码),太太乐三鲜鸡精调味料40×180g（二维码）,三鲜鸡精,1.0,10.9,7.8,陕西省,西安市,长安区
3月,2026-03-30,2026,3,30,家凯拼多多,太太乐旗舰店,9126682,A01三鲜鸡精40x180克(二维码),太太乐三鲜鸡精调味料40×180g（二维码）,三鲜鸡精,1.0,7.2778,7.8,黑龙江省,哈尔滨市,木兰县
3月,2026-03-30,2026,3,30,家凯拼多多,太太乐旗舰店,9126682,A01三鲜鸡精40x180克(二维码),太太乐三鲜鸡精调味料40×180g（二维码）,三鲜鸡精,1.0,9.122,7.8,黑龙江省,鸡西市,鸡东县
3月,2026-03-30,2026,3,30,家凯拼多多,太太乐旗舰店,9126682,A01三鲜鸡精40x180克(二维码),太太乐三鲜鸡精调味料40×180g（二维码）,三鲜鸡精,1.0,9.122,7.8,黑龙江省,鸡西市,鸡冠区
3月,2026-03-30,2026,3,30,家凯拼多多,太太乐旗舰店,9126682,A01三鲜鸡精40x180克(二维码),太太乐三鲜鸡精调味料40×180g（二维码）,三鲜鸡精,20.0,147.2,7.8,黑龙江省,齐齐哈尔市,拜泉县
3月,2026-03-31,2026,3,31,家凯拼多多,太太乐旗舰店,9126682,A01三鲜鸡精40x180克(二维码),太太乐三鲜鸡精调味料40×180g（二维码）,三鲜鸡精,1.0,9.122,7.8,上海,上海市,嘉定区
3月,2026-03-31,2026,3,31,家凯拼多多,太太乐旗舰店,9126682,A01三鲜鸡精40x180克(二维码),太太乐三鲜鸡精调味料40×180g（二维码）,三鲜鸡精,1.0,9.122,7.8,上海,上海市,奉贤区
3月,2026-03-31,2026,3,31,家凯拼多多,太太乐旗舰店,9126682,A01三鲜鸡精40x180克(二维码),太太乐三鲜鸡精调味料40×180g（二维码）,三鲜鸡精,2.0,17.9,7.8,上海,上海市,普陀区
3月,2026-03-31,2026,3,31,家凯拼多多,太太乐旗舰店,9126682,A01三鲜鸡精40x180克(二维码),太太乐三鲜鸡精调味料40×180g（二维码）,三鲜鸡精,1.0,10.6,7.8,上海,上海市,松江区
3月,2026-03-31,2026,3,31,家凯拼多多,太太乐旗舰店,9126682,A01三鲜鸡精40x180克(二维码),太太乐三鲜鸡精调味料40×180g（二维码）,三鲜鸡精,2.0,15.4084,7.8,上海,上海市,青浦区
3月,2026-03-31,2026,3,31,家凯拼多多,太太乐TOTOLE调味旗舰店,9126682,A01三鲜鸡精40x180克(二维码),太太乐三鲜鸡精调味料40×180g（二维码）,三鲜鸡精,2.0,18.9,7.8,云南省,大理白族自治州,宾川县
3月,2026-03-31,2026,3,31,家凯拼多多,太太乐调味料专卖店,9126682,A01三鲜鸡精40x180克(二维码),太太乐三鲜鸡精调味料40×180g（二维码）,三鲜鸡精,15.0,109.9995,7.8,内蒙古自治区,乌海市,海南区
3月,2026-03-31,2026,3,31,家凯拼多多,太太乐旗舰店,9126682,A01三鲜鸡精40x180克(二维码),太太乐三鲜鸡精调味料40×180g（二维码）,三鲜鸡精,8.0,58.1904,7.8,内蒙古自治区,呼伦贝尔市,鄂伦春自治旗
3月,2026-03-31,2026,3,31,家凯拼多多,太太乐旗舰店,9126682,A01三鲜鸡精40x180克(二维码),太太乐三鲜鸡精调味料40×180g（二维码）,三鲜鸡精,1.0,9.122,7.8,北京,北京市,密云区
3月,2026-03-31,2026,3,31,家凯拼多多,太太乐旗舰店,9126682,A01三鲜鸡精40x180克(二维码),太太乐三鲜鸡精调味料40×180g（二维码）,三鲜鸡精,1.0,10.9,7.8,北京,北京市,怀柔区
3月,2026-03-31,2026,3,31,家凯拼多多,太太乐旗舰店,9126682,A01三鲜鸡精40x180克(二维码),太太乐三鲜鸡精调味料40×180g（二维码）,三鲜鸡精,1.0,7.7537,7.8,北京,北京市,昌平区
3月,2026-03-31,2026,3,31,家凯拼多多,太太乐TOTOLE调味旗舰店,9126682,A01三鲜鸡精40x180克(二维码),太太乐三鲜鸡精调味料40×180g（二维码）,三鲜鸡精,1.0,7.9,7.8,吉林省,长春市,绿园区
3月,2026-03-31,2026,3,31,家凯拼多多,太太乐旗舰店,9126682,A01三鲜鸡精40x180克(二维码),太太乐三鲜鸡精调味料40×180g（二维码）,三鲜鸡精,3.0,20.7201,7.8,四川省,成都市,双流区
3月,2026-03-31,2026,3,31,家凯拼多多,太太乐旗舰店,9126682,A01三鲜鸡精40x180克(二维码),太太乐三鲜鸡精调味料40×180g（二维码）,三鲜鸡精,1.0,7.2315,7.8,四川省,遂宁市,大英县
3月,2026-03-31,2026,3,31,家凯拼多多,太太乐旗舰店,9126682,A01三鲜鸡精40x180克(二维码),太太乐三鲜鸡精调味料40×180g（二维码）,三鲜鸡精,1.0,8.58,7.8,天津,天津市,津南区
3月,2026-03-31,2026,3,31,家凯拼多多,太太乐旗舰店,9126682,A01三鲜鸡精40x180克(二维码),太太乐三鲜鸡精调味料40×180g（二维码）,三鲜鸡精,3.0,25.8999,7.8,安徽省,合肥市,包河区
3月,2026-03-31,2026,3,31,家凯拼多多,太太乐旗舰店,9126682,A01三鲜鸡精40x180克(二维码),太太乐三鲜鸡精调味料40×180g（二维码）,三鲜鸡精,1.0,9.122,7.8,安徽省,宣城市,宁国市
3月,2026-03-31,2026,3,31,家凯拼多多,太太乐旗舰店,9126682,A01三鲜鸡精40x180克(二维码),太太乐三鲜鸡精调味料40×180g（二维码）,三鲜鸡精,1.0,10.9,7.8,安徽省,芜湖市,弋江区
3月,2026-03-31,2026,3,31,家凯拼多多,太太乐旗舰店,9126682,A01三鲜鸡精40x180克(二维码),太太乐三鲜鸡精调味料40×180g（二维码）,三鲜鸡精,3.0,20.2101,7.8,安徽省,蚌埠市,龙子湖区
3月,2026-03-31,2026,3,31,家凯拼多多,太太乐旗舰店,9126682,A01三鲜鸡精40x180克(二维码),太太乐三鲜鸡精调味料40×180g（二维码）,三鲜鸡精,1.0,10.6,7.8,安徽省,阜阳市,临泉县
3月,2026-03-31,2026,3,31,家凯拼多多,太太乐旗舰店,9126682,A01三鲜鸡精40x180克(二维码),太太乐三鲜鸡精调味料40×180g（二维码）,三鲜鸡精,2.0,17.1204,7.8,安徽省,阜阳市,颍州区
3月,2026-03-31,2026,3,31,家凯拼多多,太太乐旗舰店,9126682,A01三鲜鸡精40x180克(二维码),太太乐三鲜鸡精调味料40×180g（二维码）,三鲜鸡精,1.0,9.122,7.8,安徽省,阜阳市,颍州区
3月,2026-03-31,2026,3,31,家凯拼多多,太太乐调味料专卖店,9126682,A01三鲜鸡精40x180克(二维码),太太乐三鲜鸡精调味料40×180g（二维码）,三鲜鸡精,15.0,109.9995,7.8,山东省,枣庄市,滕州市
3月,2026-03-31,2026,3,31,家凯拼多多,太太乐旗舰店,9126682,A01三鲜鸡精40x180克(二维码),太太乐三鲜鸡精调味料40×180g（二维码）,三鲜鸡精,1.0,7.7537,7.8,山东省,淄博市,张店区
3月,2026-03-31,2026,3,31,家凯拼多多,太太乐TOTOLE调味旗舰店,9126682,A01三鲜鸡精40x180克(二维码),太太乐三鲜鸡精调味料40×180g（二维码）,三鲜鸡精,1.0,10.9,7.8,山东省,淄博市,沂源县
3月,2026-03-31,2026,3,31,家凯拼多多,太太乐调味料专卖店,9126682,A01三鲜鸡精40x180克(二维码),太太乐三鲜鸡精调味料40×180g（二维码）,三鲜鸡精,15.0,109.9995,7.8,山东省,潍坊市,寒亭区
3月,2026-03-31,2026,3,31,家凯拼多多,太太乐旗舰店,9126682,A01三鲜鸡精40x180克(二维码),太太乐三鲜鸡精调味料40×180g（二维码）,三鲜鸡精,1.0,7.2976,7.8,山东省,烟台市,福山区
3月,2026-03-31,2026,3,31,家凯拼多多,太太乐旗舰店,9126682,A01三鲜鸡精40x180克(二维码),太太乐三鲜鸡精调味料40×180g（二维码）,三鲜鸡精,1.0,7.0134,7.8,山东省,聊城市,临清市
3月,2026-03-31,2026,3,31,家凯拼多多,太太乐旗舰店,9126682,A01三鲜鸡精40x180克(二维码),太太乐三鲜鸡精调味料40×180g（二维码）,三鲜鸡精,1.0,7.7537,7.8,广东省,东莞市,常平镇
3月,2026-03-31,2026,3,31,家凯拼多多,太太乐TOTOLE调味旗舰店,9126682,A01三鲜鸡精40x180克(二维码),太太乐三鲜鸡精调味料40×180g（二维码）,三鲜鸡精,2.0,18.9,7.8,广东省,佛山市,三水区
3月,2026-03-31,2026,3,31,家凯拼多多,太太乐旗舰店,9126682,A01三鲜鸡精40x180克(二维码),太太乐三鲜鸡精调味料40×180g（二维码）,三鲜鸡精,1.0,9.122,7.8,广东省,佛山市,禅城区
3月,2026-03-31,2026,3,31,家凯拼多多,太太乐TOTOLE调味旗舰店,9126682,A01三鲜鸡精40x180克(二维码),太太乐三鲜鸡精调味料40×180g（二维码）,三鲜鸡精,2.0,18.9,7.8,广东省,佛山市,顺德区
3月,2026-03-31,2026,3,31,家凯拼多多,太太乐旗舰店,9126682,A01三鲜鸡精40x180克(二维码),太太乐三鲜鸡精调味料40×180g（二维码）,三鲜鸡精,1.0,7.7537,7.8,广东省,佛山市,顺德区
3月,2026-03-31,2026,3,31,家凯拼多多,太太乐旗舰店,9126682,A01三鲜鸡精40x180克(二维码),太太乐三鲜鸡精调味料40×180g（二维码）,三鲜鸡精,1.0,10.6,7.8,广东省,广州市,天河区
3月,2026-03-31,2026,3,31,家凯拼多多,太太乐旗舰店,9126682,A01三鲜鸡精40x180克(二维码),太太乐三鲜鸡精调味料40×180g（二维码）,三鲜鸡精,1.0,10.9,7.8,广东省,广州市,海珠区
3月,2026-03-31,2026,3,31,家凯拼多多,太太乐旗舰店,9126682,A01三鲜鸡精40x180克(二维码),太太乐三鲜鸡精调味料40×180g（二维码）,三鲜鸡精,1.0,8.6659,7.8,广东省,广州市,黄埔区
3月,2026-03-31,2026,3,31,家凯拼多多,太太乐旗舰店,9126682,A01三鲜鸡精40x180克(二维码),太太乐三鲜鸡精调味料40×180g（二维码）,三鲜鸡精,8.0,58.2904,7.8,广东省,汕头市,澄海区
3月,2026-03-31,2026,3,31,家凯拼多多,太太乐旗舰店,9126682,A01三鲜鸡精40x180克(二维码),太太乐三鲜鸡精调味料40×180g（二维码）,三鲜鸡精,1.0,9.122,7.8,广东省,深圳市,光明区
3月,2026-03-31,2026,3,31,家凯拼多多,太太乐旗舰店,9126682,A01三鲜鸡精40x180克(二维码),太太乐三鲜鸡精调味料40×180g（二维码）,三鲜鸡精,1.0,9.0427,7.8,广东省,深圳市,宝安区
3月,2026-03-31,2026,3,31,家凯拼多多,太太乐旗舰店,9126682,A01三鲜鸡精40x180克(二维码),太太乐三鲜鸡精调味料40×180g（二维码）,三鲜鸡精,1.0,10.9,7.8,广东省,湛江市,遂溪县
3月,2026-03-31,2026,3,31,家凯拼多多,太太乐旗舰店,9126682,A01三鲜鸡精40x180克(二维码),太太乐三鲜鸡精调味料40×180g（二维码）,三鲜鸡精,4.0,30.9,7.8,广西壮族自治区,南宁市,良庆区
3月,2026-03-31,2026,3,31,家凯拼多多,太太乐旗舰店,9126682,A01三鲜鸡精40x180克(二维码),太太乐三鲜鸡精调味料40×180g（二维码）,三鲜鸡精,4.0,27.9,7.8,江苏省,南京市,栖霞区
3月,2026-03-31,2026,3,31,家凯拼多多,太太乐旗舰店,9126682,A01三鲜鸡精40x180克(二维码),太太乐三鲜鸡精调味料40×180g（二维码）,三鲜鸡精,1.0,8.4875,7.8,江苏省,南京市,栖霞区
3月,2026-03-31,2026,3,31,家凯拼多多,太太乐旗舰店,9126682,A01三鲜鸡精40x180克(二维码),太太乐三鲜鸡精调味料40×180g（二维码）,三鲜鸡精,1.0,9.122,7.8,江苏省,南通市,崇川区
3月,2026-03-31,2026,3,31,家凯拼多多,太太乐旗舰店,9126682,A01三鲜鸡精40x180克(二维码),太太乐三鲜鸡精调味料40×180g（二维码）,三鲜鸡精,4.0,26.27,7.8,江苏省,扬州市,宝应县
3月,2026-03-31,2026,3,31,家凯拼多多,太太乐旗舰店,9126682,A01三鲜鸡精40x180克(二维码),太太乐三鲜鸡精调味料40×180g（二维码）,三鲜鸡精,1.0,9.122,7.8,江苏省,泰州市,靖江市
3月,2026-03-31,2026,3,31,家凯拼多多,太太乐旗舰店,9126682,A01三鲜鸡精40x180克(二维码),太太乐三鲜鸡精调味料40×180g（二维码）,三鲜鸡精,1.0,7.2976,7.8,江苏省,苏州市,工业园区
3月,2026-03-31,2026,3,31,家凯拼多多,太太乐调味料专卖店,9126682,A01三鲜鸡精40x180克(二维码),太太乐三鲜鸡精调味料40×180g（二维码）,三鲜鸡精,40.0,254.54,7.8,江苏省,苏州市,张家港市
3月,2026-03-31,2026,3,31,家凯拼多多,太太乐旗舰店,9126682,A01三鲜鸡精40x180克(二维码),太太乐三鲜鸡精调味料40×180g（二维码）,三鲜鸡精,1.0,10.6,7.8,江苏省,苏州市,张家港市
3月,2026-03-31,2026,3,31,家凯拼多多,太太乐旗舰店,9126682,A01三鲜鸡精40x180克(二维码),太太乐三鲜鸡精调味料40×180g（二维码）,三鲜鸡精,2.0,17.1204,7.8,江苏省,连云港市,海州区
3月,2026-03-31,2026,3,31,家凯拼多多,太太乐旗舰店,9126682,A01三鲜鸡精40x180克(二维码),太太乐三鲜鸡精调味料40×180g（二维码）,三鲜鸡精,1.0,10.9,7.8,江苏省,镇江市,京口区
3月,2026-03-31,2026,3,31,家凯拼多多,太太乐旗舰店,9126682,A01三鲜鸡精40x180克(二维码),太太乐三鲜鸡精调味料40×180g（二维码）,三鲜鸡精,1.0,7.1125,7.8,江西省,九江市,柴桑区
3月,2026-03-31,2026,3,31,家凯拼多多,太太乐旗舰店,9126682,A01三鲜鸡精40x180克(二维码),太太乐三鲜鸡精调味料40×180g（二维码）,三鲜鸡精,1.0,7.7537,7.8,江西省,南昌市,东湖区
3月,2026-03-31,2026,3,31,家凯拼多多,太太乐旗舰店,9126682,A01三鲜鸡精40x180克(二维码),太太乐三鲜鸡精调味料40×180g（二维码）,三鲜鸡精,1.0,7.7537,7.8,江西省,新余市,分宜县
3月,2026-03-31,2026,3,31,家凯拼多多,太太乐旗舰店,9126682,A01三鲜鸡精40x180克(二维码),太太乐三鲜鸡精调味料40×180g（二维码）,三鲜鸡精,1.0,10.9,7.8,江西省,赣州市,全南县
3月,2026-03-31,2026,3,31,家凯拼多多,太太乐旗舰店,9126682,A01三鲜鸡精40x180克(二维码),太太乐三鲜鸡精调味料40×180g（二维码）,三鲜鸡精,4.0,30.9,7.8,河北省,廊坊市,三河市
3月,2026-03-31,2026,3,31,家凯拼多多,太太乐旗舰店,9126682,A01三鲜鸡精40x180克(二维码),太太乐三鲜鸡精调味料40×180g（二维码）,三鲜鸡精,4.0,27.81,7.8,河北省,省直辖县级行政区划,定州市
3月,2026-03-31,2026,3,31,家凯拼多多,太太乐旗舰店,9126682,A01三鲜鸡精40x180克(二维码),太太乐三鲜鸡精调味料40×180g（二维码）,三鲜鸡精,1.0,9.122,7.8,河北省,邯郸市,鸡泽县
3月,2026-03-31,2026,3,31,家凯拼多多,太太乐旗舰店,9126682,A01三鲜鸡精40x180克(二维码),太太乐三鲜鸡精调味料40×180g（二维码）,三鲜鸡精,4.0,30.9,7.8,河南省,开封市,杞县
3月,2026-03-31,2026,3,31,家凯拼多多,太太乐旗舰店,9126682,A01三鲜鸡精40x180克(二维码),太太乐三鲜鸡精调味料40×180g（二维码）,三鲜鸡精,4.0,29.36,7.8,浙江省,丽水市,庆元县
3月,2026-03-31,2026,3,31,家凯拼多多,太太乐旗舰店,9126682,A01三鲜鸡精40x180克(二维码),太太乐三鲜鸡精调味料40×180g（二维码）,三鲜鸡精,1.0,8.18,7.8,浙江省,台州市,临海市
3月,2026-03-31,2026,3,31,家凯拼多多,太太乐TOTOLE调味旗舰店,9126682,A01三鲜鸡精40x180克(二维码),太太乐三鲜鸡精调味料40×180g（二维码）,三鲜鸡精,2.0,13.9,7.8,浙江省,台州市,黄岩区
3月,2026-03-31,2026,3,31,家凯拼多多,太太乐TOTOLE调味旗舰店,9126682,A01三鲜鸡精40x180克(二维码),太太乐三鲜鸡精调味料40×180g（二维码）,三鲜鸡精,1.0,10.36,7.8,浙江省,宁波市,慈溪市
3月,2026-03-31,2026,3,31,家凯拼多多,太太乐旗舰店,9126682,A01三鲜鸡精40x180克(二维码),太太乐三鲜鸡精调味料40×180g（二维码）,三鲜鸡精,1.0,10.9,7.8,浙江省,杭州市,拱墅区
3月,2026-03-31,2026,3,31,家凯拼多多,太太乐旗舰店,9126682,A01三鲜鸡精40x180克(二维码),太太乐三鲜鸡精调味料40×180g（二维码）,三鲜鸡精,1.0,9.122,7.8,浙江省,杭州市,桐庐县
3月,2026-03-31,2026,3,31,家凯拼多多,太太乐旗舰店,9126682,A01三鲜鸡精40x180克(二维码),太太乐三鲜鸡精调味料40×180g（二维码）,三鲜鸡精,1.0,7.7537,7.8,浙江省,杭州市,淳安县
3月,2026-03-31,2026,3,31,家凯拼多多,太太乐调味料专卖店,9126682,A01三鲜鸡精40x180克(二维码),太太乐三鲜鸡精调味料40×180g（二维码）,三鲜鸡精,80.0,566.28,7.8,浙江省,杭州市,萧山区
3月,2026-03-31,2026,3,31,家凯拼多多,太太乐旗舰店,9126682,A01三鲜鸡精40x180克(二维码),太太乐三鲜鸡精调味料40×180g（二维码）,三鲜鸡精,1.0,7.7537,7.8,浙江省,杭州市,萧山区
3月,2026-03-31,2026,3,31,家凯拼多多,太太乐调味料专卖店,9126682,A01三鲜鸡精40x180克(二维码),太太乐三鲜鸡精调味料40×180g（二维码）,三鲜鸡精,40.0,266.0,7.8,浙江省,温州市,平阳县
3月,2026-03-31,2026,3,31,家凯拼多多,太太乐旗舰店,9126682,A01三鲜鸡精40x180克(二维码),太太乐三鲜鸡精调味料40×180g（二维码）,三鲜鸡精,1.0,9.01,7.8,浙江省,温州市,瑞安市
3月,2026-03-31,2026,3,31,家凯拼多多,太太乐调味料专卖店,9126682,A01三鲜鸡精40x180克(二维码),太太乐三鲜鸡精调味料40×180g（二维码）,三鲜鸡精,15.0,109.9995,7.8,浙江省,湖州市,安吉县
3月,2026-03-31,2026,3,31,家凯拼多多,太太乐调味料专卖店,9126682,A01三鲜鸡精40x180克(二维码),太太乐三鲜鸡精调味料40×180g（二维码）,三鲜鸡精,40.0,286.0,7.8,浙江省,绍兴市,新昌县
3月,2026-03-31,2026,3,31,家凯拼多多,太太乐旗舰店,9126682,A01三鲜鸡精40x180克(二维码),太太乐三鲜鸡精调味料40×180g（二维码）,三鲜鸡精,3.0,25.8999,7.8,浙江省,衢州市,柯城区
3月,2026-03-31,2026,3,31,家凯拼多多,太太乐旗舰店,9126682,A01三鲜鸡精40x180克(二维码),太太乐三鲜鸡精调味料40×180g（二维码）,三鲜鸡精,3.0,18.9843,7.8,浙江省,金华市,义乌市
3月,2026-03-31,2026,3,31,家凯拼多多,太太乐家凯专卖店,9126682,A01三鲜鸡精40x180克(二维码),太太乐三鲜鸡精调味料40×180g（二维码）,三鲜鸡精,30.0,217.8,7.8,海南省,海口市,龙华区
3月,2026-03-31,2026,3,31,家凯拼多多,太太乐旗舰店,9126682,A01三鲜鸡精40x180克(二维码),太太乐三鲜鸡精调味料40×180g（二维码）,三鲜鸡精,1.0,8.2098,7.8,海南省,琼海市,嘉积镇
3月,2026-03-31,2026,3,31,家凯拼多多,太太乐旗舰店,9126682,A01三鲜鸡精40x180克(二维码),太太乐三鲜鸡精调味料40×180g（二维码）,三鲜鸡精,1.0,8.2098,7.8,海南省,省直辖县级行政区划,澄迈县
3月,2026-03-31,2026,3,31,家凯拼多多,太太乐旗舰店,9126682,A01三鲜鸡精40x180克(二维码),太太乐三鲜鸡精调味料40×180g（二维码）,三鲜鸡精,1.0,8.2098,7.8,海南省,省直辖县级行政区划,陵水黎族自治县
3月,2026-03-31,2026,3,31,家凯拼多多,太太乐旗舰店,9126682,A01三鲜鸡精40x180克(二维码),太太乐三鲜鸡精调味料40×180g（二维码）,三鲜鸡精,1.0,10.9,7.8,湖北省,武汉市,江夏区
3月,2026-03-31,2026,3,31,家凯拼多多,太太乐旗舰店,9126682,A01三鲜鸡精40x180克(二维码),太太乐三鲜鸡精调味料40×180g（二维码）,三鲜鸡精,3.0,18.6801,7.8,湖北省,荆门市,钟祥市
3月,2026-03-31,2026,3,31,家凯拼多多,太太乐旗舰店,9126682,A01三鲜鸡精40x180克(二维码),太太乐三鲜鸡精调味料40×180g（二维码）,三鲜鸡精,4.0,27.81,7.8,湖北省,黄冈市,武穴市
3月,2026-03-31,2026,3,31,家凯拼多多,太太乐旗舰店,9126682,A01三鲜鸡精40x180克(二维码),太太乐三鲜鸡精调味料40×180g（二维码）,三鲜鸡精,4.0,30.9,7.8,湖南省,永州市,东安县
3月,2026-03-31,2026,3,31,家凯拼多多,太太乐旗舰店,9126682,A01三鲜鸡精40x180克(二维码),太太乐三鲜鸡精调味料40×180g（二维码）,三鲜鸡精,4.0,29.36,7.8,湖南省,永州市,江华瑶族自治县
3月,2026-03-31,2026,3,31,家凯拼多多,太太乐旗舰店,9126682,A01三鲜鸡精40x180克(二维码),太太乐三鲜鸡精调味料40×180g（二维码）,三鲜鸡精,2.0,15.22,7.8,湖南省,衡阳市,衡阳县
3月,2026-03-31,2026,3,31,家凯拼多多,太太乐旗舰店,9126682,A01三鲜鸡精40x180克(二维码),太太乐三鲜鸡精调味料40×180g（二维码）,三鲜鸡精,1.0,7.9256,7.8,湖南省,郴州市,永兴县
3月,2026-03-31,2026,3,31,家凯拼多多,太太乐旗舰店,9126682,A01三鲜鸡精40x180克(二维码),太太乐三鲜鸡精调味料40×180g（二维码）,三鲜鸡精,1.0,9.122,7.8,湖南省,长沙市,望城区
3月,2026-03-31,2026,3,31,家凯拼多多,太太乐旗舰店,9126682,A01三鲜鸡精40x180克(二维码),太太乐三鲜鸡精调味料40×180g（二维码）,三鲜鸡精,1.0,10.6,7.8,湖南省,长沙市,雨花区
3月,2026-03-31,2026,3,31,家凯拼多多,太太乐旗舰店,9126682,A01三鲜鸡精40x180克(二维码),太太乐三鲜鸡精调味料40×180g（二维码）,三鲜鸡精,1.0,9.122,7.8,甘肃省,兰州市,城关区
3月,2026-03-31,2026,3,31,家凯拼多多,太太乐旗舰店,9126682,A01三鲜鸡精40x180克(二维码),太太乐三鲜鸡精调味料40×180g（二维码）,三鲜鸡精,1.0,9.122,7.8,福建省,宁德市,福鼎市
3月,2026-03-31,2026,3,31,家凯拼多多,太太乐旗舰店,9126682,A01三鲜鸡精40x180克(二维码),太太乐三鲜鸡精调味料40×180g（二维码）,三鲜鸡精,4.0,24.72,7.8,福建省,泉州市,惠安县
3月,2026-03-31,2026,3,31,家凯拼多多,太太乐旗舰店,9126682,A01三鲜鸡精40x180克(二维码),太太乐三鲜鸡精调味料40×180g（二维码）,三鲜鸡精,1.0,9.122,7.8,福建省,福州市,晋安区
3月,2026-03-31,2026,3,31,家凯拼多多,太太乐调味料专卖店,9126682,A01三鲜鸡精40x180克(二维码),太太乐三鲜鸡精调味料40×180g（二维码）,三鲜鸡精,40.0,283.0,7.8,福建省,莆田市,仙游县
3月,2026-03-31,2026,3,31,家凯拼多多,太太乐调味料专卖店,9126682,A01三鲜鸡精40x180克(二维码),太太乐三鲜鸡精调味料40×180g（二维码）,三鲜鸡精,40.0,286.0,7.8,贵州省,毕节市,七星关区
3月,2026-03-31,2026,3,31,家凯拼多多,太太乐调味料专卖店,9126682,A01三鲜鸡精40x180克(二维码),太太乐三鲜鸡精调味料40×180g（二维码）,三鲜鸡精,40.0,286.0,7.8,贵州省,贵阳市,观山湖区
3月,2026-03-31,2026,3,31,家凯拼多多,太太乐旗舰店,9126682,A01三鲜鸡精40x180克(二维码),太太乐三鲜鸡精调味料40×180g（二维码）,三鲜鸡精,2.0,21.59,7.8,贵州省,黔南布依族苗族自治州,瓮安县
3月,2026-03-31,2026,3,31,家凯拼多多,太太乐旗舰店,9126682,A01三鲜鸡精40x180克(二维码),太太乐三鲜鸡精调味料40×180g（二维码）,三鲜鸡精,3.0,14.9001,7.8,辽宁省,丹东市,振兴区
3月,2026-03-31,2026,3,31,家凯拼多多,太太乐旗舰店,9126682,A01三鲜鸡精40x180克(二维码),太太乐三鲜鸡精调味料40×180g（二维码）,三鲜鸡精,1.0,10.9,7.8,辽宁省,丹东市,振兴区
3月,2026-03-31,2026,3,31,家凯拼多多,太太乐调味料专卖店,9126682,A01三鲜鸡精40x180克(二维码),太太乐三鲜鸡精调味料40×180g（二维码）,三鲜鸡精,3.0,20.4174,7.8,辽宁省,大连市,长海县
3月,2026-03-31,2026,3,31,家凯拼多多,太太乐TOTOLE调味旗舰店,9126682,A01三鲜鸡精40x180克(二维码),太太乐三鲜鸡精调味料40×180g（二维码）,三鲜鸡精,1.0,10.9,7.8,辽宁省,沈阳市,铁西区
3月,2026-03-31,2026,3,31,家凯拼多多,太太乐调味料专卖店,9126682,A01三鲜鸡精40x180克(二维码),太太乐三鲜鸡精调味料40×180g（二维码）,三鲜鸡精,15.0,106.5495,7.8,辽宁省,铁岭市,调兵山市
3月,2026-03-31,2026,3,31,家凯拼多多,太太乐旗舰店,9126682,A01三鲜鸡精40x180克(二维码),太太乐三鲜鸡精调味料40×180g（二维码）,三鲜鸡精,1.0,10.9,7.8,重庆,重庆市,江北区
3月,2026-03-31,2026,3,31,家凯拼多多,太太乐旗舰店,9126682,A01三鲜鸡精40x180克(二维码),太太乐三鲜鸡精调味料40×180g（二维码）,三鲜鸡精,1.0,0.6,7.8,黑龙江省,哈尔滨市,道里区
